vehicle_category,vehicle_type,engine_cc,cylinders,horsepower,weight_kg,transmission,fuel_type,cooling_system,daily_distance_km,daily_income,fuel_price_per_liter,year,fuel_efficiency_kmpl,label
Roda2,Matic,128.6,1,12.4,106.6,CVT,Bensin,Air-cooled,78.9,275803.0,12062.0,2015,43.16,Hemat
Roda2,Sport,159.6,2,17.5,126.1,Manual,Bensin,Liquid-cooled,32.9,210249.0,10008.0,2020,33.12,Hemat
Roda2,Matic,118.1,1,10.2,98.2,CVT,Bensin,Air-cooled,35.3,86413.0,11296.0,2019,54.98,Hemat
Roda2,Sport,193.8,1,23.2,144.3,Manual,Bensin,Liquid-cooled,58.7,153309.0,10249.0,2015,28.0,Boros
Roda4,City Car,1393.3,4,101.0,1034.5,Manual,Bensin,Liquid-cooled,70.4,135464.0,10069.0,2020,13.0,Boros
Roda2,Sport,233.0,2,28.2,158.9,Manual,Bensin,Liquid-cooled,65.5,225789.0,10103.0,2020,28.0,Boros
Roda2,Matic,121.9,1,9.5,101.8,CVT,Bensin,Liquid-cooled,22.1,84875.0,11097.0,2021,52.74,Hemat
Roda2,Matic,143.3,1,12.2,110.9,CVT,Bensin,Air-cooled,63.8,101318.0,12778.0,2022,41.24,Boros
Roda4,City Car,1026.3,3,66.4,807.6,Automatic,Bensin,Liquid-cooled,83.5,272997.0,12009.0,2026,17.49,Hemat
Roda2,Sport Besar,386.6,2,41.3,164.3,Manual,Bensin,Liquid-cooled,42.8,78184.0,13683.0,2019,20.34,Boros
Roda2,Matic,155.5,1,15.8,121.2,CVT,Bensin,Liquid-cooled,65.0,187381.0,12652.0,2016,35.0,Boros
Roda2,Sport,206.4,1,24.2,147.6,Manual,Bensin,Liquid-cooled,75.6,213004.0,10618.0,2019,28.0,Boros
Roda2,Sport,194.3,2,23.9,135.5,Manual,Bensin,Liquid-cooled,62.8,220244.0,13705.0,2026,28.81,Boros
Roda4,City Car,1178.9,3,81.3,884.4,Manual,Bensin,Liquid-cooled,43.4,138084.0,13195.0,2024,16.7,Hemat
Roda4,City Car,1427.6,3,102.2,1045.4,Automatic,Bensin,Liquid-cooled,84.5,157042.0,13331.0,2016,13.0,Boros
Roda4,City Car,1364.0,4,98.0,1003.4,CVT,Bensin,Liquid-cooled,35.8,437944.0,10378.0,2016,13.0,Boros
Roda4,SUV,1505.8,4,100.0,1212.2,CVT,Hybrid,Liquid-cooled,71.0,419442.0,14427.0,2019,12.96,Hemat
Roda4,City Car,1024.7,4,66.7,803.6,Manual,Bensin,Liquid-cooled,46.3,272876.0,13405.0,2017,17.34,Hemat
Roda2,Sport,151.8,2,15.0,120.0,Manual,Bensin,Liquid-cooled,38.1,134220.0,12486.0,2021,45.78,Hemat
Roda2,Sport,247.3,2,27.3,169.3,Manual,Bensin,Liquid-cooled,72.8,76780.0,11394.0,2026,28.0,Boros
Roda4,City Car,1302.5,3,91.9,961.1,Manual,Bensin,Liquid-cooled,34.1,470961.0,10551.0,2023,13.0,Boros
Roda4,MPV,1727.4,4,125.7,1398.4,Automatic,Diesel,Liquid-cooled,39.1,326802.0,9096.0,2019,9.0,Boros
Roda4,MPV,1776.8,4,130.0,1474.8,Manual,Diesel,Liquid-cooled,69.4,190544.0,9242.0,2017,9.0,Boros
Roda4,SUV,1703.2,4,113.3,1330.1,Manual,Diesel,Liquid-cooled,41.6,551907.0,7552.0,2016,10.95,Boros
Roda2,Bebek,129.6,1,10.7,102.6,Manual,Bensin,Air-cooled,16.3,290386.0,13148.0,2022,42.0,Boros
Roda2,Sport Besar,296.8,3,28.7,172.2,Manual,Bensin,Liquid-cooled,38.4,103072.0,12453.0,2021,27.08,Hemat
Roda4,SUV,1823.5,4,126.8,1542.4,Automatic,Hybrid,Liquid-cooled,27.7,230953.0,14192.0,2020,9.36,Boros
Roda2,Sport Besar,406.9,2,50.8,191.1,Manual,Bensin,Liquid-cooled,36.9,165396.0,11060.0,2021,16.0,Boros
Roda2,Bebek,145.3,1,11.2,109.0,Manual,Bensin,Air-cooled,26.1,221300.0,13829.0,2017,42.0,Boros
Roda2,Sport,221.3,2,23.3,151.1,Manual,Bensin,Liquid-cooled,53.9,145169.0,13088.0,2015,28.0,Boros
Roda2,Matic,110.2,1,9.1,95.0,CVT,Bensin,Air-cooled,73.1,282501.0,11496.0,2023,57.48,Hemat
Roda4,SUV,1979.7,4,150.0,1600.0,Manual,Diesel,Liquid-cooled,57.5,410961.0,9612.0,2021,8.0,Boros
Roda4,SUV,1684.5,4,126.1,1332.5,CVT,Bensin,Liquid-cooled,41.9,427330.0,10697.0,2019,10.1,Boros
Roda2,Matic,113.1,1,10.3,96.5,CVT,Bensin,Air-cooled,34.3,219951.0,11026.0,2016,41.2,Boros
Roda4,SUV,1770.1,4,122.7,1434.9,CVT,Bensin,Liquid-cooled,19.6,552153.0,13196.0,2022,8.5,Boros
Roda2,Matic,142.2,1,12.4,115.3,CVT,Bensin,Liquid-cooled,71.6,290226.0,13483.0,2015,35.0,Boros
Roda4,MPV,1336.7,4,85.0,1198.6,Manual,Bensin,Liquid-cooled,69.7,197343.0,12154.0,2025,14.92,Hemat
Roda4,City Car,1498.4,4,102.8,1100.0,CVT,Bensin,Liquid-cooled,52.2,510604.0,12859.0,2016,13.0,Boros
Roda2,Bebek,102.1,1,7.0,92.1,Manual,Bensin,Air-cooled,49.0,135683.0,10525.0,2021,58.03,Hemat
Roda2,Matic,149.7,1,14.7,112.6,CVT,Bensin,Air-cooled,58.9,127743.0,10389.0,2020,35.0,Boros
Roda2,Sport,183.9,1,19.7,134.9,Manual,Bensin,Liquid-cooled,20.9,218088.0,10101.0,2021,28.0,Boros
Roda2,Sport,237.0,1,27.8,164.6,Manual,Bensin,Liquid-cooled,53.5,252046.0,11589.0,2026,28.0,Boros
Roda4,MPV,1693.8,4,130.0,1387.9,Automatic,Bensin,Liquid-cooled,46.8,431022.0,12006.0,2017,9.0,Boros
Roda2,Sport,216.4,1,23.5,155.5,Manual,Bensin,Liquid-cooled,10.4,139749.0,12001.0,2020,28.0,Boros
Roda2,Sport Besar,287.6,4,26.6,160.0,Manual,Bensin,Liquid-cooled,38.9,285099.0,12990.0,2018,27.47,Hemat
Roda4,MPV,1360.7,4,89.4,1150.3,Manual,Bensin,Liquid-cooled,49.6,432557.0,10669.0,2026,13.81,Hemat
Roda2,Matic,139.1,1,13.6,114.2,CVT,Bensin,Liquid-cooled,53.7,189677.0,10232.0,2025,35.0,Boros
Roda4,MPV,1562.6,4,110.9,1321.4,CVT,Diesel,Liquid-cooled,25.8,264392.0,7556.0,2026,13.0,Hemat
Roda4,City Car,1156.4,3,77.2,899.9,Automatic,Bensin,Liquid-cooled,29.3,198936.0,13018.0,2021,15.38,Hemat
Roda4,MPV,1459.0,4,95.9,1188.1,Manual,Bensin,Liquid-cooled,67.0,124420.0,10173.0,2019,12.87,Hemat
Roda2,Sport,192.3,1,22.2,147.0,Manual,Bensin,Liquid-cooled,66.6,245741.0,11617.0,2025,28.0,Boros
Roda4,City Car,1105.6,4,72.9,849.6,Manual,Bensin,Liquid-cooled,58.0,534706.0,13776.0,2016,15.36,Hemat
Roda4,City Car,1137.1,4,73.8,957.6,CVT,Bensin,Liquid-cooled,91.1,413058.0,11777.0,2019,14.74,Boros
Roda4,SUV,1747.8,4,128.9,1374.4,DCT,Hybrid,Liquid-cooled,15.7,478690.0,14306.0,2026,12.09,Hemat
Roda2,Matic,123.4,1,10.3,104.2,CVT,Bensin,Air-cooled,31.8,80270.0,13372.0,2019,55.37,Hemat
Roda4,SUV,1868.5,4,135.0,1414.8,CVT,Bensin,Liquid-cooled,38.7,335894.0,12899.0,2023,8.45,Boros
Roda2,Matic,150.8,1,15.4,122.9,CVT,Bensin,Liquid-cooled,13.1,190489.0,11597.0,2021,35.0,Boros
Roda4,SUV,1781.7,4,122.4,1387.3,Manual,Bensin,Liquid-cooled,71.9,363901.0,13017.0,2025,8.75,Boros
Roda4,SUV,1853.5,4,135.8,1475.1,CVT,Diesel,Liquid-cooled,15.2,412833.0,8986.0,2023,8.0,Boros
Roda2,Matic,115.0,1,10.5,95.0,CVT,Bensin,Liquid-cooled,25.1,95851.0,11683.0,2016,47.52,Hemat
Roda4,MPV,1571.2,4,114.2,1288.1,Automatic,Bensin,Liquid-cooled,47.8,406787.0,13363.0,2019,10.61,Boros
Roda2,Sport,161.0,1,15.0,129.0,Manual,Bensin,Liquid-cooled,53.4,216491.0,13049.0,2019,38.2,Hemat
Roda2,Bebek,111.7,1,8.1,92.5,Manual,Bensin,Air-cooled,74.9,154907.0,10197.0,2016,44.4,Boros
Roda2,Sport,213.8,2,27.0,146.6,Manual,Bensin,Liquid-cooled,57.4,215390.0,10457.0,2021,28.0,Boros
Roda4,City Car,1418.1,3,97.5,1100.0,CVT,Bensin,Liquid-cooled,26.2,346076.0,12205.0,2023,13.0,Boros
Roda4,SUV,1670.3,4,121.1,1304.5,Manual,Bensin,Liquid-cooled,39.2,219404.0,10268.0,2024,10.48,Boros
Roda4,MPV,1582.6,4,116.0,1258.9,CVT,Diesel,Liquid-cooled,74.8,231346.0,8418.0,2023,11.76,Boros
Roda4,MPV,1301.2,4,90.1,1130.6,CVT,Diesel,Liquid-cooled,22.9,232084.0,8530.0,2025,16.06,Hemat
Roda2,Matic,149.4,1,13.8,120.6,CVT,Bensin,Air-cooled,15.4,289932.0,13428.0,2023,35.0,Boros
Roda4,City Car,1269.6,3,84.6,954.6,CVT,Bensin,Liquid-cooled,73.6,319847.0,13480.0,2024,13.65,Boros
Roda2,Sport Besar,333.9,2,30.8,169.0,Manual,Bensin,Liquid-cooled,44.3,286534.0,11517.0,2026,22.41,Hemat
Roda2,Bebek,101.7,1,7.0,90.8,Manual,Bensin,Air-cooled,27.7,105056.0,11905.0,2019,60.98,Hemat
Roda4,City Car,1498.3,3,105.0,1077.9,CVT,Bensin,Liquid-cooled,82.0,352986.0,11903.0,2018,13.0,Boros
Roda4,City Car,1275.2,4,91.9,948.2,Automatic,Bensin,Liquid-cooled,80.4,235721.0,10009.0,2020,13.0,Boros
Roda4,SUV,1513.9,4,105.8,1204.7,Automatic,Hybrid,Liquid-cooled,41.3,270296.0,14215.0,2017,15.03,Hemat
Roda2,Matic,110.9,1,10.0,95.0,CVT,Bensin,Air-cooled,21.4,80707.0,13766.0,2015,44.66,Hemat
Roda2,Matic,144.1,1,13.8,120.4,CVT,Bensin,Liquid-cooled,79.3,98043.0,10338.0,2017,35.0,Boros
Roda4,MPV,1535.4,4,104.7,1326.3,Automatic,Bensin,Liquid-cooled,30.9,255241.0,12067.0,2025,10.2,Boros
Roda2,Matic,146.0,1,14.3,119.6,CVT,Bensin,Liquid-cooled,49.4,68655.0,11358.0,2025,35.0,Boros
Roda4,City Car,1020.5,3,68.1,800.0,CVT,Bensin,Liquid-cooled,25.2,228647.0,12032.0,2016,19.44,Hemat
Roda4,MPV,1771.2,4,127.1,1457.7,Automatic,Bensin,Liquid-cooled,60.8,341230.0,11821.0,2022,9.0,Boros
Roda2,Sport Besar,538.1,4,60.6,210.8,Manual,Bensin,Liquid-cooled,33.4,214414.0,10711.0,2022,16.11,Boros
Roda2,Bebek,141.0,1,11.5,103.9,Manual,Bensin,Air-cooled,26.6,70991.0,13003.0,2026,42.0,Boros
Roda2,Sport,231.3,1,23.7,164.5,Manual,Bensin,Liquid-cooled,32.7,279295.0,12547.0,2026,28.0,Boros
Roda2,Matic,143.3,1,14.1,111.5,CVT,Bensin,Liquid-cooled,62.0,113017.0,11771.0,2025,35.0,Boros
Roda4,SUV,1746.6,4,131.5,1410.5,Automatic,Hybrid,Liquid-cooled,49.5,417232.0,13938.0,2026,11.18,Hemat
Roda4,MPV,1431.5,4,97.1,1211.6,Manual,Bensin,Liquid-cooled,84.4,167860.0,10059.0,2020,12.73,Hemat
Roda4,City Car,1002.6,3,65.6,807.0,Manual,Bensin,Liquid-cooled,79.3,538930.0,12594.0,2023,16.61,Hemat
Roda2,Matic,124.7,1,11.6,100.3,CVT,Bensin,Air-cooled,15.0,171552.0,12329.0,2026,47.88,Hemat
Roda2,Bebek,131.7,1,11.1,101.8,Manual,Bensin,Air-cooled,51.4,91475.0,10096.0,2026,44.16,Boros
Roda4,City Car,1003.4,4,72.1,817.2,CVT,Bensin,Liquid-cooled,43.5,395553.0,13015.0,2018,17.75,Hemat
Roda4,City Car,1095.1,3,70.4,847.5,Manual,Bensin,Liquid-cooled,57.9,145765.0,11153.0,2020,15.55,Hemat
Roda2,Bebek,106.3,1,7.7,90.4,Manual,Bensin,Air-cooled,21.6,64776.0,12694.0,2023,59.39,Hemat
Roda4,SUV,1849.7,4,139.6,1472.8,Automatic,Hybrid,Liquid-cooled,90.9,112295.0,13918.0,2017,8.0,Boros
Roda2,Matic,152.8,1,14.6,122.2,CVT,Bensin,Liquid-cooled,58.0,160002.0,11479.0,2022,36.39,Boros
Roda2,Bebek,131.9,1,10.1,104.6,Manual,Bensin,Air-cooled,16.9,205739.0,11743.0,2022,42.0,Boros
Roda2,Matic,116.3,1,9.1,103.6,CVT,Bensin,Air-cooled,20.3,188040.0,12936.0,2026,49.37,Hemat
Roda4,MPV,1339.7,4,89.7,1105.0,Manual,Diesel,Liquid-cooled,27.4,586766.0,12079.0,2024,14.68,Hemat
Roda4,SUV,1797.9,4,125.9,1454.8,CVT,Bensin,Liquid-cooled,61.6,206055.0,13615.0,2015,8.0,Boros
Roda2,Sport,189.0,2,21.9,145.1,Manual,Bensin,Liquid-cooled,79.8,239102.0,12866.0,2020,28.0,Boros
Roda2,Matic,113.0,1,9.9,95.8,CVT,Bensin,Air-cooled,28.5,181906.0,12018.0,2016,49.35,Hemat
Roda2,Matic,154.3,1,14.9,119.6,CVT,Bensin,Air-cooled,25.2,92431.0,10001.0,2023,35.0,Boros
Roda2,Sport,224.6,2,28.6,152.1,Manual,Bensin,Liquid-cooled,28.7,253435.0,13823.0,2023,28.0,Boros
Roda4,SUV,1544.0,4,106.4,1261.1,DCT,Bensin,Liquid-cooled,41.6,294125.0,10913.0,2024,12.22,Hemat
Roda4,SUV,1578.9,4,106.0,1222.6,Automatic,Bensin,Liquid-cooled,93.2,473085.0,11409.0,2020,11.71,Hemat
Roda4,City Car,1132.7,3,70.6,846.6,CVT,Bensin,Liquid-cooled,21.7,114575.0,13482.0,2019,17.35,Hemat
Roda2,Sport Besar,353.1,3,39.7,173.5,Manual,Bensin,Liquid-cooled,76.9,52335.0,10755.0,2015,17.06,Boros
Roda2,Matic,153.5,1,14.9,122.7,CVT,Bensin,Air-cooled,28.9,61659.0,11686.0,2016,35.0,Boros
Roda4,City Car,1052.0,3,72.8,833.8,Automatic,Bensin,Liquid-cooled,52.7,276038.0,11914.0,2016,15.19,Hemat
Roda2,Matic,154.8,1,15.2,123.3,CVT,Bensin,Liquid-cooled,79.5,163928.0,12784.0,2020,35.0,Boros
Roda2,Matic,143.2,1,15.8,109.5,CVT,Bensin,Liquid-cooled,46.2,254777.0,12134.0,2024,35.0,Boros
Roda4,MPV,1657.9,4,112.3,1344.6,Automatic,Bensin,Liquid-cooled,96.4,453659.0,10630.0,2021,9.0,Boros
Roda2,Sport,175.8,2,20.3,136.6,Manual,Bensin,Liquid-cooled,49.7,149308.0,13396.0,2019,28.0,Boros
Roda2,Bebek,148.9,1,11.3,110.0,Manual,Bensin,Air-cooled,57.0,158831.0,12142.0,2026,42.0,Boros
Roda4,City Car,1217.7,3,70.1,908.1,CVT,Bensin,Liquid-cooled,90.3,449912.0,13637.0,2016,13.04,Boros
Roda4,City Car,1042.3,3,76.4,825.6,Automatic,Bensin,Liquid-cooled,97.4,274511.0,13636.0,2025,17.37,Hemat
Roda4,SUV,1941.0,4,137.7,1600.0,DCT,Hybrid,Liquid-cooled,84.7,172074.0,13931.0,2023,9.26,Boros
Roda2,Matic,141.3,1,15.0,121.2,CVT,Bensin,Liquid-cooled,73.2,268929.0,13126.0,2020,35.0,Boros
Roda2,Matic,138.6,1,13.2,115.7,CVT,Bensin,Liquid-cooled,41.5,97158.0,11981.0,2019,35.0,Boros
Roda4,MPV,1363.4,4,87.1,1200.9,Automatic,Bensin,Liquid-cooled,50.7,466361.0,11617.0,2019,9.0,Boros
Roda2,Sport,180.4,2,19.0,144.3,Manual,Bensin,Liquid-cooled,39.1,90496.0,10694.0,2026,32.81,Boros
Roda4,MPV,1474.2,4,100.3,1251.8,Automatic,Diesel,Liquid-cooled,30.0,543898.0,8384.0,2016,12.69,Hemat
Roda4,SUV,1968.2,4,149.2,1580.6,CVT,Diesel,Liquid-cooled,76.1,469629.0,12111.0,2025,8.0,Boros
Roda2,Matic,131.4,1,12.0,110.7,CVT,Bensin,Liquid-cooled,74.5,94279.0,12061.0,2020,35.0,Boros
Roda4,MPV,1773.0,4,130.0,1500.0,Manual,Diesel,Liquid-cooled,36.5,428300.0,9930.0,2025,9.0,Boros
Roda2,Matic,134.2,1,12.3,104.5,CVT,Bensin,Liquid-cooled,56.9,273597.0,10223.0,2020,37.6,Boros
Roda2,Matic,136.3,1,12.9,105.2,CVT,Bensin,Air-cooled,58.8,218425.0,10994.0,2023,43.24,Hemat
Roda4,SUV,1898.3,4,144.3,1474.5,Automatic,Diesel,Liquid-cooled,80.1,379834.0,11111.0,2019,8.0,Boros
Roda4,City Car,1243.7,3,84.9,940.1,Automatic,Bensin,Liquid-cooled,61.0,490668.0,10238.0,2022,13.0,Boros
Roda4,City Car,1279.8,3,93.1,971.6,Automatic,Bensin,Liquid-cooled,60.9,520489.0,12050.0,2025,13.0,Boros
Roda4,MPV,1633.9,4,113.6,1397.5,CVT,Diesel,Liquid-cooled,49.1,383626.0,10151.0,2017,9.93,Boros
Roda2,Bebek,104.8,1,7.6,90.2,Manual,Bensin,Air-cooled,72.0,283576.0,13574.0,2016,47.66,Boros
Roda4,City Car,1253.0,4,91.5,1074.8,Automatic,Bensin,Liquid-cooled,53.5,339897.0,12597.0,2021,13.0,Boros
Roda4,SUV,1897.3,4,137.2,1564.8,DCT,Hybrid,Liquid-cooled,38.3,464876.0,14277.0,2018,10.69,Boros
Roda2,Sport Besar,359.7,3,32.9,203.9,Manual,Bensin,Liquid-cooled,23.6,183031.0,12228.0,2022,17.47,Boros
Roda4,MPV,1579.2,4,109.2,1244.8,Manual,Bensin,Liquid-cooled,83.5,195539.0,11786.0,2018,10.75,Boros
Roda2,Matic,123.9,1,10.9,97.0,CVT,Bensin,Air-cooled,20.1,61491.0,13421.0,2016,45.66,Hemat
Roda4,MPV,1698.5,4,113.0,1376.6,Automatic,Diesel,Liquid-cooled,74.3,385092.0,7148.0,2023,10.69,Boros
Roda2,Sport Besar,268.7,4,35.7,160.0,Manual,Bensin,Liquid-cooled,43.5,86299.0,12679.0,2020,27.01,Hemat
Roda4,SUV,1582.5,4,111.1,1200.0,Automatic,Hybrid,Liquid-cooled,72.8,116215.0,14206.0,2020,14.18,Hemat
Roda4,SUV,1724.9,4,118.7,1356.0,CVT,Diesel,Liquid-cooled,95.0,315124.0,7330.0,2015,9.94,Boros
Roda4,SUV,1536.5,4,111.4,1227.8,CVT,Hybrid,Liquid-cooled,82.8,233531.0,14394.0,2020,13.42,Hemat
Roda2,Sport,178.4,1,22.5,130.8,Manual,Bensin,Liquid-cooled,64.5,130986.0,10526.0,2015,28.12,Boros
Roda4,SUV,1548.5,4,100.9,1200.0,CVT,Bensin,Liquid-cooled,36.9,555771.0,13366.0,2026,14.69,Hemat
Roda2,Matic,130.6,1,11.9,104.0,CVT,Bensin,Liquid-cooled,27.7,279745.0,12613.0,2022,44.59,Hemat
Roda2,Matic,133.2,1,12.3,106.6,CVT,Bensin,Air-cooled,37.2,164365.0,13859.0,2025,40.43,Boros
Roda2,Bebek,148.4,1,11.4,104.2,Manual,Bensin,Air-cooled,77.3,183909.0,12411.0,2026,42.0,Boros
Roda2,Sport,209.4,2,22.6,155.5,Manual,Bensin,Liquid-cooled,48.3,214860.0,13751.0,2015,28.0,Boros
Roda4,SUV,1535.4,4,102.3,1214.2,CVT,Diesel,Liquid-cooled,82.2,376769.0,7689.0,2024,14.42,Hemat
Roda2,Sport Besar,570.0,2,56.9,231.6,Manual,Bensin,Liquid-cooled,55.8,122431.0,13850.0,2022,16.0,Boros
Roda2,Sport,195.6,1,23.8,149.2,Manual,Bensin,Liquid-cooled,68.5,230461.0,10913.0,2015,28.0,Boros
Roda2,Sport Besar,537.0,4,59.9,228.4,Manual,Bensin,Liquid-cooled,22.5,77766.0,12152.0,2016,16.0,Boros
Roda2,Sport Besar,466.4,3,48.8,195.5,Manual,Bensin,Liquid-cooled,41.7,239676.0,11640.0,2016,16.2,Boros
Roda2,Sport Besar,598.6,4,60.5,235.2,Manual,Bensin,Liquid-cooled,66.0,210897.0,10651.0,2025,16.0,Boros
Roda2,Sport Besar,380.7,2,38.6,189.0,Manual,Bensin,Liquid-cooled,33.5,250960.0,10418.0,2020,21.99,Boros
Roda2,Matic,113.4,1,9.3,97.4,CVT,Bensin,Air-cooled,51.6,238847.0,10540.0,2021,52.32,Hemat
Roda4,SUV,1825.5,4,133.4,1428.6,DCT,Hybrid,Liquid-cooled,35.6,563182.0,14276.0,2018,10.91,Boros
Roda4,MPV,1566.0,4,107.2,1319.6,Automatic,Diesel,Liquid-cooled,40.9,261084.0,12313.0,2023,10.78,Boros
Roda2,Bebek,149.4,1,12.0,110.0,Manual,Bensin,Air-cooled,47.2,164491.0,11547.0,2026,42.0,Boros
Roda2,Bebek,109.4,1,8.5,92.5,Manual,Bensin,Air-cooled,46.7,262012.0,13276.0,2018,54.43,Hemat
Roda4,SUV,1755.2,4,120.7,1498.2,Automatic,Diesel,Liquid-cooled,78.7,176833.0,12686.0,2026,10.23,Boros
Roda4,SUV,1579.0,4,100.0,1294.2,Manual,Hybrid,Liquid-cooled,37.8,365231.0,14065.0,2015,12.7,Hemat
Roda2,Bebek,104.7,1,7.6,90.0,Manual,Bensin,Air-cooled,59.0,261665.0,13340.0,2017,59.16,Hemat
Roda2,Matic,142.6,1,14.4,117.9,CVT,Bensin,Liquid-cooled,48.6,129803.0,11655.0,2021,35.0,Boros
Roda4,City Car,1418.6,4,105.0,1095.9,Automatic,Bensin,Liquid-cooled,95.9,277914.0,11708.0,2023,13.0,Boros
Roda2,Matic,129.0,1,11.4,104.1,CVT,Bensin,Liquid-cooled,39.1,291188.0,12866.0,2024,42.69,Hemat
Roda4,MPV,1652.1,4,117.6,1417.5,CVT,Diesel,Liquid-cooled,83.3,342721.0,8587.0,2020,9.95,Boros
Roda4,MPV,1585.2,4,108.4,1281.9,Manual,Diesel,Liquid-cooled,60.0,214106.0,8038.0,2022,11.69,Boros
Roda4,SUV,1661.8,4,118.5,1334.1,DCT,Bensin,Liquid-cooled,84.0,233699.0,11251.0,2017,9.12,Boros
Roda4,MPV,1312.3,4,85.0,1100.0,Manual,Diesel,Liquid-cooled,27.3,484192.0,12104.0,2015,15.95,Hemat
Roda4,City Car,1320.2,3,99.3,985.5,CVT,Bensin,Liquid-cooled,61.5,571278.0,10166.0,2018,13.0,Boros
Roda2,Matic,149.6,1,13.7,115.2,CVT,Bensin,Liquid-cooled,54.3,272648.0,11333.0,2021,35.0,Boros
Roda2,Bebek,100.7,1,7.0,92.4,Manual,Bensin,Air-cooled,16.4,231599.0,12135.0,2025,49.49,Hemat
Roda4,MPV,1609.5,4,108.7,1391.5,CVT,Diesel,Liquid-cooled,54.4,370671.0,7281.0,2018,10.98,Boros
Roda2,Matic,126.1,1,12.9,103.6,CVT,Bensin,Air-cooled,51.7,57840.0,10664.0,2024,39.53,Boros
Roda4,SUV,1776.6,4,133.6,1419.0,Manual,Bensin,Liquid-cooled,72.8,562766.0,10336.0,2019,9.19,Boros
Roda4,SUV,1630.0,4,108.3,1298.4,CVT,Diesel,Liquid-cooled,96.3,562243.0,10712.0,2020,12.25,Hemat
Roda4,City Car,1000.9,4,65.0,800.0,Automatic,Bensin,Liquid-cooled,94.6,553182.0,13450.0,2023,18.26,Hemat
Roda2,Matic,143.2,1,12.8,113.2,CVT,Bensin,Liquid-cooled,33.0,223485.0,13354.0,2025,35.0,Boros
Roda4,MPV,1358.4,4,95.4,1123.7,CVT,Diesel,Liquid-cooled,23.4,106142.0,9990.0,2015,13.09,Hemat
Roda4,MPV,1407.0,4,98.6,1182.6,Automatic,Diesel,Liquid-cooled,48.3,136599.0,9880.0,2026,16.55,Hemat
Roda4,MPV,1600.5,4,118.6,1336.4,Automatic,Bensin,Liquid-cooled,50.0,424276.0,11931.0,2017,10.02,Boros
Roda2,Bebek,103.7,1,7.9,94.9,Manual,Bensin,Air-cooled,39.6,246266.0,10763.0,2018,54.16,Hemat
Roda4,SUV,1862.3,4,133.2,1448.0,Automatic,Hybrid,Liquid-cooled,80.5,360559.0,13912.0,2019,8.53,Boros
Roda4,City Car,1452.5,4,98.2,1095.8,Automatic,Bensin,Liquid-cooled,74.2,251508.0,10863.0,2016,13.0,Boros
Roda4,MPV,1768.7,4,130.0,1480.2,CVT,Diesel,Liquid-cooled,55.6,214555.0,9547.0,2021,9.0,Boros
Roda2,Sport Besar,435.3,3,53.1,187.1,Manual,Bensin,Liquid-cooled,35.4,73682.0,11769.0,2018,22.55,Hemat
Roda2,Matic,149.1,1,15.5,117.8,CVT,Bensin,Liquid-cooled,48.3,135426.0,11080.0,2021,35.0,Boros
Roda4,SUV,1782.3,4,126.3,1422.3,Manual,Hybrid,Liquid-cooled,19.2,297037.0,13947.0,2021,9.01,Boros
Roda2,Matic,110.9,1,10.1,95.5,CVT,Bensin,Air-cooled,58.7,224659.0,12745.0,2016,45.86,Hemat
Roda2,Matic,150.3,1,13.8,123.7,CVT,Bensin,Liquid-cooled,77.0,100362.0,13369.0,2025,35.0,Boros
Roda2,Sport Besar,318.7,4,33.4,176.2,Manual,Bensin,Liquid-cooled,22.3,75348.0,11222.0,2025,20.84,Boros
Roda2,Bebek,105.7,1,7.5,93.7,Manual,Bensin,Air-cooled,14.3,194202.0,10465.0,2024,51.39,Hemat
Roda2,Matic,124.6,1,11.6,98.1,CVT,Bensin,Liquid-cooled,24.7,295469.0,12738.0,2024,38.8,Boros
Roda2,Sport Besar,399.8,3,38.3,198.8,Manual,Bensin,Liquid-cooled,72.8,296054.0,11570.0,2018,18.06,Boros
Roda2,Matic,124.3,1,11.2,99.8,CVT,Bensin,Air-cooled,66.5,275908.0,13083.0,2018,40.04,Boros
Roda4,City Car,1008.5,3,69.7,900.6,Manual,Bensin,Liquid-cooled,53.9,195049.0,12913.0,2020,17.01,Hemat
Roda2,Matic,148.5,1,14.2,124.4,CVT,Bensin,Liquid-cooled,61.3,202565.0,10663.0,2022,35.0,Boros
Roda2,Sport Besar,347.5,2,25.0,178.0,Manual,Bensin,Liquid-cooled,61.4,210888.0,12059.0,2017,23.73,Hemat
Roda4,SUV,1595.4,4,106.5,1221.3,CVT,Bensin,Liquid-cooled,35.8,129639.0,12929.0,2021,11.48,Hemat
Roda4,City Car,1489.0,4,105.0,1065.7,Manual,Bensin,Liquid-cooled,84.5,401056.0,13897.0,2018,13.0,Boros
Roda2,Matic,115.5,1,10.3,98.1,CVT,Bensin,Air-cooled,65.5,198971.0,12004.0,2019,48.54,Hemat
Roda4,MPV,1481.2,4,104.8,1298.9,Automatic,Diesel,Liquid-cooled,32.4,565254.0,7230.0,2017,11.27,Boros
Roda2,Matic,122.5,1,11.2,105.3,CVT,Bensin,Air-cooled,38.4,256554.0,10888.0,2017,36.49,Boros
Roda4,MPV,1586.8,4,112.6,1368.6,Manual,Diesel,Liquid-cooled,32.8,556260.0,11500.0,2017,9.0,Boros
Roda2,Sport Besar,362.0,2,36.3,194.9,Manual,Bensin,Liquid-cooled,14.2,264172.0,12996.0,2022,20.11,Boros
Roda4,City Car,1384.1,4,98.1,1008.4,Automatic,Bensin,Liquid-cooled,36.5,180659.0,11898.0,2025,13.0,Boros
Roda4,SUV,1594.4,4,100.0,1267.9,Automatic,Diesel,Liquid-cooled,50.0,307091.0,9735.0,2021,13.11,Hemat
Roda4,SUV,1668.8,4,125.9,1400.2,Automatic,Hybrid,Liquid-cooled,35.3,167550.0,14095.0,2023,11.71,Hemat
Roda2,Bebek,149.0,1,12.0,108.6,Manual,Bensin,Air-cooled,14.7,226959.0,12120.0,2025,42.0,Boros
Roda2,Sport,226.2,2,25.2,161.7,Manual,Bensin,Liquid-cooled,59.4,200570.0,11502.0,2023,28.0,Boros
Roda2,Sport Besar,528.0,4,58.9,229.4,Manual,Bensin,Liquid-cooled,54.5,222107.0,11548.0,2019,16.0,Boros
Roda4,MPV,1690.1,4,124.0,1431.0,CVT,Diesel,Liquid-cooled,76.1,489750.0,10644.0,2019,9.0,Boros
Roda2,Sport Besar,474.5,3,50.3,210.3,Manual,Bensin,Liquid-cooled,39.1,121840.0,12107.0,2015,16.0,Boros
Roda2,Bebek,122.0,1,7.9,101.3,Manual,Bensin,Air-cooled,22.7,265446.0,13690.0,2018,42.0,Boros
Roda2,Bebek,115.6,1,8.9,97.7,Manual,Bensin,Air-cooled,19.2,264282.0,12244.0,2022,45.09,Boros
Roda4,City Car,1376.3,3,93.7,1032.8,Manual,Bensin,Liquid-cooled,53.5,110561.0,12539.0,2015,13.0,Boros
Roda2,Sport Besar,622.1,3,70.0,249.6,Manual,Bensin,Liquid-cooled,12.0,69533.0,10272.0,2021,16.0,Boros
Roda2,Bebek,112.8,1,8.7,93.2,Manual,Bensin,Air-cooled,65.3,146183.0,11700.0,2026,49.47,Hemat
Roda2,Bebek,133.3,1,9.7,102.0,Manual,Bensin,Air-cooled,61.8,239232.0,12366.0,2017,42.0,Boros
Roda2,Matic,140.7,1,13.3,117.0,CVT,Bensin,Liquid-cooled,74.9,224664.0,11003.0,2022,36.63,Boros
Roda2,Matic,141.0,1,13.2,117.7,CVT,Bensin,Liquid-cooled,45.8,84230.0,11330.0,2019,35.0,Boros
Roda4,City Car,1053.7,3,66.1,876.5,Automatic,Bensin,Liquid-cooled,18.6,229783.0,10286.0,2022,16.61,Hemat
Roda4,SUV,1663.7,4,122.8,1297.9,CVT,Diesel,Liquid-cooled,62.0,193644.0,12271.0,2021,12.5,Hemat
Roda4,SUV,1975.1,4,142.5,1576.7,CVT,Diesel,Liquid-cooled,57.5,462223.0,8400.0,2022,8.42,Boros
Roda2,Matic,129.2,1,11.2,103.5,CVT,Bensin,Liquid-cooled,59.9,73671.0,12855.0,2026,46.46,Hemat
Roda4,SUV,1921.4,4,146.1,1582.9,DCT,Hybrid,Liquid-cooled,38.2,499819.0,14011.0,2017,8.64,Boros
Roda4,SUV,1966.5,4,138.0,1600.0,Automatic,Hybrid,Liquid-cooled,84.6,196598.0,14075.0,2023,8.89,Boros
Roda2,Matic,117.3,1,10.7,100.0,CVT,Bensin,Liquid-cooled,33.2,299068.0,11387.0,2016,49.2,Hemat
Roda4,MPV,1445.9,4,95.2,1199.5,Automatic,Bensin,Liquid-cooled,60.7,445515.0,10205.0,2024,10.28,Boros
Roda2,Bebek,124.9,1,8.9,101.6,Manual,Bensin,Air-cooled,55.7,88480.0,13810.0,2020,42.0,Boros
Roda4,SUV,1794.2,4,134.5,1415.5,CVT,Hybrid,Liquid-cooled,99.6,105766.0,14092.0,2019,9.86,Boros
Roda2,Sport,158.6,2,15.3,130.2,Manual,Bensin,Liquid-cooled,21.5,138491.0,13694.0,2021,32.19,Boros
Roda2,Bebek,141.4,1,10.2,108.4,Manual,Bensin,Air-cooled,23.5,210376.0,11013.0,2016,42.0,Boros
Roda4,MPV,1341.8,4,85.0,1136.1,Automatic,Bensin,Liquid-cooled,63.9,346166.0,13548.0,2021,12.45,Hemat
Roda4,City Car,1199.5,3,85.9,915.3,CVT,Bensin,Liquid-cooled,32.1,225858.0,12576.0,2018,13.79,Boros
Roda4,City Car,1358.7,4,94.6,1006.8,Manual,Bensin,Liquid-cooled,33.7,473672.0,11071.0,2025,13.0,Boros
Roda2,Bebek,143.8,1,11.8,106.6,Manual,Bensin,Air-cooled,65.0,118425.0,13556.0,2025,42.0,Boros
Roda4,City Car,1265.5,4,89.5,956.3,CVT,Bensin,Liquid-cooled,99.1,339867.0,12440.0,2017,13.66,Boros
Roda2,Matic,147.0,1,14.7,117.0,CVT,Bensin,Liquid-cooled,59.3,113202.0,12959.0,2026,35.0,Boros
Roda4,SUV,1542.7,4,104.1,1272.6,CVT,Bensin,Liquid-cooled,93.5,330662.0,11902.0,2016,9.27,Boros
Roda4,MPV,1712.2,4,121.7,1461.5,Manual,Bensin,Liquid-cooled,81.7,468301.0,12880.0,2016,9.0,Boros
Roda2,Bebek,147.7,1,12.0,106.2,Manual,Bensin,Air-cooled,36.0,148115.0,12942.0,2021,42.0,Boros
Roda4,SUV,1768.7,4,128.0,1370.5,CVT,Hybrid,Liquid-cooled,15.5,142727.0,14314.0,2023,10.01,Boros
Roda2,Matic,122.6,1,11.5,102.6,CVT,Bensin,Liquid-cooled,40.1,63592.0,10657.0,2018,35.0,Boros
Roda2,Matic,129.0,1,11.6,103.3,CVT,Bensin,Liquid-cooled,78.4,162296.0,12680.0,2023,42.45,Hemat
Roda2,Matic,147.2,1,14.8,113.1,CVT,Bensin,Liquid-cooled,52.4,178437.0,10565.0,2026,35.66,Boros
Roda4,City Car,1320.9,3,97.7,989.0,CVT,Bensin,Liquid-cooled,70.0,417957.0,10439.0,2022,13.0,Boros
Roda4,SUV,1616.2,4,110.0,1300.3,DCT,Diesel,Liquid-cooled,57.3,463581.0,12387.0,2021,10.96,Boros
Roda4,City Car,1438.5,4,102.5,1058.0,Automatic,Bensin,Liquid-cooled,27.9,239719.0,13313.0,2016,13.0,Boros
Roda2,Bebek,124.8,1,9.2,100.4,Manual,Bensin,Air-cooled,14.3,270727.0,12013.0,2015,42.0,Boros
Roda4,City Car,1056.2,4,70.5,816.1,CVT,Bensin,Liquid-cooled,99.0,139175.0,12935.0,2018,17.98,Hemat
Roda4,MPV,1646.1,4,115.4,1330.7,CVT,Bensin,Liquid-cooled,54.8,437818.0,11229.0,2020,9.0,Boros
Roda2,Matic,151.9,1,15.7,116.7,CVT,Bensin,Liquid-cooled,71.7,281782.0,13330.0,2026,35.0,Boros
Roda2,Bebek,148.3,1,11.3,108.7,Manual,Bensin,Air-cooled,77.6,157046.0,12465.0,2016,42.0,Boros
Roda4,MPV,1419.6,4,102.1,1208.7,CVT,Bensin,Liquid-cooled,75.9,237389.0,12263.0,2017,13.05,Hemat
Roda2,Matic,110.5,1,9.7,99.3,CVT,Bensin,Air-cooled,28.9,241215.0,10715.0,2025,45.98,Hemat
Roda2,Bebek,113.5,1,8.0,93.8,Manual,Bensin,Air-cooled,22.9,70218.0,11670.0,2019,48.46,Hemat
Roda4,SUV,1670.6,4,119.5,1237.1,CVT,Bensin,Liquid-cooled,52.1,198697.0,13249.0,2026,9.71,Boros
Roda4,SUV,1735.0,4,123.1,1382.8,Automatic,Diesel,Liquid-cooled,56.0,588971.0,8932.0,2017,10.18,Boros
Roda2,Matic,115.2,1,10.5,100.2,CVT,Bensin,Air-cooled,62.1,152120.0,13899.0,2015,45.11,Hemat
Roda2,Matic,135.4,1,13.1,114.1,CVT,Bensin,Air-cooled,12.8,141081.0,13314.0,2025,35.0,Boros
Roda2,Sport,221.9,1,25.5,156.5,Manual,Bensin,Liquid-cooled,43.8,120240.0,12794.0,2021,28.0,Boros
Roda2,Bebek,135.9,1,10.9,110.0,Manual,Bensin,Air-cooled,16.6,81426.0,11616.0,2024,42.0,Boros
Roda4,SUV,1965.0,4,150.0,1578.1,DCT,Diesel,Liquid-cooled,68.0,230295.0,7666.0,2019,8.0,Boros
Roda2,Sport,206.7,1,21.4,146.7,Manual,Bensin,Liquid-cooled,55.1,72907.0,10082.0,2026,28.69,Boros
Roda4,SUV,1509.1,4,103.2,1200.0,DCT,Bensin,Liquid-cooled,44.3,294995.0,10918.0,2020,12.89,Hemat
Roda2,Sport,237.3,1,27.4,165.0,Manual,Bensin,Liquid-cooled,58.2,287853.0,12193.0,2018,28.0,Boros
Roda2,Bebek,109.3,1,7.7,92.8,Manual,Bensin,Air-cooled,46.3,197819.0,11556.0,2020,57.19,Hemat
Roda4,MPV,1567.2,4,110.9,1398.6,Automatic,Diesel,Liquid-cooled,74.1,487525.0,8765.0,2023,12.03,Hemat
Roda4,SUV,1986.1,4,141.6,1600.0,Manual,Hybrid,Liquid-cooled,94.1,442597.0,14372.0,2019,8.0,Boros
Roda4,MPV,1614.1,4,112.4,1313.9,Manual,Bensin,Liquid-cooled,28.4,240961.0,13504.0,2018,9.74,Boros
Roda2,Matic,121.0,1,10.4,101.8,CVT,Bensin,Liquid-cooled,56.3,178167.0,12830.0,2024,50.15,Hemat
Roda2,Sport,230.7,1,29.0,154.3,Manual,Bensin,Liquid-cooled,32.8,152741.0,11239.0,2016,28.0,Boros
Roda4,MPV,1653.4,4,111.3,1326.2,Automatic,Bensin,Liquid-cooled,84.9,549230.0,12130.0,2016,9.0,Boros
Roda2,Sport Besar,636.8,4,69.1,233.1,Manual,Bensin,Liquid-cooled,72.5,163736.0,10171.0,2025,16.0,Boros
Roda2,Sport Besar,398.8,4,47.0,187.9,Manual,Bensin,Liquid-cooled,10.4,266284.0,11549.0,2025,17.48,Boros
Roda2,Bebek,148.6,1,11.4,110.0,Manual,Bensin,Air-cooled,39.2,79090.0,12390.0,2021,42.0,Boros
Roda4,SUV,1517.6,4,105.1,1275.9,Manual,Hybrid,Liquid-cooled,46.3,164252.0,14011.0,2018,14.55,Hemat
Roda2,Sport,154.6,1,15.3,120.0,Manual,Bensin,Liquid-cooled,29.5,239590.0,10768.0,2025,37.03,Hemat
Roda2,Sport,150.4,1,16.0,130.9,Manual,Bensin,Liquid-cooled,76.1,294021.0,13487.0,2025,35.12,Hemat
Roda2,Bebek,115.7,1,8.7,98.9,Manual,Bensin,Air-cooled,32.0,113580.0,13195.0,2026,47.51,Boros
Roda4,SUV,1719.7,4,124.1,1331.5,Manual,Diesel,Liquid-cooled,90.9,499936.0,9770.0,2025,10.14,Boros
Roda2,Matic,149.8,1,14.7,117.7,CVT,Bensin,Liquid-cooled,42.4,147517.0,13368.0,2026,35.0,Boros
Roda4,SUV,1671.0,4,114.1,1389.8,DCT,Hybrid,Liquid-cooled,52.6,484660.0,14092.0,2023,12.36,Hemat
Roda2,Matic,124.1,1,11.1,98.9,CVT,Bensin,Air-cooled,38.1,261436.0,11350.0,2021,51.53,Hemat
Roda4,City Car,1307.7,3,88.9,953.8,Automatic,Bensin,Liquid-cooled,49.9,386604.0,10593.0,2021,14.11,Boros
Roda4,MPV,1743.9,4,124.6,1407.6,Automatic,Diesel,Liquid-cooled,18.0,570373.0,8590.0,2022,9.0,Boros
Roda2,Matic,139.0,1,13.4,110.8,CVT,Bensin,Liquid-cooled,53.2,85177.0,13686.0,2015,35.0,Boros
Roda2,Bebek,138.3,1,11.0,106.7,Manual,Bensin,Air-cooled,11.9,245875.0,10041.0,2025,42.0,Boros
Roda4,SUV,1619.5,4,113.4,1329.8,Manual,Diesel,Liquid-cooled,17.6,493544.0,12752.0,2025,12.22,Hemat
Roda2,Matic,152.8,1,15.4,122.7,CVT,Bensin,Air-cooled,79.0,155492.0,13706.0,2026,35.0,Boros
Roda2,Matic,142.9,1,13.8,109.1,CVT,Bensin,Air-cooled,51.1,118643.0,10127.0,2017,37.2,Boros
Roda4,SUV,1953.8,4,144.2,1546.3,DCT,Hybrid,Liquid-cooled,25.0,544186.0,14026.0,2019,8.27,Boros
Roda4,City Car,1115.8,3,75.2,860.9,Automatic,Bensin,Liquid-cooled,40.6,361637.0,12386.0,2018,13.89,Boros
Roda4,City Car,1473.2,4,94.7,1064.2,Manual,Bensin,Liquid-cooled,23.0,484039.0,10794.0,2023,13.0,Boros
Roda2,Sport,163.9,1,16.3,128.9,Manual,Bensin,Liquid-cooled,11.4,298085.0,11920.0,2021,30.13,Boros
Roda4,SUV,1553.7,4,103.7,1203.8,Manual,Diesel,Liquid-cooled,81.0,134148.0,8184.0,2026,13.48,Hemat
Roda2,Matic,111.9,1,9.0,95.9,CVT,Bensin,Air-cooled,37.9,70867.0,11134.0,2017,44.33,Hemat
Roda2,Matic,112.1,1,9.6,99.3,CVT,Bensin,Liquid-cooled,63.7,217678.0,10193.0,2020,51.73,Hemat
Roda2,Matic,155.9,1,15.2,125.0,CVT,Bensin,Liquid-cooled,68.6,156405.0,10864.0,2019,35.0,Boros
Roda2,Bebek,125.7,1,9.7,99.5,Manual,Bensin,Air-cooled,44.1,268356.0,13513.0,2016,42.0,Boros
Roda2,Sport,215.1,2,27.5,154.3,Manual,Bensin,Liquid-cooled,75.8,186316.0,12400.0,2016,28.0,Boros
Roda2,Matic,121.8,1,11.5,104.0,CVT,Bensin,Liquid-cooled,69.5,125163.0,11017.0,2015,36.89,Boros
Roda2,Sport,234.0,2,29.3,160.8,Manual,Bensin,Liquid-cooled,43.4,136514.0,11973.0,2020,28.0,Boros
Roda4,MPV,1414.1,4,92.4,1229.2,CVT,Diesel,Liquid-cooled,91.2,208151.0,7540.0,2018,14.84,Hemat
Roda2,Bebek,129.1,1,9.6,98.3,Manual,Bensin,Air-cooled,21.4,218905.0,10149.0,2015,42.0,Boros
Roda4,MPV,1677.2,4,128.5,1391.3,CVT,Diesel,Liquid-cooled,91.2,101615.0,8198.0,2017,9.0,Boros
Roda2,Bebek,129.0,1,10.9,103.6,Manual,Bensin,Air-cooled,46.1,116898.0,13258.0,2020,42.0,Boros
Roda2,Bebek,106.6,1,8.7,96.7,Manual,Bensin,Air-cooled,28.2,124224.0,10002.0,2016,46.7,Boros
Roda4,City Car,1249.2,3,83.1,944.7,Automatic,Bensin,Liquid-cooled,63.6,491695.0,11897.0,2015,13.0,Boros
Roda4,City Car,1456.8,3,105.0,1028.1,Manual,Bensin,Liquid-cooled,88.8,278751.0,10555.0,2020,13.0,Boros
Roda2,Sport Besar,609.1,4,66.7,236.3,Manual,Bensin,Liquid-cooled,32.2,217820.0,11301.0,2020,16.0,Boros
Roda4,SUV,1918.1,4,149.1,1531.4,Manual,Diesel,Liquid-cooled,88.2,178753.0,10598.0,2022,8.0,Boros
Roda2,Matic,138.7,1,13.3,111.1,CVT,Bensin,Liquid-cooled,15.6,298193.0,13056.0,2019,37.86,Boros
Roda2,Sport Besar,637.0,4,69.0,250.0,Manual,Bensin,Liquid-cooled,34.5,249810.0,11704.0,2025,16.0,Boros
Roda4,MPV,1768.4,4,130.0,1490.1,Manual,Bensin,Liquid-cooled,82.3,350589.0,13313.0,2018,9.0,Boros
Roda2,Sport,219.9,2,26.1,158.1,Manual,Bensin,Liquid-cooled,72.2,193311.0,12365.0,2024,28.0,Boros
Roda2,Bebek,118.4,1,8.5,96.8,Manual,Bensin,Air-cooled,33.9,234757.0,10871.0,2019,42.0,Boros
Roda2,Bebek,138.0,1,11.6,109.0,Manual,Bensin,Air-cooled,37.9,256888.0,10666.0,2016,42.0,Boros
Roda2,Matic,123.6,1,10.7,103.2,CVT,Bensin,Air-cooled,13.6,285558.0,12056.0,2023,41.6,Boros
Roda2,Matic,147.4,1,13.3,116.0,CVT,Bensin,Liquid-cooled,69.2,204454.0,12931.0,2018,35.0,Boros
Roda4,SUV,1862.9,4,130.2,1445.3,Automatic,Diesel,Liquid-cooled,22.8,208239.0,10133.0,2017,8.0,Boros
Roda2,Sport Besar,447.3,2,50.2,198.2,Manual,Bensin,Liquid-cooled,52.5,187919.0,11711.0,2017,18.8,Boros
Roda4,SUV,1737.3,4,119.8,1374.0,Automatic,Diesel,Liquid-cooled,52.1,453434.0,8572.0,2024,10.75,Boros
Roda2,Matic,136.1,1,11.9,110.9,CVT,Bensin,Liquid-cooled,72.7,146146.0,11574.0,2025,36.87,Boros
Roda4,SUV,1520.2,4,100.0,1256.8,Automatic,Bensin,Liquid-cooled,66.4,363533.0,13661.0,2015,10.69,Boros
Roda4,SUV,1869.0,4,137.0,1422.8,CVT,Bensin,Liquid-cooled,17.7,181992.0,13594.0,2018,8.13,Boros
Roda4,SUV,1782.4,4,137.3,1471.8,Automatic,Bensin,Liquid-cooled,61.7,520319.0,10786.0,2022,8.0,Boros
Roda4,SUV,1777.5,4,133.2,1430.2,CVT,Hybrid,Liquid-cooled,25.9,562038.0,14261.0,2019,11.94,Hemat
Roda4,SUV,1611.5,4,110.0,1272.0,Manual,Bensin,Liquid-cooled,39.1,261875.0,12039.0,2023,10.86,Boros
Roda2,Matic,126.5,1,11.8,106.7,CVT,Bensin,Liquid-cooled,75.9,199780.0,13869.0,2024,35.0,Boros
Roda4,MPV,1408.3,4,98.6,1151.9,Manual,Diesel,Liquid-cooled,40.0,134595.0,12761.0,2019,13.5,Hemat
Roda4,City Car,1498.3,3,105.0,1100.0,CVT,Bensin,Liquid-cooled,49.1,552748.0,10364.0,2022,13.0,Boros
Roda4,MPV,1571.1,4,107.6,1299.4,Automatic,Bensin,Liquid-cooled,48.9,599884.0,11018.0,2021,9.0,Boros
Roda2,Matic,138.3,1,12.1,113.9,CVT,Bensin,Air-cooled,37.6,247969.0,11826.0,2025,42.71,Hemat
Roda2,Sport,159.6,1,15.1,131.6,Manual,Bensin,Liquid-cooled,25.2,266208.0,13344.0,2023,42.53,Hemat
Roda2,Matic,145.9,1,14.1,114.8,CVT,Bensin,Air-cooled,73.1,53986.0,13327.0,2021,40.98,Boros
Roda4,MPV,1578.8,4,108.3,1371.0,CVT,Diesel,Liquid-cooled,85.8,410752.0,7397.0,2024,11.43,Boros
Roda4,SUV,1685.6,4,120.3,1306.3,DCT,Hybrid,Liquid-cooled,36.3,287652.0,14367.0,2023,11.2,Hemat
Roda4,SUV,1623.4,4,109.8,1294.7,CVT,Hybrid,Liquid-cooled,74.3,575882.0,14197.0,2024,12.5,Hemat
Roda2,Sport,242.8,1,27.1,169.7,Manual,Bensin,Liquid-cooled,30.4,111274.0,11265.0,2018,28.0,Boros
Roda2,Sport,165.6,1,17.2,135.2,Manual,Bensin,Liquid-cooled,35.6,161490.0,11668.0,2016,36.8,Hemat
Roda4,City Car,1460.4,3,96.5,1071.7,Manual,Bensin,Liquid-cooled,66.7,508099.0,13885.0,2023,13.0,Boros
Roda4,MPV,1315.8,4,85.0,1108.6,Automatic,Diesel,Liquid-cooled,35.5,176891.0,8958.0,2025,15.83,Hemat
Roda4,City Car,1357.9,4,94.7,1003.9,Manual,Bensin,Liquid-cooled,22.8,311061.0,13668.0,2022,13.0,Boros
Roda2,Matic,138.3,1,13.3,109.2,CVT,Bensin,Liquid-cooled,74.2,262701.0,11989.0,2025,35.0,Boros
Roda4,SUV,1859.6,4,127.8,1525.4,CVT,Bensin,Liquid-cooled,85.7,385529.0,13008.0,2024,8.12,Boros
Roda4,SUV,1849.9,4,137.3,1461.3,Manual,Diesel,Liquid-cooled,88.8,111557.0,8326.0,2021,9.42,Boros
Roda4,MPV,1742.0,4,125.6,1500.0,CVT,Diesel,Liquid-cooled,90.2,462316.0,7901.0,2015,9.0,Boros
Roda4,City Car,1367.9,4,97.3,1005.0,Automatic,Bensin,Liquid-cooled,28.8,337001.0,10157.0,2015,13.0,Boros
Roda4,City Car,1250.4,4,88.7,904.6,CVT,Bensin,Liquid-cooled,53.5,226150.0,10150.0,2022,14.2,Boros
Roda4,SUV,1976.2,4,150.0,1555.2,Automatic,Hybrid,Liquid-cooled,47.4,581181.0,14364.0,2018,8.0,Boros
Roda2,Bebek,148.2,1,11.4,107.1,Manual,Bensin,Air-cooled,59.2,142932.0,10069.0,2021,42.0,Boros
Roda4,MPV,1415.2,4,91.6,1217.8,Manual,Bensin,Liquid-cooled,96.8,223819.0,13883.0,2022,12.29,Hemat
Roda2,Matic,159.5,1,15.1,125.0,CVT,Bensin,Liquid-cooled,33.3,81577.0,11345.0,2020,35.0,Boros
Roda4,City Car,1027.1,3,65.0,835.2,CVT,Bensin,Liquid-cooled,25.3,436991.0,13487.0,2015,16.71,Hemat
Roda4,MPV,1568.3,4,111.9,1272.3,Automatic,Bensin,Liquid-cooled,38.1,180416.0,10700.0,2025,9.0,Boros
Roda4,MPV,1440.3,4,94.7,1129.2,CVT,Diesel,Liquid-cooled,99.8,143022.0,7365.0,2024,16.06,Hemat
Roda4,SUV,1679.9,4,116.7,1256.0,Manual,Bensin,Liquid-cooled,56.9,218598.0,12587.0,2022,10.11,Boros
Roda4,MPV,1621.7,4,114.1,1362.4,Automatic,Diesel,Liquid-cooled,44.4,561041.0,8152.0,2016,11.68,Boros
Roda2,Sport Besar,383.7,4,34.9,186.2,Manual,Bensin,Liquid-cooled,56.7,177203.0,12748.0,2017,19.23,Boros
Roda4,City Car,1099.7,4,75.8,841.4,Automatic,Bensin,Liquid-cooled,79.4,461977.0,10172.0,2023,14.27,Boros
Roda4,SUV,1912.7,4,130.2,1557.2,Manual,Diesel,Liquid-cooled,44.5,349475.0,13091.0,2017,8.0,Boros
Roda2,Sport,161.8,2,19.0,126.9,Manual,Bensin,Liquid-cooled,36.0,165494.0,11323.0,2025,33.05,Hemat
Roda2,Matic,113.8,1,9.0,95.0,CVT,Bensin,Air-cooled,19.9,297153.0,10086.0,2025,58.0,Hemat
Roda2,Matic,120.7,1,10.4,100.1,CVT,Bensin,Air-cooled,20.4,149710.0,13527.0,2026,47.66,Hemat
Roda4,City Car,1258.0,3,92.6,918.9,Manual,Bensin,Liquid-cooled,81.8,396664.0,10980.0,2021,13.0,Boros
Roda4,City Car,1334.4,3,91.7,1033.3,Manual,Bensin,Liquid-cooled,66.7,284195.0,10413.0,2018,13.0,Boros
Roda4,SUV,1808.6,4,131.0,1444.3,CVT,Bensin,Liquid-cooled,25.8,584727.0,11687.0,2017,8.37,Boros
Roda4,City Car,1348.7,4,94.3,1061.3,Automatic,Bensin,Liquid-cooled,82.9,250467.0,10702.0,2025,13.0,Boros
Roda4,City Car,1291.2,3,87.6,931.6,CVT,Bensin,Liquid-cooled,46.6,186849.0,12278.0,2026,13.28,Boros
Roda2,Sport Besar,394.8,3,35.6,181.7,Manual,Bensin,Liquid-cooled,60.8,241790.0,13526.0,2024,24.9,Hemat
Roda4,MPV,1301.1,4,89.1,1100.0,CVT,Bensin,Liquid-cooled,18.1,365667.0,13411.0,2023,13.91,Hemat
Roda4,MPV,1300.7,4,91.3,1198.0,Automatic,Bensin,Liquid-cooled,98.7,474802.0,10991.0,2020,13.21,Hemat
Roda4,MPV,1724.9,4,124.7,1416.8,CVT,Diesel,Liquid-cooled,24.1,483202.0,11637.0,2019,9.0,Boros
Roda2,Matic,135.8,1,12.9,115.5,CVT,Bensin,Liquid-cooled,76.5,94861.0,10099.0,2019,35.0,Boros
Roda2,Matic,122.2,1,11.0,97.8,CVT,Bensin,Air-cooled,48.1,118748.0,12040.0,2026,41.85,Boros
Roda2,Matic,158.8,1,15.7,124.1,CVT,Bensin,Air-cooled,59.5,67583.0,12952.0,2023,35.0,Boros
Roda4,SUV,1810.1,4,132.1,1441.4,Manual,Diesel,Liquid-cooled,15.0,533039.0,11489.0,2026,9.1,Boros
Roda2,Matic,156.6,1,16.0,125.0,CVT,Bensin,Liquid-cooled,17.6,283328.0,11301.0,2023,35.0,Boros
Roda2,Matic,148.6,1,15.7,118.6,CVT,Bensin,Liquid-cooled,16.4,82234.0,10934.0,2024,35.0,Boros
Roda4,MPV,1461.4,4,88.1,1135.6,CVT,Diesel,Liquid-cooled,68.7,590247.0,11987.0,2017,15.0,Hemat
Roda2,Matic,141.7,1,13.1,117.4,CVT,Bensin,Liquid-cooled,18.7,292650.0,12164.0,2026,35.0,Boros
Roda4,MPV,1326.2,4,95.2,1117.2,Manual,Bensin,Liquid-cooled,54.2,106629.0,11833.0,2017,13.94,Hemat
Roda4,SUV,1551.9,4,102.0,1200.0,Automatic,Bensin,Liquid-cooled,37.9,449540.0,13545.0,2019,11.12,Hemat
Roda4,MPV,1664.5,4,111.4,1302.9,Automatic,Diesel,Liquid-cooled,61.9,401937.0,11343.0,2021,12.2,Hemat
Roda4,MPV,1782.5,4,125.9,1423.6,CVT,Bensin,Liquid-cooled,45.5,357701.0,10516.0,2016,9.0,Boros
Roda4,City Car,1089.9,4,73.9,830.7,Automatic,Bensin,Liquid-cooled,99.7,447798.0,10502.0,2021,16.15,Hemat
Roda2,Matic,118.2,1,10.0,101.0,CVT,Bensin,Air-cooled,62.2,151007.0,12646.0,2019,45.85,Hemat
Roda4,MPV,1794.6,4,130.0,1492.3,Manual,Diesel,Liquid-cooled,74.2,198633.0,10455.0,2020,9.0,Boros
Roda4,City Car,1022.3,3,65.0,800.0,Automatic,Bensin,Liquid-cooled,57.4,133273.0,10515.0,2024,18.86,Hemat
Roda4,MPV,1527.8,4,97.8,1316.9,Manual,Bensin,Liquid-cooled,63.5,368421.0,11624.0,2026,11.11,Boros
Roda2,Matic,114.8,1,9.4,95.0,CVT,Bensin,Air-cooled,47.0,215470.0,10809.0,2020,42.17,Hemat
Roda2,Sport,195.7,1,22.6,138.7,Manual,Bensin,Liquid-cooled,70.7,221441.0,11488.0,2025,28.0,Boros
Roda4,SUV,1603.2,4,116.3,1346.4,DCT,Bensin,Liquid-cooled,24.9,287498.0,11877.0,2025,9.87,Boros
Roda2,Matic,141.3,1,13.7,111.2,CVT,Bensin,Air-cooled,54.3,273472.0,12293.0,2016,39.47,Boros
Roda4,SUV,1926.2,4,134.9,1484.7,Automatic,Bensin,Liquid-cooled,23.8,132739.0,10401.0,2022,8.0,Boros
Roda4,SUV,1583.9,4,117.4,1307.4,Automatic,Bensin,Liquid-cooled,89.6,122505.0,12488.0,2015,8.06,Boros
Roda2,Sport Besar,518.9,3,51.9,230.6,Manual,Bensin,Liquid-cooled,47.3,184189.0,12963.0,2021,16.0,Boros
Roda2,Bebek,144.5,1,12.0,110.0,Manual,Bensin,Air-cooled,31.5,153743.0,12780.0,2024,42.0,Boros
Roda2,Bebek,136.7,1,10.6,101.7,Manual,Bensin,Air-cooled,24.3,115165.0,10361.0,2017,42.0,Boros
Roda2,Bebek,147.5,1,11.9,106.3,Manual,Bensin,Air-cooled,33.4,56549.0,10094.0,2024,42.0,Boros
Roda4,SUV,1696.1,4,124.5,1338.3,Automatic,Diesel,Liquid-cooled,88.9,321837.0,12576.0,2023,11.57,Hemat
Roda2,Matic,115.6,1,9.9,97.7,CVT,Bensin,Liquid-cooled,68.6,203253.0,10673.0,2024,55.19,Hemat
Roda2,Bebek,102.7,1,7.1,90.0,Manual,Bensin,Air-cooled,49.9,258098.0,13867.0,2026,61.86,Hemat
Roda4,MPV,1351.0,4,88.4,1195.6,Automatic,Diesel,Liquid-cooled,52.8,534094.0,9846.0,2015,15.22,Hemat
Roda2,Matic,124.1,1,10.8,106.2,CVT,Bensin,Air-cooled,53.5,291616.0,11449.0,2023,44.92,Hemat
Roda4,SUV,1878.2,4,136.8,1509.2,Automatic,Diesel,Liquid-cooled,35.5,509229.0,10297.0,2015,8.0,Boros
Roda2,Bebek,132.5,1,10.3,104.9,Manual,Bensin,Air-cooled,72.1,56904.0,12258.0,2026,42.0,Boros
Roda2,Sport,186.0,2,20.7,136.4,Manual,Bensin,Liquid-cooled,75.8,198699.0,11590.0,2021,28.11,Boros
Roda2,Matic,130.9,1,11.2,97.8,CVT,Bensin,Air-cooled,52.4,148936.0,11165.0,2024,50.82,Hemat
Roda4,SUV,1655.1,4,105.6,1353.3,Automatic,Diesel,Liquid-cooled,33.0,523057.0,7581.0,2022,10.66,Boros
Roda4,MPV,1761.5,4,130.0,1380.9,Manual,Bensin,Liquid-cooled,56.9,335989.0,13437.0,2026,9.0,Boros
Roda2,Matic,128.6,1,11.3,107.5,CVT,Bensin,Liquid-cooled,66.5,206199.0,11051.0,2017,35.72,Boros
Roda4,SUV,1966.2,4,144.1,1600.0,Automatic,Diesel,Liquid-cooled,43.7,183789.0,10301.0,2017,8.0,Boros
Roda4,City Car,1289.7,3,92.0,956.8,Automatic,Bensin,Liquid-cooled,70.1,556685.0,11747.0,2021,13.0,Boros
Roda2,Matic,133.2,1,13.0,106.1,CVT,Bensin,Liquid-cooled,40.7,85498.0,13338.0,2024,35.0,Boros
Roda2,Sport Besar,350.2,4,36.2,198.4,Manual,Bensin,Liquid-cooled,56.5,232451.0,11199.0,2021,22.03,Hemat
Roda4,SUV,1720.1,4,118.1,1365.3,Automatic,Diesel,Liquid-cooled,38.3,471945.0,11094.0,2019,11.15,Hemat
Roda2,Bebek,150.0,1,12.0,110.0,Manual,Bensin,Air-cooled,60.8,239270.0,11474.0,2019,42.0,Boros
Roda4,City Car,1055.7,4,65.0,861.2,Manual,Bensin,Liquid-cooled,31.7,429204.0,13308.0,2015,17.57,Hemat
Roda2,Matic,114.0,1,9.7,97.5,CVT,Bensin,Liquid-cooled,38.5,117412.0,10381.0,2018,50.04,Hemat
Roda2,Matic,116.6,1,9.7,95.6,CVT,Bensin,Air-cooled,48.4,79013.0,10090.0,2018,52.27,Hemat
Roda4,SUV,1932.0,4,144.8,1569.4,Manual,Diesel,Liquid-cooled,43.6,598691.0,9771.0,2021,8.0,Boros
Roda2,Sport Besar,611.9,3,62.9,250.0,Manual,Bensin,Liquid-cooled,59.1,227005.0,10074.0,2023,16.0,Boros
Roda2,Bebek,146.3,1,11.9,106.0,Manual,Bensin,Air-cooled,66.6,94472.0,12007.0,2022,42.0,Boros
Roda4,MPV,1557.6,4,101.0,1289.1,Manual,Bensin,Liquid-cooled,47.3,493100.0,12292.0,2021,11.14,Boros
Roda2,Sport,178.9,2,22.8,128.5,Manual,Bensin,Liquid-cooled,18.1,232745.0,10693.0,2018,28.0,Boros
Roda4,SUV,1609.5,4,124.7,1244.9,DCT,Diesel,Liquid-cooled,33.3,413742.0,9924.0,2025,12.58,Hemat
Roda2,Matic,117.4,1,9.5,101.3,CVT,Bensin,Air-cooled,35.7,153915.0,13245.0,2025,52.53,Hemat
Roda4,MPV,1572.1,4,109.5,1296.4,Manual,Diesel,Liquid-cooled,18.9,350045.0,9234.0,2026,12.05,Hemat
Roda4,MPV,1601.2,4,106.7,1287.4,Automatic,Diesel,Liquid-cooled,75.5,140740.0,11055.0,2024,12.43,Hemat
Roda4,MPV,1555.9,4,106.8,1273.3,CVT,Bensin,Liquid-cooled,37.7,568517.0,12692.0,2020,10.63,Boros
Roda2,Bebek,124.7,1,9.5,99.5,Manual,Bensin,Air-cooled,78.0,89790.0,11381.0,2024,42.0,Boros
Roda4,MPV,1435.8,4,98.5,1259.2,Automatic,Bensin,Liquid-cooled,23.4,446308.0,13539.0,2026,12.0,Boros
Roda4,MPV,1574.6,4,119.2,1336.6,Manual,Diesel,Liquid-cooled,38.0,200894.0,7262.0,2023,9.71,Boros
Roda2,Sport,206.4,1,22.6,151.0,Manual,Bensin,Liquid-cooled,21.9,80103.0,10130.0,2024,28.87,Boros
Roda2,Sport Besar,355.7,3,33.4,177.6,Manual,Bensin,Liquid-cooled,75.9,73528.0,11900.0,2021,21.53,Boros
Roda4,MPV,1317.7,4,92.6,1100.0,Manual,Diesel,Liquid-cooled,98.0,480673.0,9950.0,2025,16.0,Hemat
Roda2,Sport Besar,559.7,3,61.9,228.8,Manual,Bensin,Liquid-cooled,79.0,85427.0,11156.0,2015,16.0,Boros
Roda4,MPV,1583.2,4,105.2,1435.6,Automatic,Diesel,Liquid-cooled,75.9,440384.0,13119.0,2026,11.13,Boros
Roda4,SUV,1980.9,4,144.4,1600.0,DCT,Bensin,Liquid-cooled,95.2,178486.0,10963.0,2019,8.0,Boros
Roda4,MPV,1725.2,4,122.1,1469.4,Automatic,Bensin,Liquid-cooled,45.8,542150.0,11290.0,2022,9.0,Boros
Roda2,Sport Besar,648.9,4,70.0,250.0,Manual,Bensin,Liquid-cooled,69.0,220109.0,13328.0,2023,16.0,Boros
Roda2,Sport,211.7,2,26.1,143.3,Manual,Bensin,Liquid-cooled,58.6,143727.0,11679.0,2022,28.0,Boros
Roda2,Sport,158.5,1,15.1,120.0,Manual,Bensin,Liquid-cooled,50.6,209109.0,11372.0,2023,41.49,Hemat
Roda2,Matic,134.0,1,11.4,109.4,CVT,Bensin,Liquid-cooled,14.8,53148.0,13503.0,2019,35.0,Boros
Roda4,MPV,1651.1,4,117.1,1453.2,Manual,Bensin,Liquid-cooled,66.2,463874.0,12122.0,2016,9.0,Boros
Roda4,SUV,1701.1,4,121.8,1398.1,CVT,Hybrid,Liquid-cooled,66.0,206429.0,14162.0,2026,12.23,Hemat
Roda4,SUV,1743.4,4,124.5,1446.7,CVT,Hybrid,Liquid-cooled,22.9,349680.0,13951.0,2016,11.15,Hemat
Roda2,Sport,228.2,1,25.5,162.9,Manual,Bensin,Liquid-cooled,39.9,121685.0,11860.0,2018,28.0,Boros
Roda2,Sport Besar,587.3,4,65.6,234.3,Manual,Bensin,Liquid-cooled,46.4,174000.0,10830.0,2021,16.0,Boros
Roda2,Sport,238.8,1,27.2,160.3,Manual,Bensin,Liquid-cooled,23.8,255529.0,10314.0,2023,28.0,Boros
Roda4,City Car,1392.7,3,92.6,1011.6,Automatic,Bensin,Liquid-cooled,80.6,158480.0,11960.0,2022,13.0,Boros
Roda4,SUV,1710.2,4,117.6,1430.0,Automatic,Hybrid,Liquid-cooled,37.6,339513.0,14427.0,2021,10.64,Boros
Roda4,SUV,1643.1,4,113.6,1255.9,Automatic,Bensin,Liquid-cooled,81.2,444494.0,12252.0,2022,10.02,Boros
Roda4,SUV,1526.8,4,106.7,1230.8,Automatic,Hybrid,Liquid-cooled,35.5,539921.0,13943.0,2025,13.63,Hemat
Roda2,Matic,125.9,1,12.7,102.0,CVT,Bensin,Air-cooled,34.8,68137.0,12625.0,2025,42.71,Hemat
Roda2,Sport Besar,508.9,4,47.8,215.4,Manual,Bensin,Liquid-cooled,51.2,266107.0,10100.0,2021,16.14,Boros
Roda2,Matic,128.2,1,11.5,106.1,CVT,Bensin,Air-cooled,28.7,291746.0,10624.0,2017,35.0,Boros
Roda4,SUV,1584.0,4,109.5,1200.0,DCT,Bensin,Liquid-cooled,93.8,385585.0,11659.0,2025,11.11,Hemat
Roda4,City Car,1124.6,3,75.7,911.4,Manual,Bensin,Liquid-cooled,98.9,241754.0,12059.0,2026,14.29,Boros
Roda4,MPV,1641.5,4,114.4,1393.0,CVT,Bensin,Liquid-cooled,87.3,224521.0,11596.0,2017,10.07,Boros
Roda2,Bebek,105.6,1,7.5,93.0,Manual,Bensin,Air-cooled,10.4,293767.0,11914.0,2018,50.85,Hemat
Roda2,Sport,171.3,1,19.2,128.1,Manual,Bensin,Liquid-cooled,17.7,142587.0,11439.0,2021,28.78,Boros
Roda4,SUV,1736.4,4,129.0,1404.5,CVT,Bensin,Liquid-cooled,91.4,433636.0,13693.0,2022,8.0,Boros
Roda4,SUV,1951.5,4,140.5,1599.1,Automatic,Hybrid,Liquid-cooled,48.2,427109.0,14202.0,2015,8.0,Boros
Roda4,City Car,1273.9,3,90.9,1000.6,CVT,Bensin,Liquid-cooled,49.3,447263.0,10338.0,2024,13.05,Boros
Roda4,SUV,1882.7,4,132.6,1488.0,CVT,Hybrid,Liquid-cooled,73.5,429253.0,14282.0,2023,10.46,Boros
Roda4,MPV,1332.5,4,89.8,1100.0,Manual,Bensin,Liquid-cooled,61.6,278675.0,11665.0,2019,13.07,Hemat
Roda4,City Car,1092.4,3,65.0,847.5,CVT,Bensin,Liquid-cooled,62.9,481500.0,11242.0,2026,21.61,Hemat
Roda2,Matic,142.3,1,13.1,114.6,CVT,Bensin,Liquid-cooled,57.4,275214.0,13022.0,2023,35.0,Boros
Roda2,Matic,117.8,1,9.5,101.1,CVT,Bensin,Air-cooled,14.7,113177.0,10772.0,2019,55.62,Hemat
Roda2,Matic,136.4,1,12.5,112.8,CVT,Bensin,Liquid-cooled,20.2,208100.0,12313.0,2022,35.0,Boros
Roda2,Matic,153.2,1,14.4,117.5,CVT,Bensin,Liquid-cooled,65.2,282507.0,10460.0,2021,35.0,Boros
Roda2,Matic,110.9,1,9.0,97.7,CVT,Bensin,Air-cooled,35.6,50355.0,12260.0,2020,56.68,Hemat
Roda4,City Car,1434.8,3,105.0,1034.2,CVT,Bensin,Liquid-cooled,41.0,248964.0,11543.0,2018,13.0,Boros
Roda2,Matic,148.8,1,14.5,118.7,CVT,Bensin,Air-cooled,14.7,79111.0,12326.0,2020,35.0,Boros
Roda2,Matic,118.8,1,10.0,96.8,CVT,Bensin,Air-cooled,43.6,214523.0,11688.0,2024,48.98,Hemat
Roda2,Sport Besar,437.8,2,42.3,197.8,Manual,Bensin,Liquid-cooled,34.1,267274.0,11191.0,2024,20.98,Boros
Roda2,Matic,129.9,1,11.7,107.3,CVT,Bensin,Air-cooled,51.9,100418.0,10290.0,2025,46.67,Hemat
Roda4,MPV,1583.2,4,116.6,1409.5,Manual,Diesel,Liquid-cooled,48.6,495366.0,7406.0,2023,13.02,Hemat
Roda4,MPV,1328.5,4,85.6,1107.5,Manual,Bensin,Liquid-cooled,26.8,499466.0,10688.0,2018,12.92,Hemat
Roda4,SUV,1994.3,4,150.0,1575.2,Manual,Bensin,Liquid-cooled,85.3,279695.0,11644.0,2025,8.0,Boros
Roda2,Matic,121.3,1,9.8,101.5,CVT,Bensin,Air-cooled,30.3,119455.0,12602.0,2015,45.65,Hemat
Roda4,SUV,1574.6,4,106.1,1327.2,Manual,Hybrid,Liquid-cooled,20.6,125796.0,14448.0,2020,12.8,Hemat
Roda4,SUV,1591.5,4,114.6,1331.2,Automatic,Bensin,Liquid-cooled,65.1,283808.0,11619.0,2026,9.87,Boros
Roda4,MPV,1567.5,4,107.6,1290.3,Automatic,Diesel,Liquid-cooled,46.1,473067.0,10480.0,2025,9.43,Boros
Roda2,Matic,148.9,1,14.8,117.4,CVT,Bensin,Liquid-cooled,14.4,206939.0,10564.0,2024,35.0,Boros
Roda2,Bebek,110.5,1,7.9,96.6,Manual,Bensin,Air-cooled,32.9,179428.0,10343.0,2016,44.96,Boros
Roda4,MPV,1320.5,4,88.2,1221.4,Automatic,Diesel,Liquid-cooled,93.8,548503.0,7653.0,2025,14.39,Hemat
Roda4,MPV,1400.2,4,94.7,1170.7,Manual,Bensin,Liquid-cooled,67.5,448105.0,11759.0,2015,9.2,Boros
Roda4,SUV,1962.6,4,137.6,1598.1,CVT,Diesel,Liquid-cooled,99.7,339629.0,10393.0,2022,8.0,Boros
Roda2,Matic,133.2,1,12.0,108.7,CVT,Bensin,Liquid-cooled,21.6,151228.0,13507.0,2020,38.9,Boros
Roda2,Matic,115.8,1,9.6,97.5,CVT,Bensin,Air-cooled,28.6,174301.0,11638.0,2022,48.16,Hemat
Roda2,Sport,153.9,2,15.0,123.2,Manual,Bensin,Liquid-cooled,27.3,237048.0,12348.0,2026,35.5,Hemat
Roda2,Matic,113.2,1,9.7,95.0,CVT,Bensin,Air-cooled,76.1,223367.0,13668.0,2021,57.47,Hemat
Roda2,Bebek,108.9,1,7.8,95.3,Manual,Bensin,Air-cooled,36.2,54379.0,10952.0,2024,55.04,Hemat
Roda4,City Car,1302.3,4,94.8,945.5,Manual,Bensin,Liquid-cooled,43.0,322263.0,10332.0,2025,13.0,Boros
Roda2,Matic,158.5,1,15.6,123.2,CVT,Bensin,Liquid-cooled,31.3,167254.0,13408.0,2021,35.0,Boros
Roda2,Sport,232.5,1,26.8,163.2,Manual,Bensin,Liquid-cooled,57.7,204723.0,11205.0,2025,28.0,Boros
Roda2,Matic,131.1,1,11.8,108.0,CVT,Bensin,Air-cooled,35.5,68171.0,12218.0,2025,42.46,Hemat
Roda2,Matic,132.0,1,12.8,109.3,CVT,Bensin,Liquid-cooled,20.6,202883.0,10934.0,2025,35.0,Boros
Roda2,Sport,150.4,2,15.0,120.0,Manual,Bensin,Liquid-cooled,58.8,254469.0,10957.0,2017,39.28,Hemat
Roda4,MPV,1376.9,4,88.6,1220.9,Manual,Bensin,Liquid-cooled,71.8,195798.0,13833.0,2020,13.15,Hemat
Roda4,City Car,1036.5,4,70.4,853.3,Automatic,Bensin,Liquid-cooled,25.4,272969.0,12415.0,2022,16.53,Hemat
Roda2,Sport,171.6,2,18.2,142.7,Manual,Bensin,Liquid-cooled,64.3,66794.0,10799.0,2026,38.94,Hemat
Roda4,City Car,1395.0,3,97.2,1021.4,CVT,Bensin,Liquid-cooled,32.8,578327.0,13563.0,2018,13.0,Boros
Roda2,Sport Besar,495.9,4,57.3,223.2,Manual,Bensin,Liquid-cooled,69.4,155243.0,10844.0,2025,18.0,Boros
Roda2,Bebek,146.1,1,11.1,107.8,Manual,Bensin,Air-cooled,14.0,120547.0,11021.0,2022,42.0,Boros
Roda2,Bebek,131.3,1,10.6,104.4,Manual,Bensin,Air-cooled,65.8,112617.0,12437.0,2023,42.0,Boros
Roda2,Matic,136.0,1,12.5,106.5,CVT,Bensin,Air-cooled,55.6,241365.0,11396.0,2025,37.47,Boros
Roda4,City Car,1049.1,3,77.9,821.1,CVT,Bensin,Liquid-cooled,36.8,469557.0,11627.0,2015,17.25,Hemat
Roda4,City Car,1109.0,4,68.3,877.5,Automatic,Bensin,Liquid-cooled,74.4,530327.0,13739.0,2024,18.79,Hemat
Roda2,Sport,190.7,2,19.7,134.7,Manual,Bensin,Liquid-cooled,49.4,235727.0,12469.0,2018,33.76,Hemat
Roda4,MPV,1434.5,4,105.1,1232.7,Manual,Bensin,Liquid-cooled,60.3,588013.0,13366.0,2020,10.53,Boros
Roda2,Sport,246.3,1,30.0,170.0,Manual,Bensin,Liquid-cooled,28.5,167275.0,10283.0,2025,28.0,Boros
Roda2,Sport Besar,621.6,4,70.0,250.0,Manual,Bensin,Liquid-cooled,46.4,202776.0,13161.0,2021,16.0,Boros
Roda4,City Car,1274.5,4,87.1,964.7,CVT,Bensin,Liquid-cooled,23.1,251503.0,10900.0,2019,13.53,Boros
Roda4,City Car,1194.4,3,87.4,988.7,CVT,Bensin,Liquid-cooled,89.7,408502.0,11659.0,2015,13.0,Boros
Roda2,Matic,120.1,1,11.7,104.2,CVT,Bensin,Liquid-cooled,44.6,128030.0,11879.0,2024,41.55,Boros
Roda4,City Car,1331.7,4,90.9,1030.1,Automatic,Bensin,Liquid-cooled,74.5,479325.0,11837.0,2024,13.0,Boros
Roda2,Bebek,124.1,1,9.6,98.3,Manual,Bensin,Air-cooled,55.1,145238.0,10213.0,2016,42.0,Boros
Roda2,Matic,144.3,1,14.5,121.0,CVT,Bensin,Air-cooled,23.2,157005.0,12567.0,2021,35.0,Boros
Roda4,MPV,1750.3,4,126.4,1489.2,Automatic,Diesel,Liquid-cooled,55.3,373526.0,7035.0,2018,9.0,Boros
Roda4,City Car,1282.4,4,82.0,1022.9,Automatic,Bensin,Liquid-cooled,54.8,216680.0,11301.0,2024,13.0,Boros
Roda4,SUV,1541.1,4,105.2,1204.7,DCT,Hybrid,Liquid-cooled,21.8,400436.0,14103.0,2025,14.08,Hemat
Roda4,SUV,1531.4,4,100.0,1200.0,CVT,Diesel,Liquid-cooled,38.9,529112.0,6838.0,2016,13.68,Hemat
Roda4,City Car,1284.5,4,87.8,939.1,Automatic,Bensin,Liquid-cooled,30.4,211751.0,13363.0,2023,13.0,Boros
Roda4,SUV,1779.8,4,135.5,1424.1,CVT,Hybrid,Liquid-cooled,75.3,197808.0,14220.0,2026,9.81,Boros
Roda4,SUV,1630.6,4,112.6,1295.1,Manual,Bensin,Liquid-cooled,40.8,193710.0,12640.0,2024,9.99,Boros
Roda4,MPV,1584.6,4,115.6,1325.7,Manual,Diesel,Liquid-cooled,24.6,509911.0,11873.0,2025,13.5,Hemat
Roda2,Bebek,110.5,1,7.1,92.1,Manual,Bensin,Air-cooled,63.1,240001.0,11219.0,2026,49.65,Hemat
Roda4,SUV,1815.1,4,135.9,1444.0,Automatic,Hybrid,Liquid-cooled,36.1,332583.0,14369.0,2016,8.81,Boros
Roda4,City Car,1036.3,4,65.0,800.0,CVT,Bensin,Liquid-cooled,68.9,112866.0,13858.0,2015,19.32,Hemat
Roda4,MPV,1463.5,4,100.4,1219.5,Automatic,Diesel,Liquid-cooled,98.5,553412.0,12970.0,2020,13.03,Hemat
Roda4,City Car,1407.9,3,89.6,1064.4,Manual,Bensin,Liquid-cooled,62.9,507075.0,12266.0,2025,13.0,Boros
Roda4,SUV,1764.9,4,122.6,1471.2,Manual,Bensin,Liquid-cooled,64.8,426357.0,10944.0,2022,9.24,Boros
Roda2,Matic,118.8,1,10.5,101.7,CVT,Bensin,Liquid-cooled,75.9,267839.0,11995.0,2022,43.5,Hemat
Roda2,Matic,139.9,1,12.8,112.4,CVT,Bensin,Air-cooled,43.5,218435.0,12231.0,2026,41.58,Boros
Roda4,SUV,1927.0,4,143.3,1505.6,DCT,Diesel,Liquid-cooled,96.2,576164.0,11908.0,2016,8.0,Boros
Roda4,City Car,1370.5,4,92.6,997.8,Automatic,Bensin,Liquid-cooled,95.6,141106.0,12235.0,2018,13.0,Boros
Roda4,SUV,1733.4,4,123.3,1348.6,DCT,Bensin,Liquid-cooled,96.5,504029.0,11681.0,2024,11.39,Hemat
Roda4,SUV,1508.1,4,106.7,1247.9,DCT,Bensin,Liquid-cooled,78.6,180863.0,10976.0,2024,9.96,Boros
Roda2,Sport,229.8,2,27.5,160.4,Manual,Bensin,Liquid-cooled,67.0,264803.0,10463.0,2018,28.0,Boros
Roda4,City Car,1465.6,4,105.0,1042.5,Manual,Bensin,Liquid-cooled,82.7,544206.0,13266.0,2015,13.0,Boros
Roda2,Sport Besar,448.1,4,48.9,207.7,Manual,Bensin,Liquid-cooled,48.5,81505.0,13387.0,2020,18.16,Boros
Roda2,Sport,165.3,1,16.4,122.9,Manual,Bensin,Liquid-cooled,54.1,208201.0,12977.0,2020,31.09,Boros
Roda4,City Car,1259.6,3,88.8,977.2,CVT,Bensin,Liquid-cooled,18.3,166483.0,13651.0,2026,14.07,Boros
Roda4,MPV,1655.0,4,113.0,1350.1,CVT,Bensin,Liquid-cooled,60.3,333899.0,10050.0,2020,9.0,Boros
Roda2,Matic,152.0,1,15.8,123.0,CVT,Bensin,Liquid-cooled,43.2,126458.0,13632.0,2018,35.0,Boros
Roda4,SUV,1945.2,4,150.0,1551.9,CVT,Diesel,Liquid-cooled,54.6,506540.0,11028.0,2018,8.0,Boros
Roda4,MPV,1721.7,4,125.3,1421.4,Manual,Diesel,Liquid-cooled,24.6,422028.0,7330.0,2015,9.0,Boros
Roda2,Matic,120.5,1,9.7,100.1,CVT,Bensin,Liquid-cooled,27.7,112232.0,12302.0,2026,47.87,Hemat
Roda4,MPV,1580.3,4,114.9,1279.6,Manual,Bensin,Liquid-cooled,16.1,416763.0,11582.0,2020,9.0,Boros
Roda2,Matic,154.3,1,15.2,121.3,CVT,Bensin,Liquid-cooled,19.2,173877.0,10416.0,2019,35.0,Boros
Roda4,MPV,1475.2,4,100.1,1271.8,Manual,Bensin,Liquid-cooled,74.3,305778.0,11439.0,2024,9.68,Boros
Roda4,MPV,1726.1,4,118.3,1428.4,Manual,Diesel,Liquid-cooled,66.8,405051.0,7001.0,2015,9.0,Boros
Roda2,Sport,239.5,2,29.8,168.8,Manual,Bensin,Liquid-cooled,54.2,168726.0,11353.0,2025,28.0,Boros
Roda4,SUV,1771.6,4,125.8,1409.5,DCT,Diesel,Liquid-cooled,57.9,232165.0,10920.0,2018,11.01,Hemat
Roda2,Bebek,147.4,1,11.8,108.2,Manual,Bensin,Air-cooled,52.7,224910.0,13269.0,2015,42.0,Boros
Roda2,Matic,129.1,1,11.7,101.2,CVT,Bensin,Air-cooled,62.5,177472.0,10409.0,2025,54.21,Hemat
Roda4,SUV,1638.7,4,109.7,1323.7,Manual,Diesel,Liquid-cooled,62.6,349296.0,13067.0,2026,14.31,Hemat
Roda4,SUV,1615.1,4,109.9,1320.6,CVT,Hybrid,Liquid-cooled,73.5,355449.0,14038.0,2018,12.82,Hemat
Roda4,SUV,1654.0,4,113.2,1337.6,Automatic,Hybrid,Liquid-cooled,88.1,530741.0,13935.0,2015,11.94,Hemat
Roda2,Matic,138.5,1,12.8,108.2,CVT,Bensin,Liquid-cooled,28.5,82493.0,11937.0,2024,35.6,Boros
Roda2,Matic,134.6,1,12.4,112.4,CVT,Bensin,Air-cooled,47.4,258152.0,11567.0,2019,40.26,Boros
Roda4,City Car,1053.7,4,65.0,826.3,Automatic,Bensin,Liquid-cooled,25.7,368622.0,11284.0,2018,15.28,Hemat
Roda2,Sport Besar,555.1,2,58.1,230.7,Manual,Bensin,Liquid-cooled,19.6,123444.0,11951.0,2025,16.0,Boros
Roda2,Sport,160.2,2,15.2,120.0,Manual,Bensin,Liquid-cooled,56.5,277233.0,12923.0,2024,37.73,Hemat
Roda2,Matic,113.3,1,10.9,95.8,CVT,Bensin,Liquid-cooled,70.9,243965.0,10328.0,2020,46.7,Hemat
Roda2,Matic,130.8,1,11.6,107.2,CVT,Bensin,Liquid-cooled,11.6,125931.0,13592.0,2019,35.0,Boros
Roda2,Sport Besar,304.7,3,26.4,164.7,Manual,Bensin,Liquid-cooled,45.0,255201.0,11609.0,2025,25.13,Hemat
Roda4,SUV,1851.0,4,135.2,1485.6,CVT,Hybrid,Liquid-cooled,41.8,314570.0,14390.0,2024,9.77,Boros
Roda4,MPV,1645.9,4,110.1,1395.8,Manual,Diesel,Liquid-cooled,84.3,255940.0,7475.0,2017,9.0,Boros
Roda2,Sport,247.8,1,27.7,170.0,Manual,Bensin,Liquid-cooled,57.4,237866.0,12652.0,2021,28.0,Boros
Roda2,Bebek,110.0,1,7.6,93.7,Manual,Bensin,Air-cooled,32.1,63935.0,12378.0,2024,50.79,Hemat
Roda2,Sport Besar,333.5,3,35.1,186.6,Manual,Bensin,Liquid-cooled,34.5,107379.0,12067.0,2024,23.01,Hemat
Roda2,Matic,118.6,1,10.0,100.7,CVT,Bensin,Liquid-cooled,63.7,67813.0,13596.0,2017,46.04,Hemat
Roda2,Matic,153.4,1,13.5,124.0,CVT,Bensin,Air-cooled,10.6,97158.0,12688.0,2015,35.0,Boros
Roda4,MPV,1782.4,4,130.0,1500.0,Automatic,Bensin,Liquid-cooled,31.6,139637.0,11299.0,2018,9.0,Boros
Roda2,Sport,200.1,2,20.9,145.7,Manual,Bensin,Liquid-cooled,63.9,112354.0,13827.0,2022,31.08,Boros
Roda4,MPV,1398.9,4,91.0,1132.6,CVT,Bensin,Liquid-cooled,92.4,590542.0,13206.0,2024,14.62,Hemat
Roda2,Bebek,126.1,1,10.1,99.9,Manual,Bensin,Air-cooled,72.9,110871.0,13615.0,2019,44.0,Boros
Roda4,SUV,1896.0,4,143.5,1510.3,Manual,Diesel,Liquid-cooled,84.1,256759.0,12349.0,2022,8.24,Boros
Roda2,Matic,126.3,1,11.3,101.1,CVT,Bensin,Air-cooled,69.3,89515.0,10084.0,2025,44.93,Hemat
Roda4,SUV,1785.7,4,128.5,1440.8,DCT,Hybrid,Liquid-cooled,79.4,209935.0,14097.0,2016,11.19,Hemat
Roda2,Matic,145.4,1,13.4,117.2,CVT,Bensin,Air-cooled,30.7,192415.0,12561.0,2026,40.01,Boros
Roda4,MPV,1414.7,4,87.1,1265.4,CVT,Diesel,Liquid-cooled,24.9,115824.0,9462.0,2019,14.28,Hemat
Roda4,MPV,1347.5,4,94.5,1143.5,CVT,Bensin,Liquid-cooled,88.0,487681.0,11192.0,2021,15.55,Hemat
Roda4,City Car,1217.4,4,81.9,937.1,Automatic,Bensin,Liquid-cooled,57.9,261451.0,13810.0,2019,13.0,Boros
Roda2,Bebek,102.5,1,7.5,91.7,Manual,Bensin,Air-cooled,56.1,77223.0,12483.0,2026,46.43,Boros
Roda2,Sport,173.1,1,17.0,132.6,Manual,Bensin,Liquid-cooled,76.4,154641.0,13367.0,2018,33.36,Hemat
Roda2,Matic,116.7,1,11.3,95.0,CVT,Bensin,Air-cooled,66.1,246591.0,10745.0,2022,44.6,Hemat
Roda4,MPV,1384.4,4,99.4,1209.1,Manual,Diesel,Liquid-cooled,53.8,437232.0,10788.0,2022,14.94,Hemat
Roda4,MPV,1720.2,4,123.3,1438.0,Manual,Diesel,Liquid-cooled,95.9,332086.0,7529.0,2017,9.0,Boros
Roda4,SUV,1868.0,4,129.0,1545.8,Automatic,Diesel,Liquid-cooled,85.7,403892.0,12990.0,2017,8.28,Boros
Roda2,Sport,216.7,2,25.4,148.7,Manual,Bensin,Liquid-cooled,74.7,136003.0,11568.0,2026,28.0,Boros
Roda4,MPV,1524.5,4,107.4,1308.2,CVT,Bensin,Liquid-cooled,49.1,370645.0,10988.0,2022,9.74,Boros
Roda4,City Car,1031.5,3,65.0,816.8,CVT,Bensin,Liquid-cooled,70.5,496715.0,13663.0,2024,19.17,Hemat
Roda2,Sport Besar,646.7,4,67.7,250.0,Manual,Bensin,Liquid-cooled,27.6,123322.0,12974.0,2023,16.0,Boros
Roda4,MPV,1619.7,4,119.2,1349.3,CVT,Bensin,Liquid-cooled,21.6,369256.0,11427.0,2019,9.0,Boros
Roda4,City Car,1308.7,4,87.7,988.4,Automatic,Bensin,Liquid-cooled,61.3,568579.0,10118.0,2018,13.15,Boros
Roda4,SUV,1580.4,4,101.5,1361.7,Manual,Bensin,Liquid-cooled,58.0,382784.0,13610.0,2024,12.39,Hemat
Roda2,Matic,113.6,1,9.1,100.1,CVT,Bensin,Liquid-cooled,38.1,240278.0,11882.0,2025,50.72,Hemat
Roda4,City Car,1443.1,4,92.9,1100.0,CVT,Bensin,Liquid-cooled,87.5,290895.0,12729.0,2026,13.0,Boros
Roda4,City Car,1001.7,4,73.6,827.4,Manual,Bensin,Liquid-cooled,56.2,422848.0,10212.0,2018,16.68,Hemat
Roda4,MPV,1530.5,4,110.2,1208.0,CVT,Bensin,Liquid-cooled,25.8,266976.0,10265.0,2016,11.75,Boros
Roda4,SUV,1944.5,4,149.6,1521.2,Manual,Diesel,Liquid-cooled,46.2,470148.0,6855.0,2024,8.0,Boros
Roda4,SUV,1741.5,4,118.8,1400.6,DCT,Diesel,Liquid-cooled,54.3,223551.0,11142.0,2015,10.66,Boros
Roda4,SUV,1613.6,4,103.6,1321.3,CVT,Hybrid,Liquid-cooled,80.3,137262.0,13926.0,2021,14.64,Hemat
Roda2,Bebek,140.8,1,11.0,107.3,Manual,Bensin,Air-cooled,10.2,209496.0,12009.0,2025,42.0,Boros
Roda4,City Car,1278.5,3,92.0,994.4,Automatic,Bensin,Liquid-cooled,34.5,378619.0,10990.0,2015,13.0,Boros
Roda4,City Car,1112.0,3,70.1,869.8,Manual,Bensin,Liquid-cooled,82.4,164318.0,13799.0,2023,15.15,Hemat
Roda4,SUV,1544.3,4,105.6,1339.5,CVT,Diesel,Liquid-cooled,19.7,423975.0,12621.0,2018,12.96,Hemat
Roda2,Matic,111.6,1,9.0,97.2,CVT,Bensin,Air-cooled,14.1,103870.0,13894.0,2025,49.45,Hemat
Roda4,City Car,1089.0,3,65.0,854.0,CVT,Bensin,Liquid-cooled,17.5,577607.0,11269.0,2020,18.02,Hemat
Roda4,MPV,1721.1,4,125.3,1500.0,CVT,Diesel,Liquid-cooled,99.1,553061.0,11252.0,2018,9.0,Boros
Roda2,Bebek,103.1,1,7.0,90.0,Manual,Bensin,Air-cooled,17.2,183866.0,10332.0,2019,59.97,Hemat
Roda2,Matic,151.6,1,14.4,116.8,CVT,Bensin,Liquid-cooled,15.2,112940.0,10694.0,2023,35.0,Boros
Roda4,SUV,1535.4,4,100.0,1258.8,CVT,Diesel,Liquid-cooled,53.2,266941.0,12430.0,2022,12.95,Hemat
Roda2,Matic,115.2,1,9.4,97.3,CVT,Bensin,Air-cooled,56.9,297495.0,12574.0,2023,52.36,Hemat
Roda4,SUV,1708.8,4,110.9,1372.4,DCT,Diesel,Liquid-cooled,41.8,136804.0,12656.0,2025,11.44,Hemat
Roda2,Sport Besar,299.7,4,31.1,182.0,Manual,Bensin,Liquid-cooled,50.9,276461.0,13555.0,2025,22.52,Hemat
Roda2,Sport Besar,431.9,3,42.6,194.0,Manual,Bensin,Liquid-cooled,57.0,230886.0,10122.0,2018,16.0,Boros
Roda2,Bebek,102.3,1,7.9,93.8,Manual,Bensin,Air-cooled,45.1,184844.0,12667.0,2024,49.57,Hemat
Roda4,MPV,1473.2,4,107.6,1198.4,CVT,Bensin,Liquid-cooled,79.9,229260.0,12788.0,2015,12.07,Hemat
Roda4,City Car,1477.9,3,100.5,1029.2,Manual,Bensin,Liquid-cooled,71.5,546530.0,11562.0,2025,13.0,Boros
Roda4,City Car,1190.2,4,77.3,932.8,Automatic,Bensin,Liquid-cooled,28.7,498573.0,11640.0,2021,13.4,Boros
Roda4,SUV,1715.9,4,118.0,1356.2,DCT,Diesel,Liquid-cooled,62.8,574571.0,12535.0,2026,11.24,Hemat
Roda2,Bebek,131.8,1,9.4,103.5,Manual,Bensin,Air-cooled,55.9,94357.0,12126.0,2021,45.08,Boros
Roda2,Bebek,127.3,1,10.5,99.8,Manual,Bensin,Air-cooled,44.8,296946.0,10532.0,2023,42.0,Boros
Roda2,Sport Besar,528.1,4,58.1,223.2,Manual,Bensin,Liquid-cooled,57.9,154673.0,10358.0,2021,16.0,Boros
Roda4,MPV,1725.1,4,129.5,1438.3,Manual,Diesel,Liquid-cooled,46.8,157797.0,8715.0,2021,9.0,Boros
Roda2,Sport Besar,346.6,3,31.7,163.8,Manual,Bensin,Liquid-cooled,59.7,179198.0,10028.0,2016,21.33,Boros
Roda4,SUV,1717.0,4,124.2,1336.5,CVT,Hybrid,Liquid-cooled,47.4,207994.0,14325.0,2026,12.51,Hemat
Roda4,City Car,1290.0,3,89.0,946.6,CVT,Bensin,Liquid-cooled,94.8,264423.0,11860.0,2016,13.0,Boros
Roda2,Bebek,116.0,1,9.0,97.6,Manual,Bensin,Air-cooled,70.7,198394.0,10496.0,2016,42.0,Boros
Roda2,Matic,135.2,1,12.2,106.9,CVT,Bensin,Air-cooled,37.1,75269.0,13127.0,2022,41.06,Boros
Roda2,Sport,171.4,2,19.1,132.8,Manual,Bensin,Liquid-cooled,50.8,220761.0,12653.0,2018,32.39,Boros
Roda2,Bebek,121.9,1,10.3,95.1,Manual,Bensin,Air-cooled,47.2,66655.0,10893.0,2021,48.74,Hemat
Roda4,MPV,1781.5,4,125.5,1466.5,Automatic,Bensin,Liquid-cooled,44.3,229926.0,12283.0,2022,9.0,Boros
Roda4,SUV,1541.3,4,105.8,1204.9,CVT,Hybrid,Liquid-cooled,70.4,430373.0,14065.0,2015,12.76,Hemat
Roda4,SUV,1999.2,4,147.3,1593.2,DCT,Hybrid,Liquid-cooled,62.0,374486.0,14397.0,2023,8.94,Boros
Roda4,SUV,1983.6,4,147.6,1570.1,DCT,Hybrid,Liquid-cooled,49.8,411928.0,14111.0,2022,8.95,Boros
Roda2,Matic,148.7,1,13.9,124.9,CVT,Bensin,Liquid-cooled,76.0,254496.0,12292.0,2017,35.0,Boros
Roda2,Sport,182.3,2,19.3,133.9,Manual,Bensin,Liquid-cooled,45.1,124626.0,13447.0,2022,31.67,Boros
Roda2,Matic,148.0,1,14.0,113.6,CVT,Bensin,Air-cooled,22.2,233305.0,11411.0,2026,35.0,Boros
Roda2,Bebek,145.4,1,12.0,109.5,Manual,Bensin,Air-cooled,37.3,144876.0,10884.0,2025,42.0,Boros
Roda4,SUV,1730.5,4,127.7,1353.7,CVT,Bensin,Liquid-cooled,80.1,260635.0,12956.0,2018,9.2,Boros
Roda2,Sport Besar,443.8,4,41.0,204.1,Manual,Bensin,Liquid-cooled,35.6,227105.0,11816.0,2024,18.7,Boros
Roda4,SUV,1894.0,4,137.2,1549.0,DCT,Diesel,Liquid-cooled,74.5,433600.0,11618.0,2018,8.0,Boros
Roda4,City Car,1085.7,3,70.9,813.5,Automatic,Bensin,Liquid-cooled,24.2,149421.0,13540.0,2016,15.21,Hemat
Roda2,Sport Besar,599.5,2,69.6,249.0,Manual,Bensin,Liquid-cooled,17.3,196372.0,13891.0,2024,16.0,Boros
Roda2,Bebek,128.3,1,9.9,102.4,Manual,Bensin,Air-cooled,33.9,288329.0,13522.0,2019,42.0,Boros
Roda2,Sport,166.3,2,19.6,125.1,Manual,Bensin,Liquid-cooled,10.6,294067.0,12435.0,2015,29.51,Boros
Roda2,Matic,126.3,1,10.8,107.1,CVT,Bensin,Liquid-cooled,61.5,178245.0,12881.0,2018,43.94,Hemat
Roda4,City Car,1362.4,3,100.5,997.2,Manual,Bensin,Liquid-cooled,56.2,136114.0,10645.0,2025,13.0,Boros
Roda4,MPV,1767.6,4,128.6,1441.1,Automatic,Diesel,Liquid-cooled,83.8,457894.0,8047.0,2019,9.0,Boros
Roda2,Sport Besar,331.3,3,30.7,167.2,Manual,Bensin,Liquid-cooled,23.6,155483.0,12733.0,2016,27.0,Hemat
Roda2,Bebek,132.1,1,9.8,102.3,Manual,Bensin,Air-cooled,27.4,129236.0,13154.0,2017,42.0,Boros
Roda2,Sport,192.7,1,20.2,143.2,Manual,Bensin,Liquid-cooled,77.5,187966.0,11976.0,2022,29.11,Boros
Roda2,Sport,202.6,1,23.5,149.2,Manual,Bensin,Liquid-cooled,66.3,72330.0,13352.0,2016,28.0,Boros
Roda4,City Car,1480.3,4,105.0,1094.0,Automatic,Bensin,Liquid-cooled,99.1,441887.0,11462.0,2015,13.0,Boros
Roda4,MPV,1457.5,4,99.9,1248.8,Manual,Diesel,Liquid-cooled,59.4,228425.0,12547.0,2026,14.23,Hemat
Roda4,SUV,1836.3,4,135.6,1470.9,Manual,Diesel,Liquid-cooled,59.4,492080.0,8620.0,2016,9.51,Boros
Roda2,Matic,125.0,1,12.0,101.9,CVT,Bensin,Air-cooled,71.0,67152.0,11437.0,2020,49.72,Hemat
Roda2,Matic,155.5,1,14.0,122.9,CVT,Bensin,Liquid-cooled,67.6,162852.0,11956.0,2022,35.0,Boros
Roda4,MPV,1557.8,4,104.1,1381.1,Manual,Diesel,Liquid-cooled,22.8,432217.0,7802.0,2021,13.47,Hemat
Roda4,MPV,1714.0,4,116.0,1473.5,Manual,Bensin,Liquid-cooled,41.5,340934.0,10183.0,2024,9.0,Boros
Roda2,Bebek,125.0,1,9.8,102.0,Manual,Bensin,Air-cooled,11.5,286279.0,12717.0,2016,42.0,Boros
Roda2,Bebek,108.3,1,7.5,91.4,Manual,Bensin,Air-cooled,53.9,196079.0,13515.0,2015,61.35,Hemat
Roda2,Bebek,123.7,1,9.2,97.5,Manual,Bensin,Air-cooled,25.7,255448.0,11346.0,2024,46.78,Boros
Roda2,Sport Besar,560.4,4,62.4,246.1,Manual,Bensin,Liquid-cooled,32.1,152989.0,11399.0,2015,16.0,Boros
Roda2,Sport,184.3,2,19.7,134.7,Manual,Bensin,Liquid-cooled,11.5,237436.0,13707.0,2021,33.93,Hemat
Roda2,Matic,112.5,1,10.5,95.0,CVT,Bensin,Air-cooled,56.3,187608.0,10476.0,2021,57.42,Hemat
Roda2,Matic,143.6,1,14.3,112.2,CVT,Bensin,Air-cooled,25.5,57025.0,13820.0,2017,35.0,Boros
Roda2,Matic,130.6,1,10.1,106.7,CVT,Bensin,Liquid-cooled,10.0,92129.0,10119.0,2023,42.95,Hemat
Roda2,Sport Besar,475.0,4,46.2,209.9,Manual,Bensin,Liquid-cooled,22.7,135839.0,10701.0,2019,16.41,Boros
Roda4,SUV,1854.5,4,142.5,1497.5,DCT,Diesel,Liquid-cooled,99.4,589538.0,11911.0,2022,9.98,Boros
Roda2,Sport,193.5,2,23.4,139.5,Manual,Bensin,Liquid-cooled,63.4,299301.0,13071.0,2020,28.0,Boros
Roda4,SUV,1928.5,4,147.2,1525.0,Manual,Hybrid,Liquid-cooled,55.6,215397.0,14360.0,2020,8.63,Boros
Roda2,Sport,185.7,1,19.1,143.0,Manual,Bensin,Liquid-cooled,48.6,237158.0,12828.0,2022,33.54,Hemat
Roda2,Bebek,100.5,1,7.0,91.1,Manual,Bensin,Air-cooled,16.9,68915.0,11410.0,2019,57.59,Hemat
Roda4,SUV,1621.0,4,116.3,1283.3,DCT,Bensin,Liquid-cooled,23.6,395819.0,13860.0,2017,10.55,Boros
Roda4,SUV,1726.8,4,116.5,1342.1,Manual,Diesel,Liquid-cooled,45.8,335081.0,9305.0,2020,11.72,Hemat
Roda4,City Car,1309.7,4,93.7,993.7,Automatic,Bensin,Liquid-cooled,26.1,444484.0,10228.0,2024,13.0,Boros
Roda2,Matic,110.8,1,9.7,95.0,CVT,Bensin,Air-cooled,43.7,175783.0,11232.0,2015,52.79,Hemat
Roda2,Sport Besar,470.9,3,56.4,219.9,Manual,Bensin,Liquid-cooled,43.5,235528.0,10853.0,2024,17.48,Boros
Roda2,Sport Besar,471.0,4,50.5,211.1,Manual,Bensin,Liquid-cooled,39.2,115114.0,13074.0,2017,16.0,Boros
Roda4,SUV,1848.8,4,131.0,1532.2,Automatic,Bensin,Liquid-cooled,96.7,415343.0,12908.0,2017,8.0,Boros
Roda4,SUV,1858.9,4,141.7,1453.9,Automatic,Bensin,Liquid-cooled,67.3,326656.0,11636.0,2018,8.0,Boros
Roda2,Sport,174.3,1,17.5,136.7,Manual,Bensin,Liquid-cooled,60.9,143816.0,10545.0,2018,34.41,Hemat
Roda4,SUV,1935.3,4,143.9,1600.0,DCT,Bensin,Liquid-cooled,72.8,146208.0,13224.0,2018,8.0,Boros
Roda4,MPV,1618.1,4,113.3,1371.7,Automatic,Bensin,Liquid-cooled,18.1,174939.0,10668.0,2019,9.0,Boros
Roda2,Bebek,118.4,1,8.4,100.2,Manual,Bensin,Air-cooled,67.2,249586.0,10588.0,2025,52.34,Hemat
Roda4,SUV,1593.0,4,102.2,1286.5,Manual,Hybrid,Liquid-cooled,92.4,466567.0,14252.0,2022,11.79,Hemat
Roda4,MPV,1648.7,4,113.0,1305.8,Manual,Diesel,Liquid-cooled,37.6,574060.0,11319.0,2015,10.48,Boros
Roda4,SUV,1627.7,4,110.8,1232.5,DCT,Bensin,Liquid-cooled,94.8,379907.0,10302.0,2023,11.25,Hemat
Roda2,Matic,132.3,1,11.6,105.8,CVT,Bensin,Liquid-cooled,67.0,281833.0,12741.0,2016,42.76,Hemat
Roda2,Matic,125.1,1,9.9,103.3,CVT,Bensin,Air-cooled,41.9,188978.0,11576.0,2015,42.7,Hemat
Roda4,SUV,1850.9,4,143.1,1454.4,CVT,Hybrid,Liquid-cooled,76.0,316603.0,13983.0,2025,12.0,Hemat
Roda4,SUV,1720.1,4,114.0,1338.8,Manual,Hybrid,Liquid-cooled,91.1,339848.0,14224.0,2020,10.65,Boros
Roda4,City Car,1228.9,3,82.5,949.1,Manual,Bensin,Liquid-cooled,56.2,434112.0,13814.0,2023,13.75,Boros
Roda4,SUV,1725.9,4,131.2,1387.0,Automatic,Hybrid,Liquid-cooled,48.9,279312.0,14098.0,2019,8.62,Boros
Roda2,Bebek,130.9,1,10.1,106.6,Manual,Bensin,Air-cooled,75.4,222272.0,13211.0,2021,42.0,Boros
Roda4,MPV,1760.7,4,124.2,1469.8,Automatic,Bensin,Liquid-cooled,43.7,288767.0,11833.0,2024,9.0,Boros
Roda4,SUV,1799.5,4,132.6,1441.4,DCT,Hybrid,Liquid-cooled,88.3,232799.0,14253.0,2015,10.83,Boros
Roda2,Sport,208.8,2,24.9,146.6,Manual,Bensin,Liquid-cooled,51.0,243290.0,10529.0,2025,28.03,Boros
Roda2,Bebek,113.6,1,8.2,97.0,Manual,Bensin,Air-cooled,16.5,152624.0,10637.0,2022,44.74,Boros
Roda4,SUV,1952.1,4,148.9,1568.0,CVT,Bensin,Liquid-cooled,55.3,478897.0,13174.0,2019,8.0,Boros
Roda2,Bebek,115.8,1,8.4,94.8,Manual,Bensin,Air-cooled,49.5,266637.0,12230.0,2017,42.0,Boros
Roda4,SUV,1676.0,4,109.9,1310.3,Manual,Bensin,Liquid-cooled,82.7,176079.0,10848.0,2024,9.49,Boros
Roda2,Sport,192.0,1,19.0,134.5,Manual,Bensin,Liquid-cooled,42.2,291088.0,12876.0,2018,29.96,Boros
Roda2,Matic,120.5,1,11.2,100.6,CVT,Bensin,Air-cooled,50.3,80809.0,12692.0,2022,43.95,Hemat
Roda4,City Car,1299.9,4,89.8,993.0,Automatic,Bensin,Liquid-cooled,45.9,341232.0,13283.0,2020,13.0,Boros
Roda4,MPV,1769.0,4,129.3,1392.1,CVT,Diesel,Liquid-cooled,17.8,538839.0,9522.0,2020,10.19,Boros
Roda4,MPV,1756.0,4,124.0,1497.4,Manual,Diesel,Liquid-cooled,68.4,116373.0,10617.0,2026,9.0,Boros
Roda2,Matic,137.8,1,12.4,109.8,CVT,Bensin,Liquid-cooled,50.1,299206.0,13350.0,2016,40.68,Boros
Roda4,MPV,1730.0,4,127.5,1467.6,Manual,Bensin,Liquid-cooled,83.9,447973.0,11280.0,2026,9.0,Boros
Roda4,MPV,1300.6,4,85.0,1100.0,CVT,Bensin,Liquid-cooled,91.5,497649.0,13753.0,2019,14.2,Hemat
Roda4,SUV,1659.3,4,112.9,1351.3,DCT,Bensin,Liquid-cooled,79.9,200809.0,11053.0,2021,9.03,Boros
Roda4,MPV,1461.2,4,96.5,1178.2,CVT,Diesel,Liquid-cooled,72.8,163680.0,9927.0,2019,12.04,Hemat
Roda4,City Car,1261.7,4,88.0,924.1,Manual,Bensin,Liquid-cooled,60.3,567986.0,11371.0,2022,13.1,Boros
Roda2,Bebek,136.1,1,10.9,106.1,Manual,Bensin,Air-cooled,50.0,119995.0,13001.0,2025,42.0,Boros
Roda2,Matic,135.5,1,13.0,103.7,CVT,Bensin,Air-cooled,73.8,284341.0,13743.0,2025,53.03,Hemat
Roda2,Bebek,113.9,1,8.4,98.8,Manual,Bensin,Air-cooled,69.1,165082.0,10849.0,2020,42.0,Boros
Roda2,Sport,233.1,1,29.1,153.3,Manual,Bensin,Liquid-cooled,26.1,180072.0,11596.0,2016,28.0,Boros
Roda2,Sport,167.6,2,20.0,130.0,Manual,Bensin,Liquid-cooled,59.6,246317.0,10332.0,2024,38.05,Hemat
Roda4,City Car,1102.2,3,76.1,857.3,CVT,Bensin,Liquid-cooled,24.2,186527.0,13165.0,2022,17.69,Hemat
Roda2,Sport Besar,623.3,2,68.1,250.0,Manual,Bensin,Liquid-cooled,18.9,203516.0,13160.0,2018,16.0,Boros
Roda2,Matic,114.6,1,9.6,95.7,CVT,Bensin,Liquid-cooled,12.4,295641.0,13374.0,2022,55.31,Hemat
Roda4,SUV,1806.3,4,124.6,1454.7,DCT,Bensin,Liquid-cooled,15.0,376230.0,13756.0,2023,8.0,Boros
Roda2,Matic,115.4,1,9.1,97.8,CVT,Bensin,Air-cooled,14.2,214392.0,13444.0,2020,42.16,Hemat
Roda4,City Car,1040.9,4,74.4,860.8,CVT,Bensin,Liquid-cooled,77.1,463835.0,11082.0,2022,17.62,Hemat
Roda2,Matic,114.7,1,9.8,100.0,CVT,Bensin,Air-cooled,47.9,241375.0,13276.0,2023,51.57,Hemat
Roda4,City Car,1185.5,3,76.8,957.6,Manual,Bensin,Liquid-cooled,85.8,171261.0,10659.0,2026,16.46,Hemat
Roda2,Matic,129.3,1,11.3,105.4,CVT,Bensin,Liquid-cooled,69.7,208070.0,10992.0,2018,43.18,Hemat
Roda2,Sport,160.6,2,15.0,126.8,Manual,Bensin,Liquid-cooled,31.0,291780.0,11126.0,2015,30.18,Boros
Roda4,MPV,1387.1,4,89.4,1113.8,CVT,Bensin,Liquid-cooled,26.6,444221.0,11657.0,2026,13.34,Hemat
Roda4,City Car,1078.5,4,76.3,849.6,CVT,Bensin,Liquid-cooled,33.7,265396.0,10385.0,2025,16.55,Hemat
Roda4,SUV,1511.2,4,100.0,1219.2,DCT,Hybrid,Liquid-cooled,69.4,144824.0,13987.0,2017,14.9,Hemat
Roda4,MPV,1451.7,4,99.1,1187.8,CVT,Diesel,Liquid-cooled,86.8,187575.0,10698.0,2026,13.13,Hemat
Roda2,Bebek,145.2,1,12.0,110.0,Manual,Bensin,Air-cooled,76.1,59857.0,12752.0,2023,42.0,Boros
Roda2,Sport Besar,382.0,2,43.6,196.4,Manual,Bensin,Liquid-cooled,59.0,266280.0,13149.0,2023,17.53,Boros
Roda2,Sport,232.6,2,28.4,160.9,Manual,Bensin,Liquid-cooled,49.6,104487.0,12291.0,2026,28.0,Boros
Roda4,City Car,1125.8,3,74.9,887.9,CVT,Bensin,Liquid-cooled,85.0,320067.0,11995.0,2025,16.54,Hemat
Roda4,MPV,1613.6,4,111.4,1323.5,CVT,Bensin,Liquid-cooled,95.1,390566.0,10775.0,2018,9.81,Boros
Roda4,City Car,1445.3,3,97.0,1068.9,CVT,Bensin,Liquid-cooled,45.0,449602.0,13440.0,2022,13.0,Boros
Roda4,City Car,1229.5,4,82.7,942.5,Automatic,Bensin,Liquid-cooled,51.1,519176.0,13482.0,2024,14.74,Boros
Roda4,City Car,1299.8,4,89.9,928.1,Manual,Bensin,Liquid-cooled,31.4,392715.0,13099.0,2022,13.38,Boros
Roda4,City Car,1272.9,4,85.6,980.8,Manual,Bensin,Liquid-cooled,77.0,492968.0,10354.0,2016,13.0,Boros
Roda4,City Car,1319.6,4,95.9,1022.8,Automatic,Bensin,Liquid-cooled,44.1,592955.0,13738.0,2017,13.0,Boros
Roda2,Sport Besar,507.0,4,47.8,223.1,Manual,Bensin,Liquid-cooled,78.3,101504.0,10554.0,2018,16.0,Boros
Roda4,SUV,1588.8,4,115.6,1252.7,Automatic,Diesel,Liquid-cooled,78.9,294793.0,9785.0,2020,11.34,Hemat
Roda4,SUV,1915.6,4,143.6,1540.2,CVT,Bensin,Liquid-cooled,53.9,119804.0,12251.0,2015,8.0,Boros
Roda2,Matic,115.6,1,9.7,103.9,CVT,Bensin,Air-cooled,43.4,296836.0,12798.0,2023,50.69,Hemat
Roda2,Sport,157.0,2,15.0,120.0,Manual,Bensin,Liquid-cooled,33.4,189435.0,11349.0,2021,41.97,Hemat
Roda2,Matic,121.8,1,10.6,102.4,CVT,Bensin,Air-cooled,31.3,217015.0,13721.0,2018,41.39,Boros
Roda2,Sport,153.7,2,15.0,125.5,Manual,Bensin,Liquid-cooled,32.6,173479.0,10500.0,2017,35.5,Hemat
Roda2,Sport,157.1,1,17.0,131.1,Manual,Bensin,Liquid-cooled,21.3,259159.0,12561.0,2025,30.27,Boros
Roda4,MPV,1554.6,4,108.5,1363.5,CVT,Diesel,Liquid-cooled,88.9,490982.0,9385.0,2023,11.32,Boros
Roda4,SUV,1925.9,4,140.1,1600.0,CVT,Hybrid,Liquid-cooled,23.5,466730.0,14354.0,2025,9.21,Boros
Roda2,Sport,209.7,2,23.2,148.9,Manual,Bensin,Liquid-cooled,11.3,281460.0,13018.0,2017,28.0,Boros
Roda4,SUV,1595.0,4,104.0,1255.3,DCT,Hybrid,Liquid-cooled,99.5,319227.0,14044.0,2023,13.42,Hemat
Roda2,Matic,120.8,1,10.8,103.3,CVT,Bensin,Air-cooled,64.2,82427.0,11770.0,2025,49.86,Hemat
Roda4,City Car,1094.6,4,74.9,853.3,Automatic,Bensin,Liquid-cooled,47.1,526727.0,13477.0,2021,15.06,Hemat
Roda4,MPV,1656.2,4,114.3,1390.0,CVT,Diesel,Liquid-cooled,32.5,222893.0,9194.0,2025,13.08,Hemat
Roda4,MPV,1508.0,4,96.1,1304.4,Manual,Diesel,Liquid-cooled,93.2,452629.0,7834.0,2020,12.22,Hemat
Roda4,MPV,1563.5,4,107.8,1298.8,Manual,Bensin,Liquid-cooled,47.4,216712.0,13550.0,2020,11.59,Boros
Roda4,SUV,1906.7,4,144.0,1499.9,DCT,Hybrid,Liquid-cooled,42.8,428525.0,14290.0,2023,9.76,Boros
Roda4,MPV,1311.3,4,89.2,1119.9,Manual,Diesel,Liquid-cooled,84.7,392934.0,11339.0,2026,16.12,Hemat
Roda2,Sport Besar,442.1,3,44.7,181.0,Manual,Bensin,Liquid-cooled,52.1,212081.0,13012.0,2017,16.06,Boros
Roda2,Sport,162.0,1,18.8,134.0,Manual,Bensin,Liquid-cooled,66.6,290219.0,13404.0,2020,31.76,Boros
Roda4,MPV,1374.7,4,91.0,1100.0,Manual,Bensin,Liquid-cooled,75.7,196001.0,10604.0,2026,13.71,Hemat
Roda4,City Car,1483.7,3,99.3,1085.3,CVT,Bensin,Liquid-cooled,36.7,184259.0,11488.0,2015,13.0,Boros
Roda4,City Car,1089.4,3,73.0,815.2,CVT,Bensin,Liquid-cooled,65.5,469651.0,10222.0,2018,16.89,Hemat
Roda4,SUV,1517.7,4,111.5,1202.8,Automatic,Diesel,Liquid-cooled,62.8,112316.0,12996.0,2019,12.85,Hemat
Roda4,MPV,1737.9,4,123.9,1413.0,Automatic,Diesel,Liquid-cooled,29.6,272917.0,6963.0,2026,9.0,Boros
Roda4,SUV,1673.0,4,116.0,1288.3,Automatic,Bensin,Liquid-cooled,17.2,593882.0,13243.0,2015,9.16,Boros
Roda2,Bebek,128.0,1,9.8,98.8,Manual,Bensin,Air-cooled,62.5,129322.0,11886.0,2026,42.75,Boros
Roda4,SUV,1992.3,4,143.0,1600.0,Automatic,Hybrid,Liquid-cooled,37.3,297328.0,14157.0,2023,8.0,Boros
Roda4,SUV,1857.2,4,134.5,1533.4,CVT,Bensin,Liquid-cooled,15.9,182763.0,12826.0,2026,8.0,Boros
Roda4,SUV,1793.1,4,122.4,1412.4,CVT,Diesel,Liquid-cooled,21.8,595893.0,12501.0,2017,9.4,Boros
Roda4,City Car,1223.5,4,81.1,980.1,CVT,Bensin,Liquid-cooled,37.1,529384.0,13164.0,2018,13.0,Boros
Roda2,Bebek,110.6,1,9.0,95.1,Manual,Bensin,Air-cooled,58.2,259241.0,13381.0,2026,50.04,Hemat
Roda4,MPV,1651.8,4,119.8,1366.7,Automatic,Bensin,Liquid-cooled,34.1,421554.0,12751.0,2026,9.0,Boros
Roda2,Bebek,102.6,1,7.0,90.0,Manual,Bensin,Air-cooled,27.0,282915.0,10409.0,2022,57.34,Hemat
Roda2,Bebek,128.9,1,9.6,103.9,Manual,Bensin,Air-cooled,46.4,161901.0,12175.0,2022,42.0,Boros
Roda4,MPV,1544.5,4,108.2,1335.8,Automatic,Bensin,Liquid-cooled,95.1,346475.0,10795.0,2026,11.2,Boros
Roda2,Bebek,126.6,1,9.8,99.0,Manual,Bensin,Air-cooled,38.0,294181.0,13210.0,2016,42.0,Boros
Roda4,SUV,1738.4,4,125.3,1414.1,Automatic,Bensin,Liquid-cooled,87.2,233453.0,13832.0,2026,9.68,Boros
Roda2,Bebek,115.0,1,7.7,96.1,Manual,Bensin,Air-cooled,12.3,136268.0,12474.0,2020,58.53,Hemat
Roda2,Matic,145.5,1,14.4,116.3,CVT,Bensin,Liquid-cooled,21.3,175431.0,13607.0,2017,35.0,Boros
Roda4,MPV,1448.9,4,98.3,1216.1,Manual,Diesel,Liquid-cooled,51.7,592357.0,7126.0,2026,12.62,Hemat
Roda4,City Car,1342.6,3,93.0,964.8,Manual,Bensin,Liquid-cooled,31.9,528076.0,13870.0,2022,13.45,Boros
Roda4,SUV,1995.9,4,143.4,1600.0,Manual,Diesel,Liquid-cooled,26.6,369165.0,9863.0,2019,8.0,Boros
Roda4,MPV,1729.4,4,119.1,1432.3,Automatic,Bensin,Liquid-cooled,79.5,157668.0,12241.0,2019,9.0,Boros
Roda4,City Car,1046.3,4,65.0,857.9,Manual,Bensin,Liquid-cooled,94.2,256782.0,12981.0,2023,15.51,Hemat
Roda4,SUV,1618.3,4,116.0,1272.7,Automatic,Hybrid,Liquid-cooled,50.2,307354.0,14324.0,2016,13.38,Hemat
Roda4,City Car,1123.0,3,70.1,902.6,CVT,Bensin,Liquid-cooled,94.4,398970.0,11231.0,2020,16.07,Hemat
Roda2,Sport,231.2,2,26.1,159.9,Manual,Bensin,Liquid-cooled,52.1,292679.0,12278.0,2022,28.0,Boros
Roda4,City Car,1317.2,4,95.3,930.5,Automatic,Bensin,Liquid-cooled,28.0,260204.0,11803.0,2023,13.0,Boros
Roda2,Sport Besar,407.4,4,43.8,200.9,Manual,Bensin,Liquid-cooled,20.0,142950.0,12752.0,2025,18.42,Boros
Roda2,Matic,151.0,1,15.2,117.8,CVT,Bensin,Air-cooled,69.6,278296.0,13304.0,2026,35.0,Boros
Roda2,Matic,158.2,1,15.2,122.6,CVT,Bensin,Liquid-cooled,40.9,208561.0,13020.0,2015,35.0,Boros
Roda2,Bebek,122.9,1,9.6,96.0,Manual,Bensin,Air-cooled,59.7,284345.0,12353.0,2017,42.0,Boros
Roda2,Matic,112.0,1,10.0,95.0,CVT,Bensin,Liquid-cooled,45.8,146213.0,10822.0,2025,56.3,Hemat
Roda4,City Car,1157.8,4,81.6,937.9,CVT,Bensin,Liquid-cooled,78.9,340012.0,10356.0,2023,14.34,Boros
Roda2,Matic,126.3,1,11.4,105.9,CVT,Bensin,Liquid-cooled,75.3,200309.0,10559.0,2021,35.72,Boros
Roda4,City Car,1189.5,4,76.8,850.3,Manual,Bensin,Liquid-cooled,20.8,446963.0,13120.0,2026,15.46,Hemat
Roda4,City Car,1160.0,4,80.2,914.1,Manual,Bensin,Liquid-cooled,85.7,180005.0,12030.0,2017,13.0,Boros
Roda4,MPV,1326.3,4,85.0,1100.0,CVT,Bensin,Liquid-cooled,84.6,481090.0,12956.0,2025,16.3,Hemat
Roda4,SUV,1747.7,4,119.3,1380.7,Manual,Hybrid,Liquid-cooled,69.8,338827.0,14078.0,2023,12.34,Hemat
Roda2,Matic,138.8,1,12.6,113.8,CVT,Bensin,Air-cooled,14.7,257417.0,12193.0,2017,35.0,Boros
Roda4,SUV,1566.9,4,109.3,1238.8,CVT,Diesel,Liquid-cooled,29.2,254178.0,9437.0,2015,11.83,Hemat
Roda4,SUV,1719.9,4,115.1,1323.5,Manual,Bensin,Liquid-cooled,65.9,451332.0,10746.0,2022,8.08,Boros
Roda4,MPV,1553.2,4,108.5,1279.3,Automatic,Bensin,Liquid-cooled,53.0,296445.0,12587.0,2024,11.91,Boros
Roda4,MPV,1601.2,4,108.1,1333.5,Automatic,Diesel,Liquid-cooled,80.4,505207.0,11795.0,2017,10.54,Boros
Roda2,Matic,117.7,1,11.0,98.7,CVT,Bensin,Liquid-cooled,62.0,186749.0,11001.0,2025,48.74,Hemat
Roda4,City Car,1316.1,3,93.1,956.0,Automatic,Bensin,Liquid-cooled,22.4,284198.0,12198.0,2023,13.0,Boros
Roda2,Matic,135.2,1,12.7,110.4,CVT,Bensin,Liquid-cooled,32.7,179262.0,10178.0,2015,35.0,Boros
Roda4,MPV,1545.9,4,108.0,1309.1,Manual,Diesel,Liquid-cooled,15.9,240331.0,9589.0,2024,11.98,Boros
Roda4,MPV,1753.6,4,130.0,1408.4,Automatic,Diesel,Liquid-cooled,36.1,272582.0,7852.0,2016,9.0,Boros
Roda4,City Car,1061.0,3,76.5,863.2,Automatic,Bensin,Liquid-cooled,28.9,492124.0,13729.0,2019,16.89,Hemat
Roda4,City Car,1125.9,3,73.1,886.4,CVT,Bensin,Liquid-cooled,88.9,360528.0,12789.0,2024,18.54,Hemat
Roda4,SUV,1595.3,4,108.3,1231.8,CVT,Bensin,Liquid-cooled,15.3,112193.0,13890.0,2015,12.49,Hemat
Roda4,MPV,1766.2,4,121.8,1470.0,Automatic,Bensin,Liquid-cooled,18.2,306834.0,11991.0,2023,9.0,Boros
Roda4,MPV,1757.1,4,129.8,1473.6,Automatic,Diesel,Liquid-cooled,24.0,317335.0,10903.0,2017,9.0,Boros
Roda2,Matic,141.0,1,13.8,112.2,CVT,Bensin,Air-cooled,22.6,102753.0,10025.0,2020,35.15,Boros
Roda4,MPV,1541.2,4,102.6,1316.7,Manual,Bensin,Liquid-cooled,86.6,141328.0,12561.0,2026,13.33,Hemat
Roda4,SUV,1683.3,4,121.5,1376.2,Manual,Bensin,Liquid-cooled,77.5,350859.0,10173.0,2023,9.65,Boros
Roda4,City Car,1256.9,3,83.8,991.3,Automatic,Bensin,Liquid-cooled,81.7,357228.0,11293.0,2024,13.15,Boros
Roda4,City Car,1444.4,3,98.6,1058.3,Manual,Bensin,Liquid-cooled,69.8,333847.0,13198.0,2017,13.0,Boros
Roda4,MPV,1566.7,4,119.0,1295.3,CVT,Bensin,Liquid-cooled,81.6,421999.0,11706.0,2018,10.55,Boros
Roda4,MPV,1751.3,4,125.1,1482.1,Automatic,Diesel,Liquid-cooled,40.2,380342.0,12453.0,2018,9.0,Boros
Roda2,Sport,174.2,1,16.8,141.4,Manual,Bensin,Liquid-cooled,46.1,233753.0,10369.0,2026,35.61,Hemat
Roda4,MPV,1680.6,4,111.1,1411.2,Automatic,Diesel,Liquid-cooled,85.7,238715.0,12032.0,2020,9.9,Boros
Roda4,MPV,1472.2,4,100.0,1260.4,Automatic,Diesel,Liquid-cooled,91.8,174788.0,11609.0,2026,12.57,Hemat
Roda4,City Car,1387.7,4,100.1,1062.5,Automatic,Bensin,Liquid-cooled,89.3,577794.0,10789.0,2016,13.0,Boros
Roda2,Matic,157.8,1,15.3,119.2,CVT,Bensin,Liquid-cooled,71.1,228016.0,12262.0,2018,35.0,Boros
Roda4,MPV,1545.5,4,104.9,1333.9,Manual,Bensin,Liquid-cooled,92.8,242618.0,10038.0,2024,9.08,Boros
Roda2,Sport Besar,383.8,2,37.2,202.4,Manual,Bensin,Liquid-cooled,44.9,132972.0,11458.0,2018,19.42,Boros
Roda4,SUV,1684.6,4,123.9,1352.2,Automatic,Bensin,Liquid-cooled,36.1,192731.0,10974.0,2021,9.35,Boros
Roda2,Sport,222.8,2,27.1,153.5,Manual,Bensin,Liquid-cooled,47.9,262735.0,13149.0,2017,28.0,Boros
Roda2,Bebek,114.6,1,7.6,93.4,Manual,Bensin,Air-cooled,75.3,116374.0,12385.0,2022,45.97,Boros
Roda2,Sport Besar,645.8,4,70.0,245.4,Manual,Bensin,Liquid-cooled,57.8,197555.0,12454.0,2024,16.0,Boros
Roda2,Matic,124.6,1,11.7,104.3,CVT,Bensin,Air-cooled,10.1,130962.0,10858.0,2021,36.5,Boros
Roda2,Sport Besar,550.4,3,68.3,234.2,Manual,Bensin,Liquid-cooled,67.1,71601.0,10932.0,2017,16.0,Boros
Roda4,City Car,1181.1,3,76.4,947.5,Automatic,Bensin,Liquid-cooled,84.6,511033.0,10890.0,2025,14.22,Boros
Roda4,MPV,1511.0,4,105.7,1322.4,Automatic,Diesel,Liquid-cooled,86.1,581956.0,10442.0,2021,12.23,Hemat
Roda2,Matic,152.5,1,14.6,119.0,CVT,Bensin,Air-cooled,59.5,69941.0,11567.0,2022,35.0,Boros
Roda2,Matic,132.4,1,11.1,109.0,CVT,Bensin,Air-cooled,40.4,153023.0,10139.0,2016,50.86,Hemat
Roda2,Matic,126.5,1,11.3,103.1,CVT,Bensin,Liquid-cooled,15.3,219697.0,10687.0,2024,46.2,Hemat
Roda2,Sport,159.8,2,17.1,120.5,Manual,Bensin,Liquid-cooled,52.0,211485.0,10954.0,2015,34.33,Hemat
Roda2,Matic,114.2,1,10.3,102.5,CVT,Bensin,Air-cooled,21.8,177667.0,11625.0,2020,46.38,Hemat
Roda4,City Car,1158.2,4,79.2,924.5,CVT,Bensin,Liquid-cooled,30.2,180867.0,11408.0,2017,13.22,Boros
Roda2,Sport Besar,382.0,2,38.5,197.2,Manual,Bensin,Liquid-cooled,44.5,281908.0,10307.0,2026,18.52,Boros
Roda2,Sport Besar,423.2,2,47.6,191.1,Manual,Bensin,Liquid-cooled,14.2,199296.0,13429.0,2023,18.61,Boros
Roda4,MPV,1507.4,4,105.1,1363.2,Automatic,Diesel,Liquid-cooled,25.4,374868.0,13117.0,2018,11.61,Boros
Roda4,SUV,1862.4,4,144.1,1477.9,CVT,Hybrid,Liquid-cooled,24.1,561082.0,14440.0,2021,9.97,Boros
Roda4,MPV,1386.1,4,87.7,1148.5,Automatic,Bensin,Liquid-cooled,74.3,366389.0,12035.0,2018,10.54,Boros
Roda4,SUV,1507.6,4,102.5,1209.7,CVT,Bensin,Liquid-cooled,90.2,395212.0,11129.0,2020,13.29,Hemat
Roda2,Sport Besar,544.2,3,51.2,239.5,Manual,Bensin,Liquid-cooled,69.3,89666.0,10539.0,2019,16.0,Boros
Roda2,Bebek,130.7,1,9.3,103.3,Manual,Bensin,Air-cooled,15.7,281072.0,11271.0,2025,42.0,Boros
Roda2,Sport,155.6,1,15.0,120.0,Manual,Bensin,Liquid-cooled,43.4,299256.0,11593.0,2019,38.25,Hemat
Roda2,Bebek,101.3,1,7.0,91.5,Manual,Bensin,Air-cooled,31.8,176535.0,11714.0,2026,59.12,Hemat
Roda4,MPV,1357.6,4,89.5,1237.4,CVT,Diesel,Liquid-cooled,50.0,259296.0,10594.0,2023,14.5,Hemat
Roda2,Matic,127.0,1,11.8,107.6,CVT,Bensin,Air-cooled,69.7,183940.0,11310.0,2020,37.79,Boros
Roda4,MPV,1575.2,4,105.8,1349.7,Manual,Diesel,Liquid-cooled,25.0,454624.0,12736.0,2024,11.65,Boros
Roda4,SUV,1831.8,4,131.7,1474.5,Automatic,Hybrid,Liquid-cooled,87.2,301971.0,14145.0,2026,10.2,Boros
Roda2,Sport,155.3,2,15.0,124.6,Manual,Bensin,Liquid-cooled,31.2,269621.0,12352.0,2016,31.21,Boros
Roda2,Matic,150.8,1,13.5,122.5,CVT,Bensin,Liquid-cooled,37.2,73923.0,13567.0,2021,35.0,Boros
Roda4,SUV,1611.7,4,107.0,1253.9,DCT,Bensin,Liquid-cooled,69.8,342398.0,11360.0,2021,12.25,Hemat
Roda2,Sport Besar,263.6,2,28.8,160.0,Manual,Bensin,Liquid-cooled,43.0,288337.0,10955.0,2023,25.11,Hemat
Roda4,SUV,1597.1,4,106.6,1318.4,CVT,Diesel,Liquid-cooled,45.2,114993.0,6856.0,2016,11.94,Hemat
Roda2,Sport,182.6,1,16.7,125.8,Manual,Bensin,Liquid-cooled,24.3,269810.0,11744.0,2015,31.3,Boros
Roda4,MPV,1616.6,4,108.3,1428.4,Manual,Bensin,Liquid-cooled,28.3,473863.0,12042.0,2022,9.0,Boros
Roda4,MPV,1495.4,4,104.2,1249.4,CVT,Diesel,Liquid-cooled,24.9,225255.0,9519.0,2026,15.44,Hemat
Roda4,City Car,1469.0,3,103.0,1076.8,CVT,Bensin,Liquid-cooled,87.7,576613.0,12154.0,2023,13.0,Boros
Roda4,MPV,1423.2,4,97.6,1202.7,Manual,Diesel,Liquid-cooled,35.0,217828.0,12657.0,2026,12.78,Hemat
Roda4,SUV,1668.0,4,121.2,1316.8,DCT,Hybrid,Liquid-cooled,46.1,230189.0,13944.0,2024,12.89,Hemat
Roda4,MPV,1457.8,4,90.7,1213.8,Manual,Diesel,Liquid-cooled,97.1,286620.0,8750.0,2022,14.22,Hemat
Roda2,Matic,145.4,1,14.8,116.6,CVT,Bensin,Air-cooled,79.2,253809.0,13500.0,2019,35.0,Boros
Roda4,City Car,1213.8,4,87.9,963.3,Manual,Bensin,Liquid-cooled,71.5,327173.0,12541.0,2021,14.05,Boros
Roda4,City Car,1281.8,3,86.2,984.7,Manual,Bensin,Liquid-cooled,68.7,146452.0,12594.0,2021,13.0,Boros
Roda2,Matic,123.3,1,9.3,106.8,CVT,Bensin,Liquid-cooled,34.8,287869.0,12485.0,2026,40.73,Boros
Roda2,Bebek,122.4,1,9.3,99.8,Manual,Bensin,Air-cooled,58.8,74160.0,11069.0,2016,42.0,Boros
Roda2,Bebek,128.6,1,9.9,100.2,Manual,Bensin,Air-cooled,31.5,138240.0,12423.0,2019,44.17,Boros
Roda2,Sport,181.1,1,19.3,128.7,Manual,Bensin,Liquid-cooled,32.3,78458.0,12399.0,2018,33.87,Hemat
Roda4,City Car,1391.1,4,97.2,1058.2,Automatic,Bensin,Liquid-cooled,41.9,108533.0,13507.0,2019,13.0,Boros
Roda2,Bebek,124.8,1,8.7,98.2,Manual,Bensin,Air-cooled,37.2,52709.0,13531.0,2017,42.0,Boros
Roda2,Sport,190.1,2,20.2,140.2,Manual,Bensin,Liquid-cooled,11.5,204934.0,13627.0,2023,29.42,Boros
Roda2,Bebek,106.7,1,7.4,90.4,Manual,Bensin,Air-cooled,27.8,269423.0,10349.0,2021,50.61,Hemat
Roda4,City Car,1458.1,4,96.6,1043.3,Automatic,Bensin,Liquid-cooled,51.2,461362.0,11118.0,2026,13.0,Boros
Roda4,SUV,1740.5,4,120.7,1411.0,Manual,Hybrid,Liquid-cooled,48.4,584521.0,14186.0,2017,11.06,Hemat
Roda2,Bebek,147.6,1,11.8,106.7,Manual,Bensin,Air-cooled,43.4,148591.0,12143.0,2026,42.0,Boros
Roda2,Matic,149.2,1,14.8,119.7,CVT,Bensin,Liquid-cooled,69.8,170145.0,12421.0,2015,35.0,Boros
Roda2,Sport,231.1,1,29.8,163.3,Manual,Bensin,Liquid-cooled,25.9,155765.0,12288.0,2022,28.0,Boros
Roda2,Bebek,103.3,1,7.5,94.7,Manual,Bensin,Air-cooled,40.9,136680.0,12911.0,2022,55.77,Hemat
Roda4,City Car,1464.7,3,104.7,1060.7,Automatic,Bensin,Liquid-cooled,32.2,301207.0,13451.0,2016,13.0,Boros
Roda2,Sport Besar,350.2,4,29.9,170.2,Manual,Bensin,Liquid-cooled,16.9,146223.0,13869.0,2026,27.31,Hemat
Roda4,SUV,1925.4,4,150.0,1529.9,Manual,Diesel,Liquid-cooled,62.3,274394.0,7989.0,2025,8.0,Boros
Roda2,Matic,126.1,1,11.3,104.6,CVT,Bensin,Air-cooled,71.9,277669.0,13739.0,2026,42.58,Hemat
Roda4,City Car,1031.5,4,71.2,810.4,Automatic,Bensin,Liquid-cooled,22.2,104609.0,12740.0,2018,13.88,Boros
Roda4,City Car,1010.2,3,65.0,805.8,Automatic,Bensin,Liquid-cooled,51.6,438195.0,12191.0,2024,18.54,Hemat
Roda2,Matic,132.5,1,10.9,114.2,CVT,Bensin,Air-cooled,14.8,132802.0,11102.0,2024,46.15,Hemat
Roda2,Bebek,107.5,1,7.5,94.5,Manual,Bensin,Air-cooled,10.9,199611.0,12205.0,2016,44.98,Boros
Roda2,Matic,122.6,1,11.1,102.8,CVT,Bensin,Air-cooled,15.9,275306.0,10492.0,2024,49.64,Hemat
Roda2,Matic,116.3,1,10.0,99.4,CVT,Bensin,Liquid-cooled,32.1,116861.0,13703.0,2015,48.03,Hemat
Roda2,Matic,117.8,1,10.9,100.5,CVT,Bensin,Air-cooled,31.6,269215.0,13049.0,2022,44.6,Hemat
Roda4,MPV,1714.4,4,126.9,1456.0,CVT,Bensin,Liquid-cooled,28.8,218967.0,11857.0,2022,9.0,Boros
Roda4,SUV,1899.7,4,143.4,1489.4,CVT,Bensin,Liquid-cooled,26.1,326461.0,13384.0,2026,8.0,Boros
Roda4,MPV,1362.2,4,91.6,1133.4,Automatic,Bensin,Liquid-cooled,75.2,252278.0,11882.0,2016,11.88,Boros
Roda2,Bebek,114.4,1,8.4,95.3,Manual,Bensin,Air-cooled,27.0,72827.0,11243.0,2023,46.31,Boros
Roda2,Sport Besar,459.8,4,47.3,221.3,Manual,Bensin,Liquid-cooled,56.4,141443.0,12785.0,2020,16.16,Boros
Roda4,SUV,1922.3,4,149.5,1514.7,CVT,Diesel,Liquid-cooled,81.8,355585.0,7594.0,2022,8.0,Boros
Roda4,City Car,1460.5,3,97.1,1060.3,Manual,Bensin,Liquid-cooled,70.6,147011.0,12249.0,2020,13.0,Boros
Roda2,Matic,152.9,1,16.0,120.6,CVT,Bensin,Liquid-cooled,22.8,79061.0,13270.0,2026,35.0,Boros
Roda2,Sport Besar,334.2,3,32.4,177.8,Manual,Bensin,Liquid-cooled,48.3,201666.0,11842.0,2023,23.09,Hemat
Roda4,MPV,1396.1,4,94.7,1184.9,CVT,Diesel,Liquid-cooled,45.3,250382.0,12900.0,2016,14.15,Hemat
Roda4,City Car,1106.6,4,77.9,812.7,CVT,Bensin,Liquid-cooled,86.2,201711.0,13845.0,2023,17.54,Hemat
Roda2,Bebek,106.1,1,7.8,94.2,Manual,Bensin,Air-cooled,72.5,254361.0,11333.0,2016,46.48,Boros
Roda4,MPV,1412.1,4,91.2,1210.6,Manual,Diesel,Liquid-cooled,16.8,576765.0,6898.0,2016,13.32,Hemat
Roda2,Sport Besar,399.6,3,42.1,198.6,Manual,Bensin,Liquid-cooled,56.6,147974.0,10261.0,2018,16.0,Boros
Roda2,Sport,154.3,2,21.5,133.7,Manual,Bensin,Liquid-cooled,36.7,283025.0,10895.0,2015,35.37,Hemat
Roda4,MPV,1397.2,4,90.5,1166.4,Manual,Bensin,Liquid-cooled,68.0,174951.0,13639.0,2023,14.07,Hemat
Roda2,Sport Besar,328.1,3,32.2,162.6,Manual,Bensin,Liquid-cooled,16.6,242250.0,10338.0,2026,22.55,Hemat
Roda2,Bebek,146.6,1,11.6,106.8,Manual,Bensin,Air-cooled,36.1,114938.0,12821.0,2026,42.0,Boros
Roda4,MPV,1310.8,4,85.0,1100.0,CVT,Diesel,Liquid-cooled,56.9,382416.0,11210.0,2026,16.83,Hemat
Roda2,Matic,138.8,1,14.5,110.9,CVT,Bensin,Liquid-cooled,27.7,277766.0,11554.0,2025,38.44,Boros
Roda4,SUV,1994.3,4,150.0,1600.0,DCT,Hybrid,Liquid-cooled,53.9,531974.0,14155.0,2024,8.95,Boros
Roda2,Sport Besar,319.8,2,37.0,185.3,Manual,Bensin,Liquid-cooled,65.8,160524.0,13423.0,2026,23.54,Hemat
Roda4,MPV,1771.5,4,130.0,1471.2,Manual,Diesel,Liquid-cooled,75.5,216799.0,6839.0,2015,9.0,Boros
Roda4,City Car,1476.6,4,105.0,1091.5,Manual,Bensin,Liquid-cooled,76.9,438629.0,13890.0,2025,13.0,Boros
Roda2,Sport Besar,583.6,3,61.0,219.6,Manual,Bensin,Liquid-cooled,39.4,181227.0,11147.0,2024,16.0,Boros
Roda4,MPV,1786.8,4,126.8,1461.5,Automatic,Bensin,Liquid-cooled,68.9,316673.0,10717.0,2022,9.0,Boros
Roda4,MPV,1765.6,4,130.0,1454.0,Automatic,Diesel,Liquid-cooled,28.4,542396.0,11137.0,2025,9.0,Boros
Roda4,SUV,1846.5,4,126.8,1533.8,CVT,Bensin,Liquid-cooled,25.1,462729.0,10133.0,2021,8.0,Boros
Roda2,Sport,187.9,1,22.4,138.0,Manual,Bensin,Liquid-cooled,76.9,54939.0,11650.0,2023,28.28,Boros
Roda2,Matic,138.3,1,13.3,107.0,CVT,Bensin,Liquid-cooled,56.2,60401.0,12814.0,2021,43.85,Hemat
Roda2,Matic,141.7,1,14.4,115.2,CVT,Bensin,Air-cooled,64.5,112177.0,12645.0,2017,35.0,Boros
Roda4,MPV,1794.8,4,127.9,1432.0,Manual,Diesel,Liquid-cooled,63.8,127238.0,10390.0,2018,9.33,Boros
Roda4,SUV,1613.1,4,106.4,1318.1,DCT,Bensin,Liquid-cooled,47.1,270055.0,10174.0,2023,11.68,Hemat
Roda4,SUV,1964.3,4,150.0,1600.0,Automatic,Bensin,Liquid-cooled,44.8,289623.0,13098.0,2020,8.0,Boros
Roda4,MPV,1455.4,4,94.8,1194.2,Manual,Bensin,Liquid-cooled,16.8,238819.0,12891.0,2018,10.87,Boros
Roda2,Sport,238.5,1,29.4,170.0,Manual,Bensin,Liquid-cooled,34.8,75696.0,12118.0,2018,28.0,Boros
Roda2,Bebek,149.8,1,11.0,104.2,Manual,Bensin,Air-cooled,30.4,267240.0,13527.0,2020,42.0,Boros
Roda4,MPV,1740.3,4,122.1,1489.1,Manual,Diesel,Liquid-cooled,52.9,501525.0,8385.0,2016,9.0,Boros
Roda2,Sport,237.7,2,30.0,161.8,Manual,Bensin,Liquid-cooled,75.1,149102.0,13594.0,2024,28.0,Boros
Roda4,MPV,1482.7,4,98.7,1285.0,Manual,Bensin,Liquid-cooled,62.9,450022.0,12491.0,2019,12.49,Hemat
Roda2,Matic,135.4,1,12.6,110.9,CVT,Bensin,Liquid-cooled,38.9,114111.0,10039.0,2016,39.57,Boros
Roda2,Bebek,122.7,1,9.4,94.9,Manual,Bensin,Air-cooled,47.3,81435.0,10518.0,2026,60.75,Hemat
Roda2,Bebek,145.6,1,10.8,110.0,Manual,Bensin,Air-cooled,75.2,191283.0,12717.0,2025,42.0,Boros
Roda2,Bebek,110.8,1,7.1,97.5,Manual,Bensin,Air-cooled,68.7,251273.0,13210.0,2021,57.17,Hemat
Roda2,Sport Besar,286.8,2,28.9,168.6,Manual,Bensin,Liquid-cooled,42.4,291193.0,12573.0,2018,23.26,Hemat
Roda4,SUV,1809.9,4,133.6,1474.8,Manual,Hybrid,Liquid-cooled,31.4,196363.0,14489.0,2021,10.79,Boros
Roda4,MPV,1341.7,4,85.0,1100.0,Automatic,Bensin,Liquid-cooled,38.1,116883.0,13389.0,2024,15.06,Hemat
Roda4,SUV,1629.7,4,107.0,1256.6,DCT,Bensin,Liquid-cooled,60.6,135289.0,11540.0,2023,11.78,Hemat
Roda2,Matic,126.2,1,11.0,104.5,CVT,Bensin,Air-cooled,46.9,240991.0,10020.0,2020,44.82,Hemat
Roda4,MPV,1489.2,4,107.6,1259.4,Automatic,Diesel,Liquid-cooled,62.5,210419.0,12457.0,2026,12.35,Hemat
Roda4,MPV,1639.0,4,113.8,1400.0,Manual,Diesel,Liquid-cooled,54.7,471315.0,9048.0,2025,10.56,Boros
Roda4,SUV,1774.8,4,130.0,1417.3,Manual,Hybrid,Liquid-cooled,21.1,351595.0,13927.0,2020,10.48,Boros
Roda2,Sport Besar,431.7,3,51.1,199.0,Manual,Bensin,Liquid-cooled,36.1,139542.0,13895.0,2026,17.97,Boros
Roda4,MPV,1452.1,4,101.2,1145.9,CVT,Bensin,Liquid-cooled,30.8,409464.0,11677.0,2018,12.52,Hemat
Roda4,MPV,1797.8,4,124.1,1438.7,Manual,Diesel,Liquid-cooled,62.7,414379.0,11863.0,2022,9.0,Boros
Roda4,City Car,1352.4,4,89.7,1054.4,Automatic,Bensin,Liquid-cooled,97.4,219682.0,11746.0,2023,13.0,Boros
Roda4,SUV,1966.1,4,150.0,1536.1,DCT,Hybrid,Liquid-cooled,56.3,338112.0,14397.0,2024,8.0,Boros
Roda4,SUV,1996.9,4,150.0,1580.2,Automatic,Diesel,Liquid-cooled,61.8,212059.0,7025.0,2020,8.0,Boros
Roda4,MPV,1622.8,4,111.7,1372.4,Automatic,Bensin,Liquid-cooled,89.8,255315.0,12315.0,2026,9.01,Boros
Roda4,SUV,1596.1,4,114.6,1284.2,Automatic,Diesel,Liquid-cooled,28.5,491706.0,11485.0,2026,12.2,Hemat
Roda2,Matic,151.6,1,15.0,115.2,CVT,Bensin,Liquid-cooled,54.9,145086.0,10720.0,2024,35.0,Boros
Roda4,MPV,1719.3,4,118.3,1487.4,Automatic,Bensin,Liquid-cooled,97.9,414182.0,12471.0,2025,9.0,Boros
Roda2,Sport,201.1,1,23.0,146.8,Manual,Bensin,Liquid-cooled,43.9,221727.0,13017.0,2024,28.0,Boros
Roda4,MPV,1452.6,4,95.3,1145.8,Manual,Bensin,Liquid-cooled,67.9,588785.0,11689.0,2018,11.71,Boros
Roda4,City Car,1015.5,4,65.0,800.0,Automatic,Bensin,Liquid-cooled,60.9,389169.0,10881.0,2020,17.24,Hemat
Roda2,Sport,175.1,2,19.7,130.4,Manual,Bensin,Liquid-cooled,51.4,202706.0,12803.0,2024,33.09,Hemat
Roda4,MPV,1629.1,4,116.7,1414.9,CVT,Bensin,Liquid-cooled,83.4,315986.0,10995.0,2017,9.0,Boros
Roda2,Sport,187.2,2,21.1,143.7,Manual,Bensin,Liquid-cooled,37.0,123928.0,10066.0,2017,28.0,Boros
Roda4,City Car,1055.6,4,68.4,884.7,Automatic,Bensin,Liquid-cooled,86.9,521152.0,11266.0,2017,18.44,Hemat
Roda2,Matic,124.0,1,9.9,105.4,CVT,Bensin,Liquid-cooled,62.1,171541.0,11239.0,2020,40.53,Boros
Roda4,SUV,1903.1,4,140.9,1509.0,CVT,Bensin,Liquid-cooled,66.5,449564.0,10349.0,2015,8.0,Boros
Roda4,City Car,1465.3,4,98.0,1100.0,CVT,Bensin,Liquid-cooled,48.4,210283.0,11927.0,2015,13.0,Boros
Roda4,MPV,1798.1,4,130.0,1500.0,Automatic,Bensin,Liquid-cooled,23.3,291004.0,13870.0,2017,9.0,Boros
Roda4,MPV,1784.0,4,128.0,1500.0,CVT,Bensin,Liquid-cooled,48.3,332911.0,10808.0,2026,9.0,Boros
Roda2,Matic,142.9,1,13.6,115.9,CVT,Bensin,Liquid-cooled,80.0,158823.0,11670.0,2021,35.0,Boros
Roda2,Bebek,113.2,1,8.2,93.8,Manual,Bensin,Air-cooled,67.8,207865.0,13059.0,2016,47.51,Boros
Roda2,Bebek,100.9,1,7.4,96.0,Manual,Bensin,Air-cooled,36.1,137927.0,12120.0,2020,60.8,Hemat
Roda4,MPV,1309.2,4,87.8,1105.6,Manual,Bensin,Liquid-cooled,26.1,481586.0,11635.0,2025,14.76,Hemat
Roda4,SUV,1845.0,4,135.2,1449.2,Manual,Diesel,Liquid-cooled,33.7,480052.0,11921.0,2024,8.7,Boros
Roda4,SUV,1977.0,4,142.7,1600.0,Automatic,Diesel,Liquid-cooled,29.0,269409.0,7229.0,2016,8.0,Boros
Roda2,Matic,117.0,1,9.3,101.7,CVT,Bensin,Air-cooled,10.5,220425.0,11048.0,2025,47.28,Hemat
Roda2,Matic,124.5,1,10.7,102.6,CVT,Bensin,Liquid-cooled,23.2,204225.0,13040.0,2023,38.89,Boros
Roda4,SUV,1658.0,4,119.3,1384.4,Automatic,Bensin,Liquid-cooled,92.0,305224.0,12289.0,2016,8.0,Boros
Roda2,Sport,249.4,2,30.0,170.0,Manual,Bensin,Liquid-cooled,50.7,101032.0,13112.0,2024,28.0,Boros
Roda4,City Car,1036.6,4,66.0,813.7,Manual,Bensin,Liquid-cooled,39.5,106969.0,11461.0,2018,17.18,Hemat
Roda4,SUV,1762.1,4,130.4,1400.2,DCT,Hybrid,Liquid-cooled,60.6,167230.0,14299.0,2026,9.69,Boros
Roda2,Sport,217.6,1,25.2,148.5,Manual,Bensin,Liquid-cooled,73.7,294078.0,10886.0,2025,28.0,Boros
Roda4,SUV,1665.0,4,109.5,1331.1,Automatic,Diesel,Liquid-cooled,23.0,371464.0,10257.0,2026,11.85,Hemat
Roda2,Sport,210.3,1,25.0,143.3,Manual,Bensin,Liquid-cooled,34.2,142860.0,12674.0,2022,28.0,Boros
Roda4,MPV,1417.9,4,90.1,1195.4,CVT,Diesel,Liquid-cooled,69.5,391409.0,12266.0,2021,15.01,Hemat
Roda2,Matic,144.3,1,13.0,114.7,CVT,Bensin,Liquid-cooled,65.3,98817.0,12339.0,2016,35.0,Boros
Roda4,MPV,1780.2,4,130.0,1481.5,CVT,Diesel,Liquid-cooled,71.1,284596.0,11281.0,2023,9.0,Boros
Roda2,Sport Besar,316.2,4,25.0,179.9,Manual,Bensin,Liquid-cooled,39.4,132699.0,10413.0,2018,26.01,Hemat
Roda4,City Car,1151.8,3,78.2,881.7,Automatic,Bensin,Liquid-cooled,29.1,292386.0,12978.0,2026,15.61,Hemat
Roda4,SUV,1952.2,4,149.5,1563.4,Manual,Diesel,Liquid-cooled,34.3,328559.0,12432.0,2025,8.0,Boros
Roda4,MPV,1666.9,4,120.2,1457.1,CVT,Bensin,Liquid-cooled,58.7,555257.0,11832.0,2018,9.0,Boros
Roda4,MPV,1383.6,4,90.1,1104.1,Automatic,Diesel,Liquid-cooled,45.4,283526.0,7292.0,2023,16.73,Hemat
Roda4,City Car,1051.4,4,67.2,847.5,Automatic,Bensin,Liquid-cooled,68.6,258272.0,12872.0,2016,13.4,Boros
Roda4,MPV,1608.3,4,107.7,1410.7,Manual,Bensin,Liquid-cooled,82.4,365365.0,10660.0,2025,9.0,Boros
Roda2,Sport,191.5,2,19.2,145.5,Manual,Bensin,Liquid-cooled,22.4,239712.0,13569.0,2025,30.37,Boros
Roda4,SUV,1569.6,4,100.0,1264.7,Manual,Hybrid,Liquid-cooled,43.8,239675.0,14243.0,2015,12.39,Hemat
Roda4,MPV,1704.1,4,123.0,1432.6,Manual,Bensin,Liquid-cooled,82.9,112276.0,13222.0,2021,9.0,Boros
Roda4,City Car,1232.7,4,74.1,927.6,Manual,Bensin,Liquid-cooled,95.7,230535.0,12491.0,2022,13.04,Boros
Roda4,SUV,1980.6,4,148.0,1572.7,DCT,Diesel,Liquid-cooled,63.0,189295.0,9820.0,2023,8.0,Boros
Roda4,SUV,1882.6,4,139.2,1454.8,DCT,Hybrid,Liquid-cooled,48.6,278435.0,14071.0,2016,10.64,Boros
Roda4,MPV,1647.7,4,116.5,1322.8,Manual,Diesel,Liquid-cooled,31.4,130885.0,11617.0,2024,10.45,Boros
Roda4,MPV,1745.6,4,124.3,1500.0,CVT,Bensin,Liquid-cooled,21.3,455649.0,12054.0,2021,9.0,Boros
Roda2,Matic,156.2,1,15.4,122.8,CVT,Bensin,Liquid-cooled,69.5,138499.0,12162.0,2020,35.0,Boros
Roda2,Bebek,123.1,1,10.0,101.0,Manual,Bensin,Air-cooled,45.8,183028.0,10418.0,2021,42.0,Boros
Roda2,Sport Besar,513.8,2,58.3,221.8,Manual,Bensin,Liquid-cooled,22.4,94426.0,13348.0,2019,17.93,Boros
Roda2,Matic,135.4,1,12.7,113.3,CVT,Bensin,Liquid-cooled,57.5,190800.0,10633.0,2024,35.43,Boros
Roda2,Matic,114.9,1,10.2,95.0,CVT,Bensin,Air-cooled,78.7,65758.0,13522.0,2023,57.96,Hemat
Roda4,MPV,1603.1,4,120.2,1301.5,Automatic,Diesel,Liquid-cooled,40.8,145075.0,8648.0,2022,11.95,Boros
Roda4,City Car,1147.7,3,72.6,920.3,Automatic,Bensin,Liquid-cooled,38.2,120372.0,11172.0,2015,13.05,Boros
Roda2,Sport,209.7,1,23.4,144.5,Manual,Bensin,Liquid-cooled,45.8,117877.0,13226.0,2026,28.0,Boros
Roda4,SUV,1571.5,4,105.5,1268.9,Automatic,Hybrid,Liquid-cooled,62.6,246666.0,14478.0,2021,13.58,Hemat
Roda2,Sport Besar,505.5,4,59.7,215.0,Manual,Bensin,Liquid-cooled,63.4,270585.0,12108.0,2026,16.0,Boros
Roda4,MPV,1469.5,4,101.9,1199.2,Automatic,Diesel,Liquid-cooled,20.3,305674.0,8207.0,2018,10.68,Boros
Roda2,Sport,217.4,2,25.3,154.9,Manual,Bensin,Liquid-cooled,24.2,100483.0,12716.0,2015,28.0,Boros
Roda2,Matic,145.4,1,15.6,119.6,CVT,Bensin,Liquid-cooled,25.4,137802.0,10080.0,2026,35.0,Boros
Roda2,Sport,237.6,1,28.7,166.4,Manual,Bensin,Liquid-cooled,70.1,267710.0,10078.0,2019,28.0,Boros
Roda2,Sport Besar,459.7,4,46.5,197.2,Manual,Bensin,Liquid-cooled,52.4,69507.0,13300.0,2021,20.36,Boros
Roda2,Matic,123.9,1,12.2,95.9,CVT,Bensin,Air-cooled,37.0,182583.0,12335.0,2024,39.61,Boros
Roda2,Bebek,130.8,1,10.2,104.4,Manual,Bensin,Air-cooled,69.4,84155.0,12765.0,2015,42.0,Boros
Roda2,Sport,195.0,1,18.8,153.2,Manual,Bensin,Liquid-cooled,16.4,91896.0,11431.0,2021,29.78,Boros
Roda2,Sport,198.6,2,24.3,146.3,Manual,Bensin,Liquid-cooled,60.7,112419.0,12404.0,2026,28.19,Boros
Roda4,MPV,1498.2,4,104.4,1305.8,CVT,Diesel,Liquid-cooled,69.9,155237.0,13108.0,2026,13.97,Hemat
Roda2,Bebek,107.2,1,7.7,93.1,Manual,Bensin,Air-cooled,77.9,73475.0,12623.0,2022,56.97,Hemat
Roda4,MPV,1306.0,4,87.9,1138.4,Manual,Diesel,Liquid-cooled,67.5,425760.0,12263.0,2018,17.18,Hemat
Roda4,SUV,1689.4,4,120.6,1410.1,DCT,Bensin,Liquid-cooled,88.8,349327.0,13463.0,2020,9.02,Boros
Roda4,MPV,1734.8,4,120.7,1454.9,CVT,Diesel,Liquid-cooled,50.7,296554.0,9177.0,2022,9.0,Boros
Roda4,SUV,1623.4,4,107.5,1272.3,CVT,Diesel,Liquid-cooled,84.0,310275.0,8125.0,2020,11.81,Hemat
Roda2,Matic,117.3,1,10.4,95.4,CVT,Bensin,Air-cooled,59.8,144410.0,13749.0,2018,47.74,Hemat
Roda2,Matic,154.9,1,16.0,122.2,CVT,Bensin,Air-cooled,55.3,261836.0,11524.0,2026,35.0,Boros
Roda4,SUV,1893.2,4,138.5,1495.9,DCT,Diesel,Liquid-cooled,72.3,419300.0,7628.0,2018,8.0,Boros
Roda2,Sport,238.4,2,28.5,169.5,Manual,Bensin,Liquid-cooled,45.5,119380.0,12438.0,2025,28.0,Boros
Roda4,MPV,1558.1,4,104.6,1317.1,Manual,Bensin,Liquid-cooled,25.3,139844.0,10040.0,2019,11.13,Boros
Roda2,Sport Besar,346.6,2,40.9,184.4,Manual,Bensin,Liquid-cooled,22.2,55575.0,11393.0,2018,20.91,Boros
Roda2,Matic,124.8,1,10.5,101.8,CVT,Bensin,Air-cooled,63.0,163483.0,10827.0,2018,45.81,Hemat
Roda4,City Car,1229.7,4,81.6,936.1,Automatic,Bensin,Liquid-cooled,41.1,340166.0,12722.0,2026,13.42,Boros
Roda4,City Car,1362.0,3,98.9,999.1,CVT,Bensin,Liquid-cooled,68.2,353633.0,11208.0,2022,17.05,Hemat
Roda2,Matic,136.3,1,14.0,113.0,CVT,Bensin,Air-cooled,61.4,130473.0,11353.0,2017,35.0,Boros
Roda2,Bebek,137.2,1,10.2,107.1,Manual,Bensin,Air-cooled,45.6,209083.0,10977.0,2026,42.0,Boros
Roda4,City Car,1089.4,4,82.2,882.7,Automatic,Bensin,Liquid-cooled,49.0,377841.0,11478.0,2016,13.0,Boros
Roda4,SUV,1703.9,4,118.3,1348.1,Manual,Hybrid,Liquid-cooled,58.8,220567.0,14052.0,2015,12.63,Hemat
Roda2,Sport,192.2,1,23.5,139.9,Manual,Bensin,Liquid-cooled,20.0,59896.0,12736.0,2023,28.0,Boros
Roda2,Matic,122.9,1,10.6,102.7,CVT,Bensin,Air-cooled,57.4,204509.0,12752.0,2018,46.57,Hemat
Roda4,City Car,1125.3,3,77.0,886.4,CVT,Bensin,Liquid-cooled,62.5,588934.0,12577.0,2022,15.05,Hemat
Roda2,Matic,136.1,1,10.8,112.5,CVT,Bensin,Liquid-cooled,78.0,188049.0,11046.0,2019,35.0,Boros
Roda2,Bebek,103.1,1,7.3,90.0,Manual,Bensin,Air-cooled,56.1,299437.0,11762.0,2017,49.8,Hemat
Roda4,MPV,1469.5,4,107.5,1172.2,CVT,Diesel,Liquid-cooled,47.8,101079.0,7863.0,2019,14.56,Hemat
Roda2,Bebek,122.8,1,9.6,100.1,Manual,Bensin,Air-cooled,53.6,297527.0,11216.0,2018,49.38,Hemat
Roda4,City Car,1423.2,3,98.7,1100.0,Manual,Bensin,Liquid-cooled,89.5,130915.0,11514.0,2019,13.0,Boros
Roda2,Matic,122.0,1,11.2,101.5,CVT,Bensin,Air-cooled,30.1,130508.0,12195.0,2020,43.37,Hemat
Roda4,City Car,1320.0,3,93.8,1001.4,Automatic,Bensin,Liquid-cooled,34.7,449395.0,10256.0,2021,13.0,Boros
Roda4,SUV,1537.6,4,102.3,1222.7,DCT,Hybrid,Liquid-cooled,23.2,417880.0,14491.0,2018,14.64,Hemat
Roda2,Matic,130.4,1,10.6,112.6,CVT,Bensin,Air-cooled,52.1,253313.0,12536.0,2018,46.61,Hemat
Roda4,MPV,1740.7,4,120.2,1395.8,CVT,Bensin,Liquid-cooled,40.8,513975.0,13059.0,2015,9.0,Boros
Roda2,Sport,192.9,1,21.1,133.8,Manual,Bensin,Liquid-cooled,30.2,247694.0,10621.0,2017,29.07,Boros
Roda4,MPV,1333.6,4,92.5,1191.9,CVT,Bensin,Liquid-cooled,94.9,590608.0,12135.0,2016,12.24,Hemat
Roda4,MPV,1782.0,4,130.0,1480.2,CVT,Diesel,Liquid-cooled,51.1,453439.0,9734.0,2018,9.02,Boros
Roda4,MPV,1418.9,4,98.5,1180.7,Automatic,Diesel,Liquid-cooled,27.0,253346.0,13104.0,2026,14.64,Hemat
Roda4,City Car,1065.5,4,65.0,800.0,CVT,Bensin,Liquid-cooled,17.2,300706.0,10864.0,2015,16.59,Hemat
Roda2,Matic,123.9,1,10.7,102.0,CVT,Bensin,Liquid-cooled,28.8,197647.0,12380.0,2016,43.2,Hemat
Roda2,Sport Besar,499.7,3,50.9,207.9,Manual,Bensin,Liquid-cooled,34.3,185721.0,13691.0,2015,16.0,Boros
Roda2,Sport,232.3,1,28.2,154.6,Manual,Bensin,Liquid-cooled,67.5,147417.0,10772.0,2018,28.0,Boros
Roda4,SUV,1566.2,4,107.8,1237.5,Manual,Hybrid,Liquid-cooled,91.8,278089.0,14498.0,2024,13.92,Hemat
Roda4,MPV,1619.3,4,108.4,1365.7,CVT,Bensin,Liquid-cooled,72.7,435602.0,13004.0,2023,10.54,Boros
Roda4,SUV,1986.9,4,150.0,1565.5,Automatic,Hybrid,Liquid-cooled,32.4,330301.0,14286.0,2026,8.0,Boros
Roda4,MPV,1311.8,4,88.7,1118.4,Manual,Diesel,Liquid-cooled,88.0,345943.0,10235.0,2026,16.46,Hemat
Roda2,Matic,113.7,1,9.0,97.3,CVT,Bensin,Air-cooled,44.5,154149.0,10519.0,2015,47.95,Hemat
Roda2,Bebek,129.7,1,9.6,102.2,Manual,Bensin,Air-cooled,15.7,71947.0,10670.0,2023,42.0,Boros
Roda2,Sport Besar,444.3,3,49.1,230.0,Manual,Bensin,Liquid-cooled,14.5,266491.0,11214.0,2023,16.67,Boros
Roda2,Bebek,111.0,1,8.0,94.8,Manual,Bensin,Air-cooled,62.4,170650.0,10843.0,2015,43.71,Boros
Roda4,MPV,1783.8,4,129.2,1500.0,CVT,Diesel,Liquid-cooled,25.1,141339.0,8850.0,2025,9.8,Boros
Roda4,City Car,1399.6,4,101.1,1097.4,Automatic,Bensin,Liquid-cooled,82.2,486435.0,11591.0,2015,13.0,Boros
Roda2,Matic,156.2,1,14.6,124.2,CVT,Bensin,Air-cooled,47.6,237969.0,10546.0,2021,35.0,Boros
Roda2,Matic,142.8,1,12.7,111.2,CVT,Bensin,Liquid-cooled,34.4,150037.0,13487.0,2024,47.4,Hemat
Roda4,SUV,1715.2,4,120.4,1465.6,Manual,Hybrid,Liquid-cooled,27.2,301704.0,13993.0,2020,11.84,Hemat
Roda2,Sport Besar,310.6,3,33.6,176.3,Manual,Bensin,Liquid-cooled,13.9,221056.0,12439.0,2023,21.21,Boros
Roda2,Bebek,143.7,1,10.1,106.3,Manual,Bensin,Air-cooled,38.2,218127.0,12661.0,2015,42.0,Boros
Roda4,MPV,1697.8,4,121.0,1411.6,Automatic,Diesel,Liquid-cooled,25.2,265022.0,6909.0,2024,9.0,Boros
Roda2,Sport Besar,588.9,2,61.7,247.5,Manual,Bensin,Liquid-cooled,66.8,211127.0,13109.0,2024,16.0,Boros
Roda2,Sport Besar,436.1,2,46.7,202.9,Manual,Bensin,Liquid-cooled,35.3,61608.0,13784.0,2016,16.02,Boros
Roda4,MPV,1730.3,4,127.5,1379.2,Manual,Diesel,Liquid-cooled,99.4,352081.0,9378.0,2019,9.0,Boros
Roda4,SUV,1840.4,4,131.3,1474.1,Automatic,Diesel,Liquid-cooled,44.9,123165.0,7903.0,2025,10.55,Boros
Roda4,SUV,1746.6,4,126.7,1328.1,Manual,Bensin,Liquid-cooled,62.8,155126.0,10404.0,2020,8.98,Boros
Roda2,Matic,158.9,1,15.8,120.6,CVT,Bensin,Liquid-cooled,66.1,207604.0,11142.0,2016,35.0,Boros
Roda4,SUV,1567.8,4,100.0,1262.4,Manual,Hybrid,Liquid-cooled,96.8,468439.0,14445.0,2019,13.81,Hemat
Roda4,MPV,1620.2,4,118.1,1400.1,Manual,Diesel,Liquid-cooled,56.3,516274.0,11605.0,2023,10.18,Boros
Roda2,Matic,117.4,1,10.0,101.5,CVT,Bensin,Liquid-cooled,61.4,113340.0,10878.0,2021,46.22,Hemat
Roda2,Sport,159.4,1,15.0,120.6,Manual,Bensin,Liquid-cooled,55.3,280758.0,10019.0,2020,37.8,Hemat
Roda4,MPV,1649.2,4,120.6,1441.4,Manual,Bensin,Liquid-cooled,65.7,251874.0,10718.0,2018,9.0,Boros
Roda2,Bebek,141.2,1,10.5,106.2,Manual,Bensin,Air-cooled,23.1,72096.0,12726.0,2021,42.0,Boros
Roda4,MPV,1341.1,4,90.3,1144.5,CVT,Diesel,Liquid-cooled,97.9,240185.0,12002.0,2024,15.9,Hemat
Roda2,Matic,130.0,1,11.9,108.5,CVT,Bensin,Liquid-cooled,72.5,175545.0,12518.0,2023,41.83,Boros
Roda2,Bebek,142.9,1,11.6,107.0,Manual,Bensin,Air-cooled,77.3,272928.0,13312.0,2015,42.0,Boros
Roda4,SUV,1871.6,4,137.6,1503.0,Automatic,Hybrid,Liquid-cooled,69.8,583860.0,14422.0,2019,9.33,Boros
Roda4,SUV,1560.7,4,109.1,1216.8,Manual,Bensin,Liquid-cooled,91.9,228828.0,13586.0,2023,11.16,Hemat
Roda4,SUV,1772.8,4,135.1,1380.5,DCT,Bensin,Liquid-cooled,53.5,126971.0,10411.0,2018,8.0,Boros
Roda2,Sport Besar,477.6,2,43.7,221.6,Manual,Bensin,Liquid-cooled,25.0,64305.0,12567.0,2016,16.0,Boros
Roda4,MPV,1448.0,4,100.1,1235.7,Automatic,Diesel,Liquid-cooled,92.9,386775.0,6840.0,2015,12.76,Hemat
Roda4,MPV,1779.0,4,130.0,1447.2,Automatic,Diesel,Liquid-cooled,76.1,501198.0,10500.0,2016,9.99,Boros
Roda4,MPV,1611.6,4,104.3,1294.8,CVT,Diesel,Liquid-cooled,94.7,460982.0,9740.0,2018,10.79,Boros
Roda4,City Car,1333.1,4,85.4,967.8,CVT,Bensin,Liquid-cooled,62.9,427183.0,10516.0,2020,13.0,Boros
Roda2,Bebek,131.8,1,9.6,100.8,Manual,Bensin,Air-cooled,58.2,187984.0,10943.0,2016,42.0,Boros
Roda2,Sport,237.7,1,26.4,163.9,Manual,Bensin,Liquid-cooled,50.7,79670.0,12731.0,2025,28.0,Boros
Roda2,Sport,154.9,1,16.2,122.7,Manual,Bensin,Liquid-cooled,25.5,125483.0,10641.0,2026,35.66,Hemat
Roda2,Sport,177.5,2,19.3,137.5,Manual,Bensin,Liquid-cooled,74.7,144758.0,10237.0,2020,36.03,Hemat
Roda4,SUV,1709.0,4,126.2,1347.2,Automatic,Diesel,Liquid-cooled,26.5,371475.0,8889.0,2019,8.63,Boros
Roda2,Bebek,114.2,1,8.5,98.1,Manual,Bensin,Air-cooled,55.5,217219.0,13115.0,2018,44.25,Boros
Roda2,Sport Besar,285.9,2,28.3,164.7,Manual,Bensin,Liquid-cooled,48.3,183258.0,10171.0,2025,24.02,Hemat
Roda2,Sport,166.1,2,16.0,130.0,Manual,Bensin,Liquid-cooled,43.4,201156.0,12608.0,2015,32.65,Boros
Roda4,SUV,1968.4,4,150.0,1503.8,Manual,Diesel,Liquid-cooled,19.6,530138.0,8890.0,2015,8.0,Boros
Roda2,Sport Besar,539.3,3,55.4,233.4,Manual,Bensin,Liquid-cooled,13.9,59430.0,10397.0,2026,16.0,Boros
Roda2,Sport Besar,434.5,4,40.9,196.7,Manual,Bensin,Liquid-cooled,71.8,119497.0,10704.0,2023,21.15,Boros
Roda4,MPV,1756.8,4,124.4,1448.9,Automatic,Diesel,Liquid-cooled,77.5,582327.0,10337.0,2026,9.0,Boros
Roda2,Bebek,120.6,1,8.7,99.7,Manual,Bensin,Air-cooled,19.9,186396.0,10412.0,2023,42.0,Boros
Roda4,MPV,1341.5,4,85.6,1100.0,Manual,Bensin,Liquid-cooled,75.6,502663.0,10360.0,2022,14.67,Hemat
Roda4,MPV,1426.4,4,89.2,1227.2,CVT,Bensin,Liquid-cooled,17.6,244644.0,11097.0,2020,11.85,Boros
Roda2,Matic,117.4,1,9.0,100.3,CVT,Bensin,Liquid-cooled,59.4,217945.0,11538.0,2025,44.42,Hemat
Roda4,City Car,1403.7,3,94.6,1019.3,Manual,Bensin,Liquid-cooled,56.2,120536.0,10045.0,2018,13.0,Boros
Roda2,Sport Besar,629.8,2,66.2,246.8,Manual,Bensin,Liquid-cooled,44.5,273822.0,13800.0,2025,16.0,Boros
Roda4,City Car,1037.1,4,71.6,803.1,Manual,Bensin,Liquid-cooled,16.8,121592.0,12848.0,2024,16.15,Hemat
Roda2,Sport,152.9,2,15.0,120.0,Manual,Bensin,Liquid-cooled,33.4,246115.0,10453.0,2026,38.39,Hemat
Roda2,Bebek,113.0,1,7.8,92.3,Manual,Bensin,Air-cooled,24.8,238117.0,10200.0,2021,55.18,Hemat
Roda2,Sport,198.9,1,20.6,143.3,Manual,Bensin,Liquid-cooled,31.2,74407.0,12513.0,2025,28.0,Boros
Roda4,SUV,1684.4,4,116.9,1363.0,Manual,Hybrid,Liquid-cooled,76.7,396811.0,13914.0,2023,12.65,Hemat
Roda2,Bebek,144.7,1,11.2,106.0,Manual,Bensin,Air-cooled,65.9,291939.0,13342.0,2018,42.0,Boros
Roda2,Matic,141.9,1,13.6,111.6,CVT,Bensin,Air-cooled,79.5,141587.0,11769.0,2019,35.0,Boros
Roda4,MPV,1304.3,4,85.0,1100.0,Automatic,Diesel,Liquid-cooled,99.6,335833.0,7109.0,2019,15.51,Hemat
Roda2,Matic,115.8,1,9.4,95.4,CVT,Bensin,Air-cooled,39.1,167294.0,11434.0,2026,58.0,Hemat
Roda2,Bebek,118.9,1,9.4,99.6,Manual,Bensin,Air-cooled,60.6,58122.0,12322.0,2022,48.1,Hemat
Roda4,MPV,1789.3,4,130.0,1470.4,Automatic,Bensin,Liquid-cooled,18.9,322350.0,11024.0,2025,9.0,Boros
Roda4,City Car,1092.3,3,73.2,846.6,Manual,Bensin,Liquid-cooled,70.7,331207.0,13721.0,2016,14.63,Boros
Roda2,Sport,167.7,2,20.0,124.9,Manual,Bensin,Liquid-cooled,60.1,247729.0,13653.0,2019,35.98,Hemat
Roda2,Matic,149.4,1,15.6,121.1,CVT,Bensin,Liquid-cooled,41.4,270783.0,13785.0,2018,35.0,Boros
Roda4,City Car,1091.9,4,75.2,807.6,CVT,Bensin,Liquid-cooled,30.8,504692.0,11567.0,2018,14.63,Boros
Roda2,Bebek,118.4,1,8.6,97.6,Manual,Bensin,Air-cooled,22.3,218191.0,10860.0,2019,42.0,Boros
Roda4,MPV,1514.5,4,104.7,1246.5,Manual,Bensin,Liquid-cooled,37.3,374716.0,13044.0,2023,10.77,Boros
Roda2,Sport Besar,310.1,4,30.9,173.5,Manual,Bensin,Liquid-cooled,71.1,222063.0,11348.0,2026,22.44,Hemat
Roda4,MPV,1313.8,4,87.0,1137.8,CVT,Bensin,Liquid-cooled,39.3,224850.0,12375.0,2020,13.57,Hemat
Roda2,Bebek,121.7,1,9.1,98.4,Manual,Bensin,Air-cooled,66.1,241647.0,12861.0,2025,42.0,Boros
Roda4,City Car,1087.7,4,72.6,873.6,Manual,Bensin,Liquid-cooled,27.9,406228.0,11164.0,2016,15.17,Hemat
Roda4,SUV,1844.6,4,137.0,1531.1,Automatic,Diesel,Liquid-cooled,47.2,365879.0,11266.0,2019,8.0,Boros
Roda2,Bebek,101.5,1,7.5,90.0,Manual,Bensin,Air-cooled,24.3,206701.0,11399.0,2016,54.39,Hemat
Roda2,Matic,123.3,1,9.0,105.8,CVT,Bensin,Air-cooled,53.7,190628.0,11568.0,2015,46.68,Hemat
Roda2,Sport,168.2,1,15.1,133.2,Manual,Bensin,Liquid-cooled,13.5,55720.0,11682.0,2018,29.14,Boros
Roda2,Sport,190.4,1,20.1,147.1,Manual,Bensin,Liquid-cooled,12.7,53473.0,11378.0,2021,28.0,Boros
Roda2,Matic,124.8,1,10.2,101.5,CVT,Bensin,Liquid-cooled,42.1,59393.0,11920.0,2021,40.62,Boros
Roda2,Sport,193.3,2,21.0,145.9,Manual,Bensin,Liquid-cooled,22.5,170809.0,13544.0,2023,28.0,Boros
Roda4,SUV,1755.9,4,124.6,1444.8,Manual,Bensin,Liquid-cooled,80.9,349640.0,13438.0,2023,8.0,Boros
Roda4,SUV,1888.1,4,139.2,1509.2,Automatic,Hybrid,Liquid-cooled,90.0,436219.0,14215.0,2019,9.77,Boros
Roda4,MPV,1484.7,4,102.3,1279.6,CVT,Bensin,Liquid-cooled,85.9,193758.0,11260.0,2025,11.32,Boros
Roda4,MPV,1499.7,4,102.2,1379.3,Automatic,Bensin,Liquid-cooled,29.8,416559.0,10323.0,2026,9.66,Boros
Roda2,Matic,126.4,1,10.6,111.4,CVT,Bensin,Liquid-cooled,76.3,141783.0,13540.0,2020,40.44,Boros
Roda4,MPV,1771.0,4,127.6,1483.1,CVT,Bensin,Liquid-cooled,28.8,378547.0,10579.0,2018,9.0,Boros
Roda2,Sport Besar,646.4,3,62.7,234.8,Manual,Bensin,Liquid-cooled,29.8,150699.0,12516.0,2018,16.0,Boros
Roda4,MPV,1375.7,4,92.1,1142.5,CVT,Diesel,Liquid-cooled,54.8,441761.0,7498.0,2022,16.59,Hemat
Roda2,Bebek,113.0,1,8.1,95.1,Manual,Bensin,Air-cooled,31.7,253449.0,12670.0,2023,53.95,Hemat
Roda4,MPV,1640.2,4,117.3,1374.1,Automatic,Diesel,Liquid-cooled,98.8,120328.0,9425.0,2021,9.87,Boros
Roda4,City Car,1332.6,4,91.2,1000.3,CVT,Bensin,Liquid-cooled,85.3,311525.0,13274.0,2025,13.02,Boros
Roda2,Matic,127.2,1,10.8,101.2,CVT,Bensin,Air-cooled,73.1,294121.0,13517.0,2022,43.89,Hemat
Roda2,Sport Besar,589.5,2,61.8,239.9,Manual,Bensin,Liquid-cooled,57.7,207047.0,10637.0,2022,16.0,Boros
Roda4,City Car,1165.4,4,79.1,893.5,CVT,Bensin,Liquid-cooled,36.1,554896.0,11506.0,2021,17.73,Hemat
Roda2,Bebek,102.7,1,7.8,90.0,Manual,Bensin,Air-cooled,52.3,78567.0,11617.0,2019,48.48,Hemat
Roda4,MPV,1550.4,4,112.8,1303.9,Automatic,Diesel,Liquid-cooled,40.8,597190.0,7983.0,2020,10.17,Boros
Roda2,Matic,129.9,1,11.2,105.4,CVT,Bensin,Air-cooled,65.0,255394.0,12163.0,2019,40.95,Boros
Roda2,Matic,137.2,1,11.6,110.7,CVT,Bensin,Air-cooled,13.7,187623.0,11198.0,2025,35.08,Boros
Roda4,SUV,1937.5,4,146.4,1508.7,DCT,Bensin,Liquid-cooled,93.9,584935.0,13410.0,2021,8.0,Boros
Roda2,Matic,129.2,1,11.3,105.8,CVT,Bensin,Air-cooled,65.2,137744.0,11578.0,2019,42.25,Hemat
Roda4,SUV,1814.3,4,134.9,1466.8,Automatic,Bensin,Liquid-cooled,20.3,539485.0,11527.0,2019,8.0,Boros
Roda2,Bebek,143.4,1,11.8,109.1,Manual,Bensin,Air-cooled,54.0,233838.0,12994.0,2018,42.0,Boros
Roda2,Matic,143.1,1,13.0,117.6,CVT,Bensin,Air-cooled,16.8,147399.0,10059.0,2021,35.0,Boros
Roda4,MPV,1598.6,4,114.0,1297.5,CVT,Bensin,Liquid-cooled,41.0,590677.0,10433.0,2016,9.9,Boros
Roda2,Bebek,121.3,1,8.8,97.8,Manual,Bensin,Air-cooled,10.6,145533.0,11177.0,2023,44.67,Boros
Roda4,MPV,1569.2,4,111.0,1322.9,CVT,Diesel,Liquid-cooled,96.2,580329.0,7322.0,2020,11.12,Boros
Roda2,Matic,126.0,1,11.7,102.0,CVT,Bensin,Air-cooled,42.8,69436.0,11021.0,2018,40.85,Boros
Roda2,Matic,141.2,1,13.7,116.4,CVT,Bensin,Air-cooled,40.5,123662.0,10195.0,2020,35.0,Boros
Roda4,City Car,1188.2,4,78.3,973.1,Automatic,Bensin,Liquid-cooled,25.4,228665.0,10757.0,2026,13.0,Boros
Roda2,Bebek,105.2,1,8.6,92.6,Manual,Bensin,Air-cooled,39.6,248393.0,10124.0,2020,47.1,Boros
Roda4,SUV,1700.1,4,113.5,1361.9,Automatic,Hybrid,Liquid-cooled,91.4,363463.0,14391.0,2018,11.3,Hemat
Roda2,Sport,164.1,2,17.0,123.2,Manual,Bensin,Liquid-cooled,20.3,241586.0,10136.0,2015,34.46,Hemat
Roda4,City Car,1139.6,3,80.5,920.1,Automatic,Bensin,Liquid-cooled,95.3,375579.0,12533.0,2016,14.75,Boros
Roda2,Bebek,114.3,1,9.3,96.0,Manual,Bensin,Air-cooled,49.2,264484.0,12601.0,2023,50.99,Hemat
Roda4,SUV,1789.1,4,131.4,1451.4,CVT,Hybrid,Liquid-cooled,23.4,266107.0,14416.0,2025,11.23,Hemat
Roda4,SUV,1644.2,4,114.0,1291.5,DCT,Hybrid,Liquid-cooled,87.4,590450.0,14159.0,2023,12.68,Hemat
Roda4,SUV,1780.9,4,126.2,1458.2,Manual,Hybrid,Liquid-cooled,42.7,268249.0,14259.0,2025,10.29,Boros
Roda4,SUV,1737.3,4,121.8,1423.6,Automatic,Hybrid,Liquid-cooled,97.8,103276.0,14273.0,2026,11.43,Hemat
Roda4,City Car,1155.9,3,81.9,883.7,Manual,Bensin,Liquid-cooled,95.6,215206.0,11774.0,2017,14.01,Boros
Roda4,City Car,1401.9,3,100.6,1065.9,Automatic,Bensin,Liquid-cooled,24.1,108520.0,10501.0,2018,13.0,Boros
Roda2,Matic,112.4,1,9.5,99.0,CVT,Bensin,Air-cooled,32.6,160055.0,13250.0,2022,52.54,Hemat
Roda4,MPV,1318.9,4,88.4,1150.4,Manual,Diesel,Liquid-cooled,95.5,249772.0,9509.0,2024,14.17,Hemat
Roda2,Bebek,144.6,1,12.0,107.1,Manual,Bensin,Air-cooled,59.4,180388.0,10486.0,2026,42.0,Boros
Roda4,City Car,1236.6,3,87.8,963.3,Automatic,Bensin,Liquid-cooled,56.5,564309.0,11098.0,2026,13.21,Boros
Roda2,Sport Besar,525.6,4,48.7,214.3,Manual,Bensin,Liquid-cooled,64.8,92079.0,13167.0,2018,16.0,Boros
Roda2,Matic,123.5,1,10.4,107.5,CVT,Bensin,Air-cooled,32.5,53792.0,12846.0,2021,48.03,Hemat
Roda4,MPV,1529.7,4,104.8,1360.0,Manual,Diesel,Liquid-cooled,34.5,500688.0,12130.0,2022,11.62,Boros
Roda2,Sport Besar,520.7,2,60.3,215.1,Manual,Bensin,Liquid-cooled,69.4,241536.0,10766.0,2023,16.0,Boros
Roda2,Bebek,116.5,1,9.2,96.2,Manual,Bensin,Air-cooled,48.4,249071.0,12274.0,2015,44.76,Boros
Roda4,MPV,1670.2,4,116.5,1439.4,CVT,Diesel,Liquid-cooled,69.6,423124.0,8049.0,2020,10.86,Boros
Roda2,Matic,137.9,1,11.4,112.1,CVT,Bensin,Air-cooled,50.7,74887.0,11195.0,2021,35.0,Boros
Roda2,Sport Besar,499.0,3,53.8,189.9,Manual,Bensin,Liquid-cooled,16.0,120438.0,12935.0,2020,16.0,Boros
Roda2,Sport,200.3,2,22.3,141.6,Manual,Bensin,Liquid-cooled,14.4,207553.0,10307.0,2019,31.03,Boros
Roda2,Sport Besar,403.5,2,42.0,195.6,Manual,Bensin,Liquid-cooled,53.3,58934.0,12053.0,2017,17.16,Boros
Roda4,SUV,1709.0,4,125.2,1388.8,DCT,Bensin,Liquid-cooled,79.6,513003.0,13858.0,2019,8.0,Boros
Roda4,SUV,1757.5,4,136.0,1384.6,Manual,Bensin,Liquid-cooled,59.5,286204.0,11015.0,2026,8.26,Boros
Roda4,MPV,1559.3,4,113.9,1327.9,Automatic,Bensin,Liquid-cooled,92.6,211924.0,13466.0,2019,9.0,Boros
Roda4,MPV,1523.7,4,110.9,1283.5,Manual,Bensin,Liquid-cooled,63.5,568754.0,12704.0,2015,9.82,Boros
Roda4,City Car,1026.9,3,69.4,801.6,Manual,Bensin,Liquid-cooled,33.7,132704.0,13022.0,2021,18.04,Hemat
Roda2,Sport,172.1,2,18.2,124.2,Manual,Bensin,Liquid-cooled,31.4,201304.0,13142.0,2019,31.02,Boros
Roda2,Bebek,134.6,1,11.4,103.6,Manual,Bensin,Air-cooled,35.0,115349.0,13692.0,2026,42.0,Boros
Roda4,City Car,1237.1,3,81.4,962.5,Manual,Bensin,Liquid-cooled,65.0,174811.0,10968.0,2022,13.29,Boros
Roda4,MPV,1531.4,4,106.1,1304.7,Automatic,Diesel,Liquid-cooled,20.2,493327.0,7208.0,2019,10.52,Boros
Roda2,Matic,136.7,1,13.1,111.9,CVT,Bensin,Liquid-cooled,34.8,223569.0,13671.0,2023,35.0,Boros
Roda2,Sport,233.2,1,30.0,164.8,Manual,Bensin,Liquid-cooled,49.9,210555.0,10406.0,2015,28.0,Boros
Roda4,SUV,1571.5,4,104.1,1287.8,DCT,Diesel,Liquid-cooled,22.2,342592.0,9974.0,2020,12.3,Hemat
Roda4,City Car,1463.8,4,94.3,1100.0,Manual,Bensin,Liquid-cooled,64.7,224063.0,13095.0,2015,13.0,Boros
Roda4,SUV,1504.2,4,100.2,1200.0,DCT,Diesel,Liquid-cooled,55.9,295257.0,12702.0,2019,14.2,Hemat
Roda2,Matic,126.1,1,11.9,105.9,CVT,Bensin,Liquid-cooled,64.9,98008.0,12490.0,2021,41.79,Boros
Roda2,Sport,210.3,1,23.3,155.5,Manual,Bensin,Liquid-cooled,73.8,146836.0,11359.0,2017,28.0,Boros
Roda2,Bebek,122.8,1,8.4,101.2,Manual,Bensin,Air-cooled,45.3,257551.0,12590.0,2022,46.73,Boros
Roda2,Bebek,111.7,1,8.4,96.5,Manual,Bensin,Air-cooled,47.4,185184.0,11675.0,2023,52.9,Hemat
Roda4,SUV,1949.3,4,147.0,1477.8,CVT,Bensin,Liquid-cooled,42.3,166549.0,10867.0,2022,8.0,Boros
Roda2,Matic,130.9,1,11.8,109.4,CVT,Bensin,Air-cooled,58.6,242022.0,13260.0,2026,43.69,Hemat
Roda4,SUV,1562.9,4,114.1,1286.9,CVT,Bensin,Liquid-cooled,62.3,571407.0,10959.0,2017,9.29,Boros
Roda2,Sport Besar,624.9,3,70.0,245.9,Manual,Bensin,Liquid-cooled,72.4,248130.0,10301.0,2016,16.0,Boros
Roda4,SUV,1776.0,4,123.0,1369.0,Automatic,Hybrid,Liquid-cooled,86.8,252973.0,14292.0,2026,10.13,Boros
Roda4,MPV,1416.9,4,94.5,1259.8,Automatic,Bensin,Liquid-cooled,45.0,599581.0,11113.0,2021,11.53,Boros
Roda2,Sport,219.5,1,25.8,152.1,Manual,Bensin,Liquid-cooled,77.1,287379.0,13875.0,2021,28.0,Boros
Roda2,Bebek,126.9,1,10.1,101.3,Manual,Bensin,Air-cooled,10.5,150870.0,10916.0,2023,42.0,Boros
Roda2,Sport,237.0,2,29.0,165.2,Manual,Bensin,Liquid-cooled,70.7,293913.0,13714.0,2019,28.0,Boros
Roda4,City Car,1331.0,4,91.1,936.0,CVT,Bensin,Liquid-cooled,93.5,141428.0,11134.0,2020,13.8,Boros
Roda4,City Car,1368.9,4,94.1,1026.6,CVT,Bensin,Liquid-cooled,87.9,343674.0,11880.0,2026,13.57,Boros
Roda4,SUV,1826.6,4,122.9,1517.0,Automatic,Bensin,Liquid-cooled,43.4,189938.0,11691.0,2020,8.0,Boros
Roda4,City Car,1265.3,3,84.8,953.2,Manual,Bensin,Liquid-cooled,30.7,333143.0,11967.0,2025,13.0,Boros
Roda4,SUV,1790.9,4,131.8,1420.3,Manual,Hybrid,Liquid-cooled,47.2,390429.0,14297.0,2021,10.93,Boros
Roda2,Matic,123.8,1,9.9,97.0,CVT,Bensin,Air-cooled,29.0,263852.0,10124.0,2018,48.66,Hemat
Roda2,Sport Besar,481.0,2,56.7,238.2,Manual,Bensin,Liquid-cooled,65.3,114872.0,13185.0,2018,16.0,Boros
Roda2,Matic,135.3,1,12.8,112.5,CVT,Bensin,Liquid-cooled,70.0,143764.0,11802.0,2020,40.12,Boros
Roda2,Bebek,103.6,1,7.0,90.0,Manual,Bensin,Air-cooled,13.9,285596.0,10292.0,2018,59.91,Hemat
Roda4,City Car,1005.0,3,65.0,810.7,Manual,Bensin,Liquid-cooled,72.4,429726.0,11501.0,2021,15.37,Hemat
Roda2,Sport,249.4,1,28.8,169.0,Manual,Bensin,Liquid-cooled,42.4,96670.0,13278.0,2025,28.0,Boros
Roda2,Matic,150.9,1,15.2,122.1,CVT,Bensin,Air-cooled,71.4,76895.0,10148.0,2015,35.0,Boros
Roda4,MPV,1724.5,4,115.2,1410.5,CVT,Bensin,Liquid-cooled,59.1,123947.0,13268.0,2018,9.65,Boros
Roda2,Sport Besar,533.2,2,62.6,213.7,Manual,Bensin,Liquid-cooled,66.6,150764.0,12909.0,2015,16.0,Boros
Roda4,SUV,1562.4,4,107.8,1310.7,Manual,Bensin,Liquid-cooled,43.6,594301.0,13449.0,2024,11.34,Hemat
Roda2,Sport,241.5,1,29.9,166.8,Manual,Bensin,Liquid-cooled,79.1,198203.0,10626.0,2016,28.0,Boros
Roda4,City Car,1434.3,4,101.0,1039.7,Automatic,Bensin,Liquid-cooled,21.1,217182.0,13450.0,2022,13.0,Boros
Roda4,MPV,1610.8,4,116.1,1334.8,Automatic,Bensin,Liquid-cooled,23.6,360834.0,13374.0,2020,9.0,Boros
Roda4,SUV,1686.2,4,116.7,1315.9,Automatic,Diesel,Liquid-cooled,48.5,339883.0,11037.0,2023,11.47,Hemat
Roda2,Sport,162.2,1,17.0,123.6,Manual,Bensin,Liquid-cooled,30.0,92488.0,10409.0,2021,32.78,Boros
Roda2,Matic,134.3,1,11.5,109.7,CVT,Bensin,Liquid-cooled,28.4,106140.0,11815.0,2021,41.25,Boros
Roda2,Matic,134.9,1,12.5,108.8,CVT,Bensin,Liquid-cooled,14.4,76964.0,12536.0,2016,35.0,Boros
Roda2,Matic,121.2,1,10.0,102.3,CVT,Bensin,Air-cooled,29.0,60836.0,11421.0,2025,52.95,Hemat
Roda2,Sport,248.0,2,29.0,163.1,Manual,Bensin,Liquid-cooled,74.0,269611.0,11470.0,2025,28.0,Boros
Roda4,SUV,1517.2,4,100.0,1246.8,Manual,Diesel,Liquid-cooled,78.0,425069.0,13000.0,2024,14.7,Hemat
Roda2,Matic,149.8,1,14.9,118.9,CVT,Bensin,Liquid-cooled,14.3,88980.0,11723.0,2025,35.0,Boros
Roda4,MPV,1406.1,4,89.6,1174.4,Automatic,Diesel,Liquid-cooled,98.3,594234.0,9350.0,2023,14.08,Hemat
Roda4,City Car,1047.9,3,72.0,920.0,Automatic,Bensin,Liquid-cooled,52.1,349059.0,13864.0,2016,15.09,Hemat
Roda4,MPV,1458.7,4,92.8,1274.2,Manual,Bensin,Liquid-cooled,22.2,543460.0,11862.0,2026,9.55,Boros
Roda4,MPV,1467.5,4,106.5,1183.6,Manual,Bensin,Liquid-cooled,79.5,461871.0,13459.0,2021,9.44,Boros
Roda4,MPV,1467.4,4,103.9,1273.0,Automatic,Bensin,Liquid-cooled,21.7,179717.0,13808.0,2016,11.64,Boros
Roda4,MPV,1487.3,4,104.8,1258.7,CVT,Bensin,Liquid-cooled,92.3,381655.0,13070.0,2016,12.19,Hemat
Roda2,Bebek,139.5,1,11.1,102.1,Manual,Bensin,Air-cooled,39.0,233103.0,13438.0,2015,42.0,Boros
Roda4,MPV,1666.5,4,119.9,1404.9,Automatic,Diesel,Liquid-cooled,49.8,522380.0,11342.0,2017,9.0,Boros
Roda4,SUV,1631.7,4,114.5,1290.9,Automatic,Hybrid,Liquid-cooled,76.0,430151.0,14190.0,2016,10.43,Boros
Roda4,SUV,1590.3,4,111.9,1316.1,Automatic,Diesel,Liquid-cooled,88.0,383940.0,8682.0,2020,12.54,Hemat
Roda4,City Car,1057.4,4,69.3,838.4,CVT,Bensin,Liquid-cooled,47.7,290938.0,12544.0,2023,20.67,Hemat
Roda4,City Car,1017.6,4,68.5,804.5,Manual,Bensin,Liquid-cooled,52.1,382232.0,11783.0,2016,17.12,Hemat
Roda2,Matic,146.6,1,14.4,111.0,CVT,Bensin,Liquid-cooled,71.9,77125.0,11671.0,2017,35.0,Boros
Roda4,City Car,1455.7,4,97.7,1078.4,CVT,Bensin,Liquid-cooled,80.0,206912.0,12078.0,2021,13.0,Boros
Roda2,Matic,136.2,1,12.2,112.3,CVT,Bensin,Liquid-cooled,58.7,70869.0,10157.0,2026,35.0,Boros
Roda2,Sport,241.6,1,26.7,170.0,Manual,Bensin,Liquid-cooled,36.1,154513.0,10805.0,2016,28.0,Boros
Roda4,City Car,1140.9,4,71.8,827.7,Manual,Bensin,Liquid-cooled,41.0,306135.0,11738.0,2023,17.43,Hemat
Roda4,MPV,1358.9,4,95.6,1193.1,Manual,Bensin,Liquid-cooled,69.1,197186.0,13068.0,2022,12.59,Hemat
Roda4,City Car,1047.0,3,68.1,804.4,Automatic,Bensin,Liquid-cooled,96.3,182071.0,10498.0,2025,17.98,Hemat
Roda4,MPV,1670.9,4,119.1,1406.5,Automatic,Diesel,Liquid-cooled,22.7,446074.0,12312.0,2019,9.51,Boros
Roda2,Sport Besar,436.1,2,43.2,194.3,Manual,Bensin,Liquid-cooled,27.4,149382.0,13622.0,2021,17.78,Boros
Roda2,Sport,155.1,2,15.0,121.0,Manual,Bensin,Liquid-cooled,74.5,233129.0,11938.0,2017,38.41,Hemat
Roda4,MPV,1353.6,4,85.0,1100.0,CVT,Bensin,Liquid-cooled,67.3,294430.0,12369.0,2018,15.88,Hemat
Roda4,City Car,1352.9,3,87.3,974.9,Automatic,Bensin,Liquid-cooled,98.1,172855.0,12545.0,2021,13.0,Boros
Roda4,MPV,1673.1,4,125.6,1411.5,CVT,Bensin,Liquid-cooled,52.4,403545.0,13141.0,2026,9.72,Boros
Roda2,Sport Besar,449.8,3,46.1,212.0,Manual,Bensin,Liquid-cooled,30.7,273805.0,10693.0,2017,18.43,Boros
Roda2,Matic,118.5,1,9.5,97.1,CVT,Bensin,Liquid-cooled,57.7,101647.0,10431.0,2023,50.63,Hemat
Roda2,Sport Besar,532.5,4,55.5,205.6,Manual,Bensin,Liquid-cooled,74.9,213582.0,12565.0,2019,16.0,Boros
Roda2,Sport Besar,501.8,3,48.4,224.1,Manual,Bensin,Liquid-cooled,17.1,104137.0,11655.0,2020,16.0,Boros
Roda4,City Car,1283.0,4,96.2,977.5,CVT,Bensin,Liquid-cooled,27.2,113104.0,12024.0,2020,13.0,Boros
Roda2,Sport Besar,519.3,3,56.2,222.1,Manual,Bensin,Liquid-cooled,52.4,79070.0,13478.0,2025,16.0,Boros
Roda2,Matic,124.2,1,11.1,103.0,CVT,Bensin,Air-cooled,65.0,144237.0,10391.0,2019,49.74,Hemat
Roda4,City Car,1062.7,3,69.7,824.0,Automatic,Bensin,Liquid-cooled,20.5,260308.0,13577.0,2026,17.56,Hemat
Roda2,Matic,159.2,1,14.4,122.5,CVT,Bensin,Liquid-cooled,21.4,200167.0,11916.0,2015,35.0,Boros
Roda2,Matic,115.8,1,10.0,100.9,CVT,Bensin,Air-cooled,26.3,208255.0,11014.0,2017,46.12,Hemat
Roda2,Matic,111.6,1,9.6,100.1,CVT,Bensin,Air-cooled,60.7,253904.0,13400.0,2025,51.02,Hemat
Roda4,City Car,1177.1,3,80.7,920.4,CVT,Bensin,Liquid-cooled,88.7,417566.0,12819.0,2026,14.84,Boros
Roda4,City Car,1215.4,4,83.7,875.6,CVT,Bensin,Liquid-cooled,71.5,492116.0,10095.0,2025,16.0,Hemat
Roda4,SUV,1508.8,4,104.0,1221.1,CVT,Hybrid,Liquid-cooled,94.5,360956.0,14345.0,2019,14.65,Hemat
Roda2,Bebek,106.6,1,7.4,94.7,Manual,Bensin,Air-cooled,55.3,206245.0,12490.0,2022,57.26,Hemat
Roda4,MPV,1372.4,4,97.5,1154.3,CVT,Bensin,Liquid-cooled,22.9,467884.0,12986.0,2020,13.23,Hemat
Roda2,Sport Besar,577.7,4,61.9,233.3,Manual,Bensin,Liquid-cooled,12.0,171278.0,12131.0,2022,16.0,Boros
Roda2,Sport Besar,372.8,4,47.8,177.4,Manual,Bensin,Liquid-cooled,63.0,196124.0,10210.0,2025,22.68,Hemat
Roda2,Matic,111.5,1,10.5,95.0,CVT,Bensin,Air-cooled,39.7,278923.0,11942.0,2017,46.72,Hemat
Roda2,Bebek,143.3,1,11.2,106.3,Manual,Bensin,Air-cooled,71.5,151035.0,11275.0,2025,42.0,Boros
Roda4,City Car,1252.2,4,83.3,995.9,CVT,Bensin,Liquid-cooled,89.7,297255.0,13699.0,2022,13.0,Boros
Roda2,Sport Besar,303.5,2,39.5,165.4,Manual,Bensin,Liquid-cooled,34.6,199854.0,11869.0,2017,23.53,Hemat
Roda2,Sport Besar,608.5,3,70.0,237.6,Manual,Bensin,Liquid-cooled,45.8,220159.0,11613.0,2023,16.0,Boros
Roda4,MPV,1656.9,4,118.0,1398.0,Manual,Diesel,Liquid-cooled,24.0,300719.0,11772.0,2016,11.69,Boros
Roda2,Matic,117.3,1,9.8,97.8,CVT,Bensin,Air-cooled,67.3,190945.0,12048.0,2026,48.79,Hemat
Roda4,MPV,1497.5,4,108.0,1250.5,CVT,Diesel,Liquid-cooled,48.4,119767.0,6833.0,2015,13.23,Hemat
Roda2,Matic,135.7,1,12.5,107.8,CVT,Bensin,Liquid-cooled,49.0,58799.0,12301.0,2022,36.46,Boros
Roda4,SUV,1965.8,4,148.6,1570.1,CVT,Hybrid,Liquid-cooled,98.6,140531.0,14139.0,2023,9.96,Boros
Roda4,SUV,1654.0,4,120.2,1291.1,Manual,Bensin,Liquid-cooled,23.6,240533.0,12198.0,2016,8.0,Boros
Roda4,City Car,1349.8,3,98.9,1000.6,Automatic,Bensin,Liquid-cooled,42.1,144860.0,10181.0,2022,13.0,Boros
Roda4,SUV,1571.7,4,105.4,1287.9,Automatic,Hybrid,Liquid-cooled,55.2,559831.0,14133.0,2024,16.0,Hemat
Roda4,MPV,1420.2,4,95.3,1125.9,Automatic,Bensin,Liquid-cooled,85.5,352009.0,11962.0,2025,14.6,Hemat
Roda4,SUV,1943.1,4,144.0,1600.0,Manual,Bensin,Liquid-cooled,29.2,238444.0,12706.0,2016,8.0,Boros
Roda4,SUV,1915.1,4,133.9,1598.4,CVT,Bensin,Liquid-cooled,89.5,578760.0,13269.0,2022,8.0,Boros
Roda2,Matic,147.3,1,14.7,119.7,CVT,Bensin,Liquid-cooled,53.8,263504.0,13130.0,2019,35.0,Boros
Roda2,Bebek,148.1,1,11.9,108.8,Manual,Bensin,Air-cooled,60.8,204934.0,13495.0,2025,42.0,Boros
Roda4,City Car,1212.0,3,74.9,937.4,Manual,Bensin,Liquid-cooled,77.6,453205.0,13545.0,2017,13.24,Boros
Roda4,City Car,1185.9,4,79.7,932.8,Automatic,Bensin,Liquid-cooled,47.0,564981.0,10753.0,2015,13.0,Boros
Roda4,City Car,1086.2,3,69.5,932.0,Automatic,Bensin,Liquid-cooled,79.7,308728.0,10259.0,2016,15.14,Hemat
Roda2,Matic,146.9,1,15.3,114.1,CVT,Bensin,Liquid-cooled,72.8,116162.0,12774.0,2024,35.0,Boros
Roda2,Sport,208.4,1,21.8,146.8,Manual,Bensin,Liquid-cooled,32.7,266047.0,13025.0,2016,28.0,Boros
Roda4,MPV,1688.0,4,108.1,1379.1,CVT,Bensin,Liquid-cooled,78.6,302486.0,13823.0,2023,10.17,Boros
Roda2,Bebek,142.4,1,10.7,105.1,Manual,Bensin,Air-cooled,46.9,276605.0,10639.0,2019,42.0,Boros
Roda2,Matic,135.5,1,13.1,111.3,CVT,Bensin,Air-cooled,61.2,181112.0,13826.0,2026,41.8,Boros
Roda4,SUV,1587.2,4,107.8,1292.2,DCT,Hybrid,Liquid-cooled,81.3,272812.0,13907.0,2024,13.93,Hemat
Roda4,City Car,1236.1,3,86.5,992.1,CVT,Bensin,Liquid-cooled,53.1,268425.0,10359.0,2020,13.0,Boros
Roda4,City Car,1470.9,3,91.5,1079.5,CVT,Bensin,Liquid-cooled,94.7,107059.0,12583.0,2018,13.0,Boros
Roda4,SUV,1691.9,4,127.4,1356.7,DCT,Hybrid,Liquid-cooled,67.1,340245.0,14204.0,2016,10.16,Boros
Roda4,SUV,1589.8,4,106.4,1249.3,Automatic,Hybrid,Liquid-cooled,55.8,134297.0,14028.0,2017,12.81,Hemat
Roda2,Matic,111.0,1,9.0,102.3,CVT,Bensin,Air-cooled,55.3,221722.0,13028.0,2026,53.82,Hemat
Roda4,MPV,1710.0,4,130.0,1500.0,Manual,Diesel,Liquid-cooled,98.4,377833.0,10547.0,2018,9.0,Boros
Roda4,MPV,1676.0,4,125.8,1435.5,CVT,Diesel,Liquid-cooled,18.8,293685.0,9436.0,2026,10.36,Boros
Roda4,SUV,1703.6,4,121.2,1325.6,CVT,Hybrid,Liquid-cooled,86.6,136988.0,13937.0,2019,13.23,Hemat
Roda2,Bebek,137.7,1,11.1,105.9,Manual,Bensin,Air-cooled,38.1,286949.0,11547.0,2020,42.0,Boros
Roda2,Sport Besar,342.3,3,40.3,182.5,Manual,Bensin,Liquid-cooled,50.2,160188.0,11805.0,2023,25.98,Hemat
Roda4,SUV,1950.8,4,150.0,1575.2,CVT,Diesel,Liquid-cooled,99.6,235294.0,9221.0,2015,8.0,Boros
Roda2,Bebek,146.5,1,12.0,107.2,Manual,Bensin,Air-cooled,54.6,214838.0,13491.0,2026,42.0,Boros
Roda4,SUV,1867.1,4,140.1,1439.1,Manual,Bensin,Liquid-cooled,94.4,228370.0,13490.0,2022,8.0,Boros
Roda2,Bebek,122.1,1,8.8,96.4,Manual,Bensin,Air-cooled,42.7,63177.0,10147.0,2025,52.69,Hemat
Roda2,Matic,135.1,1,12.5,108.7,CVT,Bensin,Liquid-cooled,75.7,76850.0,13705.0,2020,36.49,Boros
Roda2,Bebek,145.8,1,11.2,108.2,Manual,Bensin,Air-cooled,21.2,91016.0,11112.0,2015,42.0,Boros
Roda2,Bebek,127.1,1,8.8,99.3,Manual,Bensin,Air-cooled,33.4,84818.0,13097.0,2017,43.53,Boros
Roda2,Bebek,113.4,1,9.7,97.0,Manual,Bensin,Air-cooled,20.6,249613.0,12758.0,2024,44.41,Boros
Roda4,MPV,1493.3,4,102.4,1233.7,CVT,Bensin,Liquid-cooled,52.9,107644.0,13854.0,2019,11.54,Boros
Roda2,Sport Besar,595.6,3,62.6,238.6,Manual,Bensin,Liquid-cooled,77.1,118613.0,13615.0,2020,16.0,Boros
Roda2,Sport,173.5,2,18.7,126.6,Manual,Bensin,Liquid-cooled,59.0,96184.0,12329.0,2022,36.14,Hemat
Roda2,Matic,158.4,1,16.0,123.5,CVT,Bensin,Liquid-cooled,25.9,52008.0,11919.0,2022,35.0,Boros
Roda2,Sport Besar,327.3,2,31.1,183.1,Manual,Bensin,Liquid-cooled,37.0,233472.0,12428.0,2022,20.04,Boros
Roda4,MPV,1758.6,4,129.2,1453.6,Automatic,Bensin,Liquid-cooled,92.6,429313.0,11402.0,2015,9.0,Boros
Roda2,Matic,118.9,1,11.1,97.9,CVT,Bensin,Air-cooled,39.2,107279.0,10904.0,2026,36.99,Boros
Roda2,Bebek,124.4,1,10.1,100.9,Manual,Bensin,Air-cooled,45.2,149666.0,10571.0,2018,42.0,Boros
Roda4,SUV,1586.0,4,105.2,1260.1,CVT,Hybrid,Liquid-cooled,55.7,164833.0,14366.0,2025,14.54,Hemat
Roda4,SUV,1839.0,4,124.9,1481.4,Manual,Bensin,Liquid-cooled,15.1,225314.0,11248.0,2018,8.0,Boros
Roda2,Matic,138.1,1,13.5,110.9,CVT,Bensin,Air-cooled,37.0,89560.0,12712.0,2018,40.8,Boros
Roda2,Bebek,115.4,1,8.5,96.1,Manual,Bensin,Air-cooled,21.8,259111.0,12141.0,2021,49.94,Hemat
Roda4,SUV,1534.2,4,101.6,1200.0,DCT,Diesel,Liquid-cooled,82.0,513211.0,7007.0,2016,12.18,Hemat
Roda4,SUV,1989.3,4,147.7,1591.4,Automatic,Hybrid,Liquid-cooled,47.8,409813.0,14238.0,2024,8.3,Boros
Roda4,SUV,1947.7,4,141.7,1545.6,Manual,Diesel,Liquid-cooled,96.8,425154.0,10886.0,2021,8.0,Boros
Roda4,City Car,1064.1,4,69.0,880.7,Automatic,Bensin,Liquid-cooled,95.0,232348.0,13694.0,2023,16.49,Hemat
Roda2,Matic,141.8,1,13.2,118.1,CVT,Bensin,Liquid-cooled,47.6,190263.0,11497.0,2015,35.0,Boros
Roda4,City Car,1364.3,4,99.8,1005.4,Manual,Bensin,Liquid-cooled,63.9,528601.0,13479.0,2026,13.0,Boros
Roda4,SUV,1581.3,4,102.3,1227.9,CVT,Hybrid,Liquid-cooled,67.0,386432.0,14355.0,2017,12.99,Hemat
Roda2,Sport,209.3,2,23.2,146.8,Manual,Bensin,Liquid-cooled,16.9,283798.0,11314.0,2016,28.0,Boros
Roda4,MPV,1773.7,4,126.7,1459.0,Automatic,Bensin,Liquid-cooled,84.7,120091.0,12767.0,2021,9.0,Boros
Roda4,City Car,1034.4,4,67.8,847.1,Manual,Bensin,Liquid-cooled,87.9,372741.0,13695.0,2026,18.87,Hemat
Roda4,MPV,1632.5,4,117.2,1316.9,Manual,Bensin,Liquid-cooled,15.7,478489.0,13321.0,2017,9.0,Boros
Roda4,SUV,1588.4,4,113.5,1304.3,CVT,Diesel,Liquid-cooled,73.4,497322.0,7112.0,2019,12.65,Hemat
Roda4,SUV,1595.7,4,109.1,1245.2,DCT,Bensin,Liquid-cooled,36.5,119024.0,10791.0,2022,11.56,Hemat
Roda4,MPV,1677.0,4,125.9,1446.9,Manual,Bensin,Liquid-cooled,22.8,592748.0,10460.0,2024,9.0,Boros
Roda4,SUV,1840.5,4,126.3,1415.9,Automatic,Diesel,Liquid-cooled,34.2,518063.0,7296.0,2025,8.0,Boros
Roda4,SUV,1823.6,4,126.2,1405.6,Automatic,Bensin,Liquid-cooled,48.1,574294.0,13479.0,2019,8.0,Boros
Roda2,Matic,112.7,1,9.9,97.0,CVT,Bensin,Air-cooled,71.7,132276.0,11587.0,2021,50.79,Hemat
Roda2,Matic,147.2,1,14.9,118.5,CVT,Bensin,Air-cooled,10.9,77495.0,11418.0,2015,35.0,Boros
Roda2,Matic,146.6,1,13.7,114.9,CVT,Bensin,Liquid-cooled,79.3,219790.0,13841.0,2016,35.0,Boros
Roda4,SUV,1826.5,4,128.9,1513.1,DCT,Hybrid,Liquid-cooled,93.1,590950.0,14170.0,2022,8.11,Boros
Roda2,Sport,211.2,2,25.1,154.5,Manual,Bensin,Liquid-cooled,22.1,66502.0,13117.0,2025,28.0,Boros
Roda2,Sport,212.4,1,25.6,154.1,Manual,Bensin,Liquid-cooled,59.4,279960.0,12248.0,2024,28.0,Boros
Roda2,Sport Besar,347.7,2,29.4,201.1,Manual,Bensin,Liquid-cooled,73.3,247835.0,11299.0,2019,19.19,Boros
Roda4,City Car,1128.7,3,65.5,880.6,Manual,Bensin,Liquid-cooled,81.1,221206.0,10186.0,2025,18.25,Hemat
Roda4,MPV,1560.3,4,110.2,1284.0,Manual,Bensin,Liquid-cooled,89.6,255750.0,10091.0,2022,10.36,Boros
Roda4,City Car,1145.5,3,74.5,886.0,Manual,Bensin,Liquid-cooled,67.0,136907.0,11884.0,2024,14.67,Boros
Roda4,City Car,1339.5,4,88.7,971.7,Manual,Bensin,Liquid-cooled,16.4,304383.0,10729.0,2020,13.0,Boros
Roda4,City Car,1342.2,4,88.8,1050.8,CVT,Bensin,Liquid-cooled,36.7,479674.0,13612.0,2018,13.0,Boros
Roda4,City Car,1006.7,3,65.0,800.0,Automatic,Bensin,Liquid-cooled,75.2,557342.0,10293.0,2016,16.03,Hemat
Roda4,City Car,1261.5,3,84.7,948.2,Manual,Bensin,Liquid-cooled,40.9,496124.0,12032.0,2026,13.0,Boros
Roda2,Sport Besar,520.3,4,60.5,219.9,Manual,Bensin,Liquid-cooled,55.0,176842.0,10854.0,2024,16.0,Boros
Roda4,SUV,1992.1,4,149.8,1600.0,Automatic,Bensin,Liquid-cooled,41.2,107268.0,10987.0,2017,8.0,Boros
Roda2,Bebek,126.8,1,9.5,104.2,Manual,Bensin,Air-cooled,43.3,239232.0,12688.0,2026,42.0,Boros
Roda2,Matic,142.3,1,13.8,115.1,CVT,Bensin,Air-cooled,35.1,160134.0,12026.0,2026,40.47,Boros
Roda4,SUV,1908.9,4,145.8,1543.6,DCT,Bensin,Liquid-cooled,65.5,484323.0,11762.0,2017,8.0,Boros
Roda4,City Car,1131.6,3,75.9,831.9,CVT,Bensin,Liquid-cooled,42.5,336144.0,12610.0,2024,17.34,Hemat
Roda4,City Car,1384.0,4,93.2,983.5,Manual,Bensin,Liquid-cooled,90.0,186564.0,12632.0,2022,13.0,Boros
Roda2,Bebek,103.1,1,7.0,90.7,Manual,Bensin,Air-cooled,69.3,131082.0,12638.0,2025,65.0,Hemat
Roda2,Matic,157.3,1,15.4,125.0,CVT,Bensin,Liquid-cooled,47.9,273085.0,12652.0,2023,35.0,Boros
Roda4,City Car,1489.9,4,101.9,1092.0,Manual,Bensin,Liquid-cooled,75.4,406244.0,11334.0,2019,13.0,Boros
Roda2,Matic,127.8,1,11.7,110.2,CVT,Bensin,Air-cooled,10.3,97012.0,10016.0,2025,39.29,Boros
Roda4,MPV,1506.2,4,108.9,1223.1,Automatic,Diesel,Liquid-cooled,64.2,251148.0,12474.0,2016,11.84,Boros
Roda2,Matic,141.0,1,14.0,113.1,CVT,Bensin,Air-cooled,35.5,284650.0,12585.0,2020,36.13,Boros
Roda2,Sport Besar,557.9,2,54.9,230.8,Manual,Bensin,Liquid-cooled,77.8,95019.0,12449.0,2022,16.0,Boros
Roda2,Matic,151.7,1,14.6,119.0,CVT,Bensin,Liquid-cooled,26.8,289153.0,12906.0,2019,35.0,Boros
Roda2,Matic,146.0,1,14.9,114.1,CVT,Bensin,Air-cooled,40.1,156208.0,11627.0,2022,35.61,Boros
Roda2,Sport Besar,516.1,4,53.1,229.5,Manual,Bensin,Liquid-cooled,41.4,96038.0,12379.0,2020,16.0,Boros
Roda2,Bebek,115.7,1,8.7,98.1,Manual,Bensin,Air-cooled,48.2,72050.0,12367.0,2026,49.11,Hemat
Roda2,Bebek,120.1,1,9.9,97.5,Manual,Bensin,Air-cooled,31.3,84812.0,12387.0,2015,42.0,Boros
Roda4,SUV,1712.7,4,122.9,1315.2,Manual,Bensin,Liquid-cooled,91.8,114816.0,13039.0,2017,9.04,Boros
Roda4,SUV,1995.1,4,148.1,1598.7,DCT,Bensin,Liquid-cooled,74.3,237516.0,11314.0,2022,8.0,Boros
Roda4,City Car,1033.6,4,75.2,830.9,CVT,Bensin,Liquid-cooled,47.5,113520.0,10766.0,2026,19.91,Hemat
Roda4,MPV,1627.4,4,111.6,1353.8,Automatic,Diesel,Liquid-cooled,49.5,216283.0,8864.0,2015,10.41,Boros
Roda2,Sport,248.1,1,28.5,170.0,Manual,Bensin,Liquid-cooled,34.3,182634.0,12376.0,2020,28.0,Boros
Roda2,Matic,154.4,1,15.8,124.0,CVT,Bensin,Liquid-cooled,55.6,122645.0,13798.0,2024,35.0,Boros
Roda2,Matic,153.2,1,15.7,124.7,CVT,Bensin,Air-cooled,62.2,111457.0,12842.0,2022,35.0,Boros
Roda4,SUV,1582.4,4,109.4,1267.0,CVT,Hybrid,Liquid-cooled,66.6,251374.0,14348.0,2021,14.69,Hemat
Roda2,Sport,203.1,2,24.1,144.3,Manual,Bensin,Liquid-cooled,45.4,200409.0,10023.0,2018,28.0,Boros
Roda4,MPV,1305.4,4,89.7,1100.0,CVT,Diesel,Liquid-cooled,33.4,176130.0,7568.0,2025,18.0,Hemat
Roda4,MPV,1619.0,4,106.5,1442.9,Automatic,Diesel,Liquid-cooled,49.6,570449.0,13013.0,2023,10.68,Boros
Roda4,SUV,1964.2,4,147.9,1600.0,Automatic,Bensin,Liquid-cooled,96.8,557299.0,13714.0,2016,8.0,Boros
Roda4,MPV,1324.5,4,87.9,1146.3,Manual,Diesel,Liquid-cooled,23.4,552047.0,12098.0,2017,13.09,Hemat
Roda2,Matic,153.4,1,14.2,117.4,CVT,Bensin,Liquid-cooled,33.5,181360.0,12651.0,2020,35.0,Boros
Roda4,MPV,1602.5,4,116.8,1379.3,Manual,Diesel,Liquid-cooled,41.3,514736.0,10446.0,2015,9.97,Boros
Roda4,MPV,1470.9,4,92.5,1264.9,Automatic,Bensin,Liquid-cooled,64.3,551456.0,10510.0,2025,9.56,Boros
Roda4,SUV,1845.9,4,127.6,1567.7,Automatic,Hybrid,Liquid-cooled,70.8,177074.0,14384.0,2025,9.3,Boros
Roda2,Sport,156.1,2,15.9,120.1,Manual,Bensin,Liquid-cooled,18.3,163722.0,12153.0,2024,39.11,Hemat
Roda2,Sport,239.5,1,28.6,161.6,Manual,Bensin,Liquid-cooled,40.9,259064.0,13153.0,2025,28.0,Boros
Roda2,Sport Besar,507.2,3,48.1,216.6,Manual,Bensin,Liquid-cooled,43.0,52598.0,10632.0,2015,16.0,Boros
Roda2,Matic,132.6,1,12.4,106.5,CVT,Bensin,Air-cooled,76.1,78101.0,11762.0,2024,40.65,Boros
Roda2,Matic,115.7,1,10.6,95.0,CVT,Bensin,Air-cooled,30.0,112099.0,12960.0,2015,51.07,Hemat
Roda4,City Car,1450.6,4,100.6,1080.1,Manual,Bensin,Liquid-cooled,26.7,511430.0,12231.0,2023,13.0,Boros
Roda4,City Car,1330.0,3,89.1,1015.4,CVT,Bensin,Liquid-cooled,76.4,190782.0,10348.0,2021,13.0,Boros
Roda2,Bebek,105.2,1,7.8,90.0,Manual,Bensin,Air-cooled,10.5,220063.0,13219.0,2022,58.95,Hemat
Roda4,City Car,1230.8,4,82.0,913.5,CVT,Bensin,Liquid-cooled,32.0,206825.0,10900.0,2022,15.28,Hemat
Roda4,City Car,1346.7,3,90.4,1026.6,CVT,Bensin,Liquid-cooled,59.7,354095.0,11158.0,2020,13.0,Boros
Roda4,MPV,1769.6,4,127.3,1500.0,Manual,Bensin,Liquid-cooled,80.0,280762.0,10349.0,2018,9.0,Boros
Roda4,City Car,1347.1,4,94.0,1020.1,CVT,Bensin,Liquid-cooled,16.9,367194.0,13889.0,2015,13.0,Boros
Roda4,SUV,1565.0,4,105.0,1227.0,DCT,Bensin,Liquid-cooled,54.1,256221.0,13787.0,2019,11.34,Hemat
Roda2,Sport,150.4,2,15.0,120.0,Manual,Bensin,Liquid-cooled,69.2,266018.0,12947.0,2019,39.7,Hemat
Roda4,MPV,1356.1,4,88.4,1183.2,CVT,Bensin,Liquid-cooled,18.1,400141.0,10969.0,2019,15.12,Hemat
Roda2,Sport,222.6,2,24.5,160.2,Manual,Bensin,Liquid-cooled,28.3,281192.0,10700.0,2022,28.0,Boros
Roda4,City Car,1367.9,3,90.8,1042.5,Manual,Bensin,Liquid-cooled,33.8,102942.0,11504.0,2026,13.0,Boros
Roda2,Matic,155.9,1,15.0,118.7,CVT,Bensin,Liquid-cooled,31.8,131723.0,10042.0,2022,35.0,Boros
Roda2,Matic,117.2,1,10.6,100.8,CVT,Bensin,Air-cooled,73.8,131488.0,10611.0,2016,48.48,Hemat
Roda4,MPV,1502.3,4,96.2,1340.8,CVT,Bensin,Liquid-cooled,91.4,250111.0,11886.0,2016,9.64,Boros
Roda2,Bebek,125.6,1,9.1,98.5,Manual,Bensin,Air-cooled,78.7,283122.0,13642.0,2019,50.68,Hemat
Roda2,Matic,119.8,1,11.4,102.9,CVT,Bensin,Air-cooled,12.7,203804.0,13229.0,2023,46.56,Hemat
Roda2,Bebek,105.9,1,7.2,94.6,Manual,Bensin,Air-cooled,39.2,296028.0,12605.0,2015,46.64,Boros
Roda2,Matic,136.9,1,12.3,108.1,CVT,Bensin,Liquid-cooled,78.3,197358.0,12038.0,2019,35.0,Boros
Roda2,Sport Besar,374.8,4,37.0,186.4,Manual,Bensin,Liquid-cooled,54.5,67688.0,11335.0,2015,21.34,Boros
Roda2,Bebek,122.0,1,9.5,92.9,Manual,Bensin,Air-cooled,11.3,169211.0,12682.0,2021,49.12,Hemat
Roda2,Sport,155.0,1,15.0,123.1,Manual,Bensin,Liquid-cooled,21.4,112981.0,11433.0,2025,40.33,Hemat
Roda2,Sport,151.7,2,15.0,125.7,Manual,Bensin,Liquid-cooled,27.4,118593.0,13205.0,2024,38.14,Hemat
Roda4,MPV,1495.9,4,109.2,1198.3,Manual,Bensin,Liquid-cooled,91.1,512411.0,12370.0,2024,12.67,Hemat
Roda2,Sport,169.0,2,17.8,129.4,Manual,Bensin,Liquid-cooled,60.8,62320.0,12745.0,2026,30.49,Boros
Roda4,SUV,1789.5,4,130.1,1398.0,DCT,Hybrid,Liquid-cooled,50.4,246576.0,14171.0,2024,11.92,Hemat
Roda2,Bebek,140.0,1,10.8,101.7,Manual,Bensin,Air-cooled,12.6,168017.0,12203.0,2015,42.0,Boros
Roda4,City Car,1494.1,4,102.5,1100.0,Automatic,Bensin,Liquid-cooled,88.7,262149.0,13644.0,2022,13.0,Boros
Roda4,City Car,1187.5,4,80.9,887.4,Automatic,Bensin,Liquid-cooled,29.9,179234.0,13025.0,2024,14.31,Boros
Roda4,City Car,1208.3,4,82.0,933.8,Automatic,Bensin,Liquid-cooled,53.8,281686.0,13835.0,2016,13.0,Boros
Roda2,Sport,208.0,1,25.4,147.4,Manual,Bensin,Liquid-cooled,25.7,158350.0,13825.0,2015,28.0,Boros
Roda2,Matic,131.9,1,12.4,107.8,CVT,Bensin,Air-cooled,55.4,53028.0,11296.0,2026,44.04,Hemat
Roda2,Bebek,101.1,1,7.2,92.6,Manual,Bensin,Air-cooled,32.1,206742.0,13153.0,2023,49.97,Hemat
Roda4,City Car,1123.6,4,75.8,862.8,Automatic,Bensin,Liquid-cooled,28.8,277225.0,11840.0,2017,15.02,Hemat
Roda4,MPV,1785.4,4,129.3,1438.1,Automatic,Diesel,Liquid-cooled,43.9,164925.0,8238.0,2024,9.0,Boros
Roda2,Sport Besar,376.3,3,34.4,184.5,Manual,Bensin,Liquid-cooled,58.9,80983.0,13698.0,2023,22.6,Hemat
Roda2,Matic,151.9,1,13.6,124.7,CVT,Bensin,Liquid-cooled,66.2,203012.0,11470.0,2026,35.0,Boros
Roda4,SUV,1741.2,4,132.0,1295.2,DCT,Bensin,Liquid-cooled,48.9,241257.0,13795.0,2025,9.17,Boros
Roda2,Bebek,131.4,1,9.0,102.0,Manual,Bensin,Air-cooled,54.3,82485.0,12184.0,2018,42.0,Boros
Roda4,SUV,1709.7,4,115.5,1386.9,DCT,Diesel,Liquid-cooled,80.6,307020.0,9350.0,2019,10.31,Boros
Roda4,City Car,1344.2,4,86.6,1003.0,Automatic,Bensin,Liquid-cooled,41.9,229744.0,11883.0,2018,13.0,Boros
Roda4,City Car,1436.3,4,100.4,1089.0,Automatic,Bensin,Liquid-cooled,43.9,242077.0,12870.0,2020,13.0,Boros
Roda4,MPV,1605.1,4,107.6,1383.4,Automatic,Diesel,Liquid-cooled,75.1,535715.0,11680.0,2019,9.63,Boros
Roda2,Bebek,144.9,1,11.4,107.6,Manual,Bensin,Air-cooled,11.2,277391.0,11052.0,2020,42.0,Boros
Roda4,SUV,1754.3,4,115.2,1409.1,DCT,Diesel,Liquid-cooled,61.9,403383.0,12831.0,2018,8.0,Boros
Roda2,Sport Besar,282.0,3,32.5,170.1,Manual,Bensin,Liquid-cooled,68.0,144555.0,10986.0,2016,22.25,Hemat
Roda4,SUV,1531.4,4,102.5,1210.9,Automatic,Diesel,Liquid-cooled,67.2,539783.0,8368.0,2023,12.66,Hemat
Roda4,MPV,1445.1,4,100.0,1233.3,Automatic,Bensin,Liquid-cooled,83.7,563150.0,13773.0,2021,10.41,Boros
Roda4,MPV,1470.0,4,105.4,1343.8,CVT,Bensin,Liquid-cooled,36.2,536542.0,13038.0,2015,10.14,Boros
Roda2,Matic,153.2,1,13.5,116.1,CVT,Bensin,Liquid-cooled,15.2,97424.0,11318.0,2020,35.0,Boros
Roda4,City Car,1410.4,3,90.1,1075.1,CVT,Bensin,Liquid-cooled,52.4,579857.0,12999.0,2023,13.0,Boros
Roda4,SUV,1624.0,4,103.6,1256.7,Automatic,Bensin,Liquid-cooled,88.4,217519.0,10095.0,2021,11.56,Hemat
Roda4,MPV,1321.4,4,85.0,1172.6,Automatic,Bensin,Liquid-cooled,40.7,352427.0,11862.0,2015,10.6,Boros
Roda4,SUV,1800.8,4,125.8,1429.3,Manual,Bensin,Liquid-cooled,96.3,383791.0,11299.0,2024,8.0,Boros
Roda4,MPV,1371.9,4,93.9,1178.3,Manual,Bensin,Liquid-cooled,96.8,440294.0,12839.0,2015,12.27,Hemat
Roda4,SUV,1650.2,4,113.0,1287.9,DCT,Diesel,Liquid-cooled,54.7,118734.0,10157.0,2015,11.27,Hemat
Roda2,Matic,149.3,1,14.2,116.2,CVT,Bensin,Liquid-cooled,48.8,145698.0,10613.0,2018,35.0,Boros
Roda2,Matic,121.6,1,11.3,102.5,CVT,Bensin,Liquid-cooled,70.3,172928.0,10498.0,2017,50.48,Hemat
Roda4,SUV,1857.9,4,129.6,1456.4,DCT,Diesel,Liquid-cooled,26.1,377240.0,7646.0,2018,8.43,Boros
Roda2,Matic,118.8,1,11.3,95.4,CVT,Bensin,Air-cooled,20.0,96830.0,13477.0,2026,58.0,Hemat
Roda2,Matic,133.4,1,12.7,109.8,CVT,Bensin,Liquid-cooled,73.8,137280.0,12996.0,2017,39.27,Boros
Roda4,MPV,1702.0,4,118.5,1460.3,Manual,Diesel,Liquid-cooled,18.4,250297.0,12683.0,2021,9.42,Boros
Roda4,City Car,1284.8,3,85.4,997.3,Automatic,Bensin,Liquid-cooled,80.9,156263.0,12839.0,2023,13.4,Boros
Roda2,Sport Besar,282.8,4,27.9,174.9,Manual,Bensin,Liquid-cooled,72.3,164109.0,10185.0,2024,23.66,Hemat
Roda4,MPV,1796.8,4,125.8,1500.0,Manual,Diesel,Liquid-cooled,52.6,577241.0,10721.0,2024,9.0,Boros
Roda4,MPV,1382.1,4,86.8,1195.9,Manual,Diesel,Liquid-cooled,23.0,154516.0,7717.0,2018,14.18,Hemat
Roda4,SUV,1797.6,4,130.3,1451.6,DCT,Diesel,Liquid-cooled,23.8,313810.0,7660.0,2022,9.35,Boros
Roda2,Bebek,148.3,1,12.0,108.1,Manual,Bensin,Air-cooled,24.4,144807.0,13613.0,2023,42.0,Boros
Roda4,MPV,1461.3,4,101.5,1242.8,CVT,Diesel,Liquid-cooled,68.8,468655.0,11241.0,2017,14.76,Hemat
Roda2,Matic,142.3,1,12.6,111.8,CVT,Bensin,Liquid-cooled,78.2,196130.0,11740.0,2023,36.4,Boros
Roda2,Sport Besar,469.3,2,52.0,198.4,Manual,Bensin,Liquid-cooled,36.7,127928.0,13729.0,2017,18.41,Boros
Roda2,Sport Besar,426.8,3,42.1,216.6,Manual,Bensin,Liquid-cooled,50.5,251083.0,12934.0,2016,16.86,Boros
Roda2,Sport,182.6,2,19.7,134.7,Manual,Bensin,Liquid-cooled,54.3,214176.0,11841.0,2019,30.61,Boros
Roda4,SUV,1617.8,4,105.0,1320.3,Manual,Bensin,Liquid-cooled,32.6,291101.0,13393.0,2017,9.41,Boros
Roda2,Bebek,100.2,1,7.1,90.0,Manual,Bensin,Air-cooled,42.2,126616.0,13207.0,2015,55.25,Hemat
Roda4,MPV,1643.0,4,116.4,1357.3,Manual,Bensin,Liquid-cooled,83.8,202579.0,12798.0,2025,9.14,Boros
Roda2,Matic,156.5,1,14.9,119.5,CVT,Bensin,Liquid-cooled,57.6,109043.0,11470.0,2023,39.35,Boros
Roda2,Sport Besar,480.1,4,50.5,217.9,Manual,Bensin,Liquid-cooled,69.7,199209.0,12260.0,2019,17.5,Boros
Roda4,SUV,1796.3,4,131.0,1452.2,Manual,Diesel,Liquid-cooled,40.8,203893.0,12382.0,2016,8.34,Boros
Roda4,City Car,1152.0,3,78.4,911.1,CVT,Bensin,Liquid-cooled,75.5,406641.0,12065.0,2022,16.53,Hemat
Roda4,SUV,1946.7,4,150.0,1568.5,CVT,Bensin,Liquid-cooled,84.7,537895.0,12868.0,2018,8.0,Boros
Roda2,Bebek,104.7,1,7.8,91.8,Manual,Bensin,Air-cooled,36.3,121446.0,10793.0,2021,61.86,Hemat
Roda4,MPV,1730.4,4,125.9,1500.0,Automatic,Bensin,Liquid-cooled,42.7,505172.0,11426.0,2022,9.0,Boros
Roda2,Sport Besar,299.6,2,25.0,176.6,Manual,Bensin,Liquid-cooled,36.0,297189.0,10667.0,2016,25.37,Hemat
Roda4,SUV,1554.8,4,105.7,1297.5,DCT,Hybrid,Liquid-cooled,20.7,253573.0,14160.0,2020,13.41,Hemat
Roda4,SUV,1759.1,4,130.2,1378.9,CVT,Diesel,Liquid-cooled,41.8,274546.0,9780.0,2025,9.58,Boros
Roda4,MPV,1784.0,4,127.7,1474.0,Automatic,Diesel,Liquid-cooled,21.9,242025.0,7054.0,2021,9.0,Boros
Roda4,SUV,1638.0,4,114.3,1277.5,Manual,Hybrid,Liquid-cooled,30.0,119141.0,14085.0,2021,13.99,Hemat
Roda2,Sport,193.2,2,22.7,144.6,Manual,Bensin,Liquid-cooled,47.8,185686.0,13081.0,2025,30.33,Boros
Roda2,Matic,124.2,1,9.9,103.7,CVT,Bensin,Air-cooled,17.2,203148.0,10367.0,2015,41.79,Boros
Roda2,Matic,127.0,1,10.8,112.7,CVT,Bensin,Air-cooled,21.1,276041.0,10899.0,2016,44.11,Hemat
Roda4,SUV,1716.9,4,120.7,1413.7,DCT,Bensin,Liquid-cooled,41.9,486521.0,10062.0,2018,9.71,Boros
Roda2,Matic,129.6,1,12.2,106.1,CVT,Bensin,Air-cooled,20.6,186662.0,13588.0,2020,45.96,Hemat
Roda4,MPV,1411.4,4,98.6,1198.0,Automatic,Diesel,Liquid-cooled,27.0,590306.0,7931.0,2019,11.51,Boros
Roda4,MPV,1702.9,4,126.7,1485.5,Manual,Bensin,Liquid-cooled,69.5,203451.0,12684.0,2020,9.0,Boros
Roda2,Sport,200.2,2,23.6,145.5,Manual,Bensin,Liquid-cooled,49.2,95323.0,12495.0,2019,28.0,Boros
Roda2,Sport Besar,291.1,3,29.6,160.0,Manual,Bensin,Liquid-cooled,24.1,172347.0,10044.0,2021,22.09,Hemat
Roda2,Sport,181.8,1,20.7,136.1,Manual,Bensin,Liquid-cooled,70.8,154265.0,11275.0,2021,30.25,Boros
Roda2,Sport,169.0,2,18.3,123.5,Manual,Bensin,Liquid-cooled,46.3,174094.0,11172.0,2019,33.86,Hemat
Roda4,MPV,1576.9,4,110.8,1324.3,Automatic,Bensin,Liquid-cooled,38.0,125594.0,12001.0,2018,11.39,Boros
Roda4,City Car,1101.3,4,73.8,856.4,CVT,Bensin,Liquid-cooled,23.1,541420.0,11596.0,2016,17.14,Hemat
Roda2,Sport,168.1,2,16.8,133.4,Manual,Bensin,Liquid-cooled,38.8,108583.0,12006.0,2021,35.9,Hemat
Roda4,SUV,1781.7,4,127.6,1489.9,CVT,Diesel,Liquid-cooled,50.3,177288.0,10287.0,2020,8.0,Boros
Roda4,SUV,1643.9,4,119.4,1335.4,Automatic,Bensin,Liquid-cooled,82.3,582112.0,13599.0,2026,11.17,Hemat
Roda4,MPV,1525.6,4,99.8,1260.1,CVT,Diesel,Liquid-cooled,72.3,229304.0,13010.0,2015,13.7,Hemat
Roda4,SUV,1649.4,4,116.4,1277.7,CVT,Hybrid,Liquid-cooled,87.4,445584.0,14227.0,2023,13.15,Hemat
Roda4,City Car,1248.8,4,86.4,893.3,CVT,Bensin,Liquid-cooled,93.7,253980.0,12243.0,2025,14.25,Boros
Roda4,SUV,1709.4,4,119.6,1353.0,Manual,Bensin,Liquid-cooled,44.3,432988.0,11529.0,2024,10.28,Boros
Roda4,City Car,1109.7,4,76.3,890.1,Automatic,Bensin,Liquid-cooled,42.0,264132.0,12102.0,2016,13.32,Boros
Roda2,Bebek,144.1,1,10.9,108.8,Manual,Bensin,Air-cooled,66.4,51991.0,13606.0,2017,42.0,Boros
Roda4,MPV,1685.0,4,118.2,1443.5,Automatic,Bensin,Liquid-cooled,20.4,598067.0,13360.0,2021,9.0,Boros
Roda4,MPV,1519.9,4,108.4,1252.8,CVT,Bensin,Liquid-cooled,15.5,534280.0,12320.0,2024,10.49,Boros
Roda2,Matic,157.1,1,15.8,114.4,CVT,Bensin,Liquid-cooled,67.6,215396.0,10635.0,2025,35.0,Boros
Roda4,SUV,1644.3,4,112.8,1352.0,DCT,Hybrid,Liquid-cooled,69.5,465915.0,13947.0,2016,11.87,Hemat
Roda4,City Car,1253.6,3,89.4,888.8,Manual,Bensin,Liquid-cooled,97.1,592564.0,13077.0,2017,13.0,Boros
Roda4,MPV,1335.4,4,85.0,1125.4,CVT,Bensin,Liquid-cooled,97.6,262129.0,11015.0,2022,14.84,Hemat
Roda2,Matic,110.8,1,9.0,95.0,CVT,Bensin,Air-cooled,19.5,95270.0,12465.0,2018,54.58,Hemat
Roda2,Sport,238.8,2,30.0,165.5,Manual,Bensin,Liquid-cooled,60.6,263719.0,11510.0,2018,28.0,Boros
Roda4,City Car,1418.7,3,93.9,1059.6,Automatic,Bensin,Liquid-cooled,65.7,301183.0,10585.0,2026,13.0,Boros
Roda4,City Car,1313.5,4,92.1,1032.2,CVT,Bensin,Liquid-cooled,99.7,197270.0,11603.0,2026,13.0,Boros
Roda4,City Car,1373.6,3,95.2,1001.3,Automatic,Bensin,Liquid-cooled,61.2,453884.0,13133.0,2016,13.0,Boros
Roda2,Matic,158.1,1,14.9,122.4,CVT,Bensin,Air-cooled,74.3,111379.0,10952.0,2026,35.0,Boros
Roda2,Sport,215.0,2,26.3,149.4,Manual,Bensin,Liquid-cooled,36.9,177236.0,13819.0,2026,28.0,Boros
Roda2,Sport,192.7,2,20.7,140.2,Manual,Bensin,Liquid-cooled,23.6,178056.0,11712.0,2023,28.0,Boros
Roda2,Matic,155.0,1,16.0,124.1,CVT,Bensin,Liquid-cooled,48.6,162933.0,10062.0,2020,35.0,Boros
Roda2,Matic,134.6,1,11.4,108.5,CVT,Bensin,Air-cooled,54.0,240712.0,12985.0,2026,37.27,Boros
Roda4,MPV,1475.4,4,107.8,1249.0,Automatic,Diesel,Liquid-cooled,71.0,137795.0,8681.0,2018,12.17,Hemat
Roda2,Matic,148.7,1,14.8,117.3,CVT,Bensin,Liquid-cooled,60.6,82796.0,12311.0,2020,35.0,Boros
Roda2,Matic,124.2,1,10.7,103.1,CVT,Bensin,Air-cooled,27.3,114746.0,13415.0,2023,52.27,Hemat
Roda4,MPV,1688.3,4,113.9,1409.0,Automatic,Diesel,Liquid-cooled,98.0,427094.0,11195.0,2024,10.73,Boros
Roda2,Sport,159.5,2,15.7,123.5,Manual,Bensin,Liquid-cooled,47.7,293420.0,11558.0,2020,35.2,Hemat
Roda4,City Car,1297.0,3,85.0,1005.3,Automatic,Bensin,Liquid-cooled,95.5,235592.0,12597.0,2017,13.0,Boros
Roda4,City Car,1425.1,3,93.7,972.9,Manual,Bensin,Liquid-cooled,66.2,391645.0,13462.0,2025,13.0,Boros
Roda4,MPV,1686.3,4,124.6,1459.3,CVT,Bensin,Liquid-cooled,78.7,448872.0,13097.0,2015,9.0,Boros
Roda4,SUV,1582.9,4,100.0,1294.5,Manual,Hybrid,Liquid-cooled,70.9,564519.0,13976.0,2019,14.98,Hemat
Roda2,Matic,145.1,1,13.9,114.7,CVT,Bensin,Air-cooled,32.8,183463.0,12547.0,2019,35.0,Boros
Roda2,Matic,144.5,1,12.6,116.4,CVT,Bensin,Liquid-cooled,79.4,254093.0,12761.0,2016,35.0,Boros
Roda4,City Car,1270.0,4,78.7,961.1,Automatic,Bensin,Liquid-cooled,55.3,485576.0,12635.0,2025,13.0,Boros
Roda2,Sport Besar,431.2,3,36.7,214.7,Manual,Bensin,Liquid-cooled,24.7,247825.0,12640.0,2023,19.22,Boros
Roda4,SUV,1994.8,4,150.0,1600.0,CVT,Hybrid,Liquid-cooled,45.8,319858.0,14477.0,2022,8.23,Boros
Roda2,Matic,159.1,1,16.0,125.0,CVT,Bensin,Liquid-cooled,28.1,54732.0,10140.0,2017,35.0,Boros
Roda2,Bebek,123.7,1,9.5,98.6,Manual,Bensin,Air-cooled,77.0,285681.0,13062.0,2018,42.0,Boros
Roda4,SUV,1877.1,4,139.3,1571.5,DCT,Diesel,Liquid-cooled,57.4,564118.0,13157.0,2016,8.0,Boros
Roda4,SUV,1917.2,4,144.2,1589.7,DCT,Diesel,Liquid-cooled,67.5,279173.0,11571.0,2016,8.0,Boros
Roda4,MPV,1561.5,4,106.6,1364.9,Automatic,Diesel,Liquid-cooled,47.9,557210.0,9644.0,2016,13.76,Hemat
Roda2,Sport Besar,629.3,3,65.9,235.9,Manual,Bensin,Liquid-cooled,55.7,250207.0,13491.0,2022,16.0,Boros
Roda4,MPV,1321.2,4,86.8,1100.0,Automatic,Bensin,Liquid-cooled,59.8,470148.0,12324.0,2022,14.68,Hemat
Roda4,SUV,1683.9,4,120.2,1289.8,CVT,Diesel,Liquid-cooled,85.6,220533.0,9262.0,2017,11.72,Hemat
Roda4,SUV,1670.8,4,109.7,1277.1,Manual,Bensin,Liquid-cooled,91.2,468341.0,10216.0,2026,12.36,Hemat
Roda4,City Car,1123.0,4,65.1,909.8,CVT,Bensin,Liquid-cooled,97.2,484264.0,13670.0,2026,15.12,Hemat
Roda2,Bebek,125.9,1,10.0,101.0,Manual,Bensin,Air-cooled,69.7,106385.0,11470.0,2024,42.0,Boros
Roda2,Matic,142.9,1,14.4,114.8,CVT,Bensin,Air-cooled,61.6,163750.0,13846.0,2026,35.0,Boros
Roda4,SUV,1523.4,4,100.0,1262.0,Automatic,Hybrid,Liquid-cooled,84.9,342458.0,14248.0,2017,12.38,Hemat
Roda4,SUV,1584.9,4,110.3,1200.0,CVT,Diesel,Liquid-cooled,80.3,160240.0,7418.0,2022,13.54,Hemat
Roda2,Matic,159.5,1,16.0,125.0,CVT,Bensin,Liquid-cooled,44.1,253296.0,13723.0,2018,35.0,Boros
Roda4,SUV,1736.2,4,132.6,1415.3,Automatic,Hybrid,Liquid-cooled,92.2,328436.0,14355.0,2021,8.76,Boros
Roda2,Matic,122.6,1,10.8,101.6,CVT,Bensin,Air-cooled,50.1,281438.0,12517.0,2018,45.33,Hemat
Roda4,MPV,1362.2,4,93.8,1122.7,Manual,Diesel,Liquid-cooled,84.7,113520.0,11811.0,2019,14.31,Hemat
Roda4,SUV,1958.9,4,149.5,1600.0,Manual,Bensin,Liquid-cooled,64.0,405335.0,12366.0,2018,8.0,Boros
Roda2,Matic,129.1,1,11.8,101.2,CVT,Bensin,Liquid-cooled,22.7,186059.0,13707.0,2015,39.06,Boros
Roda4,MPV,1739.0,4,130.0,1500.0,Automatic,Diesel,Liquid-cooled,44.2,262091.0,7372.0,2015,9.0,Boros
Roda4,MPV,1470.3,4,93.0,1244.8,Automatic,Bensin,Liquid-cooled,22.1,480022.0,13589.0,2016,9.63,Boros
Roda2,Matic,122.4,1,10.9,101.4,CVT,Bensin,Air-cooled,71.6,201708.0,13357.0,2023,47.07,Hemat
Roda4,SUV,1829.4,4,139.7,1434.4,DCT,Bensin,Liquid-cooled,64.1,588562.0,10964.0,2026,8.13,Boros
Roda4,SUV,1937.6,4,138.7,1498.5,Automatic,Bensin,Liquid-cooled,90.6,398422.0,12916.0,2022,8.0,Boros
Roda2,Matic,118.4,1,10.1,99.0,CVT,Bensin,Air-cooled,58.9,134919.0,11482.0,2023,46.49,Hemat
Roda4,MPV,1535.9,4,102.2,1260.7,Manual,Diesel,Liquid-cooled,78.5,279277.0,13151.0,2022,10.46,Boros
Roda2,Matic,123.6,1,11.1,106.2,CVT,Bensin,Liquid-cooled,50.7,217368.0,11271.0,2023,36.66,Boros
Roda4,MPV,1610.3,4,113.9,1336.8,Automatic,Bensin,Liquid-cooled,54.8,530439.0,12869.0,2018,9.0,Boros
Roda2,Sport,163.9,2,15.0,134.7,Manual,Bensin,Liquid-cooled,18.1,182027.0,12418.0,2022,31.75,Boros
Roda4,MPV,1357.6,4,89.3,1111.3,Manual,Diesel,Liquid-cooled,25.0,487125.0,12979.0,2026,16.13,Hemat
Roda4,MPV,1447.3,4,103.6,1205.1,Automatic,Bensin,Liquid-cooled,55.2,180951.0,10137.0,2021,12.26,Hemat
Roda4,SUV,1920.2,4,144.9,1543.8,CVT,Bensin,Liquid-cooled,83.7,377059.0,10453.0,2026,8.0,Boros
Roda4,MPV,1523.6,4,106.5,1290.3,Automatic,Bensin,Liquid-cooled,92.7,596391.0,12409.0,2025,9.0,Boros
Roda4,SUV,1522.3,4,100.0,1248.2,Automatic,Hybrid,Liquid-cooled,86.4,298120.0,14485.0,2019,12.82,Hemat
Roda4,MPV,1519.9,4,103.9,1298.9,Manual,Diesel,Liquid-cooled,88.5,543949.0,10843.0,2022,11.31,Boros
Roda2,Matic,155.1,1,15.0,118.9,CVT,Bensin,Liquid-cooled,26.5,189380.0,13732.0,2018,35.0,Boros
Roda4,SUV,1612.6,4,108.3,1260.9,CVT,Bensin,Liquid-cooled,28.9,354395.0,12820.0,2024,11.09,Hemat
Roda4,MPV,1483.5,4,102.2,1241.6,Automatic,Bensin,Liquid-cooled,37.8,356224.0,12325.0,2026,9.18,Boros
Roda4,MPV,1606.2,4,117.6,1365.2,Automatic,Diesel,Liquid-cooled,36.2,174583.0,6806.0,2025,9.0,Boros
Roda4,SUV,1536.6,4,109.8,1200.0,Automatic,Diesel,Liquid-cooled,36.0,475422.0,9131.0,2026,13.69,Hemat
Roda4,MPV,1429.2,4,102.1,1192.3,Manual,Diesel,Liquid-cooled,32.3,545134.0,11625.0,2026,16.16,Hemat
Roda2,Sport,163.9,1,17.3,130.4,Manual,Bensin,Liquid-cooled,54.2,132813.0,12159.0,2026,32.78,Boros
Roda2,Matic,123.5,1,9.9,101.6,CVT,Bensin,Air-cooled,57.0,225308.0,10477.0,2024,43.97,Hemat
Roda2,Bebek,115.8,1,8.9,99.3,Manual,Bensin,Air-cooled,33.9,91206.0,10665.0,2023,44.75,Boros
Roda2,Bebek,118.7,1,8.3,98.1,Manual,Bensin,Air-cooled,17.0,164812.0,11301.0,2017,45.2,Boros
Roda2,Matic,130.1,1,12.2,104.8,CVT,Bensin,Liquid-cooled,47.3,285490.0,12657.0,2017,41.85,Boros
Roda2,Sport Besar,600.9,4,68.3,250.0,Manual,Bensin,Liquid-cooled,46.4,182506.0,12757.0,2019,16.0,Boros
Roda4,City Car,1223.4,4,81.4,895.9,Automatic,Bensin,Liquid-cooled,87.8,594217.0,10475.0,2021,13.18,Boros
Roda2,Sport,173.3,1,18.9,133.1,Manual,Bensin,Liquid-cooled,32.8,162088.0,10730.0,2020,30.07,Boros
Roda4,SUV,1970.5,4,145.6,1600.0,Manual,Hybrid,Liquid-cooled,96.4,389827.0,14389.0,2020,8.0,Boros
Roda2,Matic,139.2,1,11.7,112.8,CVT,Bensin,Liquid-cooled,50.7,232472.0,11603.0,2023,42.3,Hemat
Roda2,Bebek,120.8,1,8.9,99.8,Manual,Bensin,Air-cooled,72.7,129501.0,10429.0,2021,42.0,Boros
Roda4,City Car,1004.7,4,65.0,833.3,Manual,Bensin,Liquid-cooled,64.3,452496.0,13170.0,2022,19.66,Hemat
Roda4,City Car,1161.3,4,72.2,895.8,Manual,Bensin,Liquid-cooled,90.1,354373.0,12380.0,2020,13.22,Boros
Roda4,SUV,1592.0,4,120.5,1308.2,Automatic,Hybrid,Liquid-cooled,42.8,204170.0,13979.0,2017,12.06,Hemat
Roda4,SUV,1746.3,4,124.0,1455.1,Automatic,Hybrid,Liquid-cooled,80.3,555054.0,13927.0,2021,10.19,Boros
Roda2,Bebek,103.7,1,7.7,93.3,Manual,Bensin,Air-cooled,65.3,201490.0,13613.0,2017,54.74,Hemat
Roda4,SUV,1788.3,4,141.3,1421.8,Manual,Diesel,Liquid-cooled,38.3,192227.0,8651.0,2025,9.09,Boros
Roda2,Sport,159.7,1,16.1,120.0,Manual,Bensin,Liquid-cooled,29.1,114116.0,10980.0,2016,39.4,Hemat
Roda2,Matic,148.5,1,14.4,119.2,CVT,Bensin,Liquid-cooled,56.6,278154.0,12075.0,2025,35.0,Boros
Roda2,Matic,111.7,1,9.0,96.7,CVT,Bensin,Liquid-cooled,71.0,122234.0,10336.0,2019,45.32,Hemat
Roda4,City Car,1253.8,3,85.2,940.8,Manual,Bensin,Liquid-cooled,92.0,100886.0,12342.0,2020,13.56,Boros
Roda4,MPV,1338.3,4,87.1,1115.1,Automatic,Bensin,Liquid-cooled,24.9,378614.0,10181.0,2026,13.1,Hemat
Roda2,Sport Besar,434.4,3,48.5,216.5,Manual,Bensin,Liquid-cooled,14.4,227845.0,11433.0,2025,16.68,Boros
Roda4,SUV,1804.9,4,138.4,1456.4,CVT,Diesel,Liquid-cooled,27.9,264641.0,9648.0,2026,9.48,Boros
Roda2,Sport Besar,461.1,4,55.0,216.3,Manual,Bensin,Liquid-cooled,73.5,152389.0,12005.0,2016,16.0,Boros
Roda2,Bebek,116.6,1,8.8,95.9,Manual,Bensin,Air-cooled,35.5,123810.0,13430.0,2023,50.15,Hemat
Roda2,Bebek,144.2,1,12.0,102.6,Manual,Bensin,Air-cooled,14.6,128823.0,12104.0,2021,42.0,Boros
Roda4,MPV,1620.0,4,117.5,1383.0,Automatic,Bensin,Liquid-cooled,61.8,505859.0,11462.0,2023,9.33,Boros
Roda4,MPV,1744.5,4,126.2,1410.5,CVT,Diesel,Liquid-cooled,20.8,410739.0,9618.0,2025,9.0,Boros
Roda2,Matic,135.4,1,12.8,111.0,CVT,Bensin,Liquid-cooled,58.3,183507.0,11479.0,2015,38.06,Boros
Roda4,MPV,1582.9,4,113.4,1353.4,CVT,Diesel,Liquid-cooled,20.9,262329.0,8636.0,2017,9.69,Boros
Roda2,Matic,134.2,1,12.2,107.9,CVT,Bensin,Liquid-cooled,52.3,159346.0,13210.0,2017,37.42,Boros
Roda4,MPV,1395.1,4,95.5,1156.2,Manual,Bensin,Liquid-cooled,28.8,591799.0,12431.0,2022,12.39,Hemat
Roda2,Matic,151.7,1,13.5,117.3,CVT,Bensin,Air-cooled,37.8,154013.0,10672.0,2015,35.0,Boros
Roda2,Bebek,148.6,1,10.9,109.7,Manual,Bensin,Air-cooled,68.8,212708.0,12399.0,2016,42.0,Boros
Roda2,Matic,138.8,1,13.1,113.4,CVT,Bensin,Liquid-cooled,75.8,100426.0,11208.0,2023,36.31,Boros
Roda4,MPV,1794.7,4,130.0,1471.0,Manual,Diesel,Liquid-cooled,47.2,193148.0,10071.0,2017,9.0,Boros
Roda4,SUV,1918.1,4,147.3,1577.5,DCT,Diesel,Liquid-cooled,45.0,495582.0,10086.0,2024,8.0,Boros
Roda2,Sport,169.1,1,18.7,128.4,Manual,Bensin,Liquid-cooled,16.7,72946.0,13032.0,2026,34.83,Hemat
Roda4,City Car,1110.1,3,69.6,892.9,Manual,Bensin,Liquid-cooled,57.5,203653.0,13425.0,2015,14.26,Boros
Roda2,Sport Besar,583.4,3,61.7,239.9,Manual,Bensin,Liquid-cooled,21.2,133253.0,11286.0,2019,16.0,Boros
Roda4,City Car,1432.4,4,97.5,1090.4,Automatic,Bensin,Liquid-cooled,54.5,500955.0,13834.0,2024,13.0,Boros
Roda2,Sport Besar,571.3,4,60.9,236.0,Manual,Bensin,Liquid-cooled,12.8,108105.0,13467.0,2025,16.0,Boros
Roda2,Matic,112.5,1,9.6,98.7,CVT,Bensin,Air-cooled,25.2,114185.0,10393.0,2026,58.0,Hemat
Roda4,City Car,1351.8,3,88.4,1003.5,Automatic,Bensin,Liquid-cooled,82.8,370019.0,11316.0,2019,13.0,Boros
Roda2,Sport,155.1,1,17.1,124.7,Manual,Bensin,Liquid-cooled,29.3,98328.0,12709.0,2021,36.5,Hemat
Roda2,Matic,139.6,1,12.4,115.2,CVT,Bensin,Liquid-cooled,55.0,59590.0,12424.0,2023,38.02,Boros
Roda4,MPV,1357.2,4,86.8,1160.2,Automatic,Diesel,Liquid-cooled,43.2,335312.0,12536.0,2021,13.52,Hemat
Roda4,SUV,1930.4,4,143.6,1583.5,Automatic,Hybrid,Liquid-cooled,60.5,118918.0,14171.0,2021,8.0,Boros
Roda4,SUV,1761.7,4,128.6,1463.1,Manual,Bensin,Liquid-cooled,79.3,267866.0,12510.0,2016,9.32,Boros
Roda4,SUV,1772.9,4,133.1,1428.7,DCT,Bensin,Liquid-cooled,52.2,294703.0,11030.0,2024,8.2,Boros
Roda4,SUV,1994.8,4,140.7,1600.0,Manual,Diesel,Liquid-cooled,77.3,136865.0,9746.0,2023,8.0,Boros
Roda4,City Car,1300.3,4,85.9,955.4,CVT,Bensin,Liquid-cooled,76.1,182045.0,12798.0,2022,13.94,Boros
Roda2,Bebek,119.9,1,10.1,99.3,Manual,Bensin,Air-cooled,47.3,230356.0,10551.0,2022,45.92,Boros
Roda4,MPV,1384.0,4,90.9,1265.8,Manual,Bensin,Liquid-cooled,50.6,363109.0,11694.0,2024,12.68,Hemat
Roda4,City Car,1040.8,3,71.7,856.0,CVT,Bensin,Liquid-cooled,88.3,187690.0,10768.0,2022,20.22,Hemat
Roda2,Bebek,149.3,1,10.7,110.0,Manual,Bensin,Air-cooled,19.1,114116.0,11386.0,2022,42.0,Boros
Roda2,Sport Besar,632.8,2,61.9,239.6,Manual,Bensin,Liquid-cooled,45.2,234995.0,11064.0,2016,16.0,Boros
Roda4,SUV,1523.6,4,111.4,1200.0,Manual,Hybrid,Liquid-cooled,75.1,203717.0,14334.0,2025,15.29,Hemat
Roda4,City Car,1337.3,4,89.0,963.7,Automatic,Bensin,Liquid-cooled,90.9,196411.0,13766.0,2016,13.32,Boros
Roda2,Bebek,122.5,1,9.0,99.6,Manual,Bensin,Air-cooled,23.2,280592.0,12713.0,2023,42.0,Boros
Roda4,MPV,1573.2,4,110.9,1296.8,Automatic,Bensin,Liquid-cooled,49.1,503786.0,11041.0,2017,10.21,Boros
Roda4,City Car,1007.0,4,65.0,800.0,Automatic,Bensin,Liquid-cooled,85.1,444861.0,13268.0,2021,18.76,Hemat
Roda2,Sport Besar,368.4,3,44.2,196.4,Manual,Bensin,Liquid-cooled,50.6,227583.0,12635.0,2025,18.83,Boros
Roda4,SUV,1635.6,4,123.3,1319.6,Automatic,Hybrid,Liquid-cooled,79.9,105144.0,14296.0,2015,11.65,Hemat
Roda2,Sport Besar,576.8,2,57.3,235.7,Manual,Bensin,Liquid-cooled,16.5,193636.0,13544.0,2025,16.0,Boros
Roda2,Matic,136.5,1,12.5,116.8,CVT,Bensin,Liquid-cooled,68.3,196005.0,10570.0,2018,35.0,Boros
Roda4,MPV,1406.0,4,85.0,1161.2,Manual,Diesel,Liquid-cooled,20.5,409068.0,9962.0,2019,11.96,Boros
Roda2,Matic,158.3,1,15.4,125.0,CVT,Bensin,Air-cooled,42.0,117071.0,13284.0,2026,35.0,Boros
Roda4,MPV,1764.7,4,130.0,1478.1,Manual,Bensin,Liquid-cooled,59.6,152556.0,12944.0,2015,9.0,Boros
Roda4,SUV,1565.5,4,100.5,1314.7,Automatic,Bensin,Liquid-cooled,38.0,323031.0,13212.0,2025,11.91,Hemat
Roda2,Matic,134.2,1,13.2,107.7,CVT,Bensin,Air-cooled,49.1,50688.0,11426.0,2015,38.53,Boros
Roda4,SUV,1769.3,4,131.2,1440.6,Manual,Bensin,Liquid-cooled,64.9,581823.0,12805.0,2018,8.0,Boros
Roda4,SUV,1815.3,4,130.7,1480.2,CVT,Diesel,Liquid-cooled,53.8,496188.0,12201.0,2019,9.55,Boros
Roda2,Sport,205.2,1,22.3,148.5,Manual,Bensin,Liquid-cooled,67.6,234113.0,12220.0,2019,28.0,Boros
Roda2,Matic,129.9,1,12.0,109.9,CVT,Bensin,Air-cooled,16.3,190664.0,11868.0,2023,37.85,Boros
Roda2,Sport Besar,416.7,4,52.4,196.3,Manual,Bensin,Liquid-cooled,69.7,238996.0,10716.0,2025,18.7,Boros
Roda4,MPV,1524.2,4,100.7,1229.8,Manual,Diesel,Liquid-cooled,33.8,299462.0,11397.0,2018,12.71,Hemat
Roda2,Bebek,143.4,1,11.7,110.0,Manual,Bensin,Air-cooled,46.2,262045.0,12672.0,2022,42.0,Boros
Roda2,Sport Besar,489.8,3,57.9,208.4,Manual,Bensin,Liquid-cooled,46.3,52922.0,12240.0,2017,18.23,Boros
Roda2,Matic,136.4,1,13.1,113.2,CVT,Bensin,Liquid-cooled,60.4,175076.0,13487.0,2021,37.13,Boros
Roda2,Matic,119.1,1,9.6,98.1,CVT,Bensin,Liquid-cooled,75.4,294209.0,12885.0,2022,51.35,Hemat
Roda2,Sport,154.8,2,17.8,124.8,Manual,Bensin,Liquid-cooled,73.9,163040.0,10879.0,2023,35.19,Hemat
Roda2,Sport,211.4,2,23.4,149.1,Manual,Bensin,Liquid-cooled,46.1,54854.0,11102.0,2024,32.89,Boros
Roda4,MPV,1428.1,4,96.4,1141.3,Manual,Diesel,Liquid-cooled,25.4,470368.0,8004.0,2026,15.64,Hemat
Roda4,MPV,1640.8,4,116.9,1352.2,CVT,Bensin,Liquid-cooled,95.0,432960.0,12720.0,2022,9.0,Boros
Roda4,MPV,1325.7,4,89.1,1100.0,Automatic,Diesel,Liquid-cooled,29.4,310810.0,12413.0,2025,16.69,Hemat
Roda4,City Car,1458.5,4,97.4,1090.2,Manual,Bensin,Liquid-cooled,61.0,166228.0,13471.0,2019,13.0,Boros
Roda4,SUV,1542.9,4,101.4,1239.4,DCT,Diesel,Liquid-cooled,20.7,228694.0,8830.0,2018,11.32,Hemat
Roda4,MPV,1720.2,4,117.2,1410.7,Automatic,Diesel,Liquid-cooled,33.5,243234.0,9391.0,2016,9.0,Boros
Roda2,Matic,117.4,1,9.0,96.8,CVT,Bensin,Air-cooled,72.0,271505.0,10816.0,2016,47.13,Hemat
Roda4,City Car,1114.9,4,70.4,920.9,Manual,Bensin,Liquid-cooled,42.6,548339.0,11644.0,2026,14.85,Boros
Roda2,Matic,145.4,1,14.1,117.5,CVT,Bensin,Liquid-cooled,55.9,107859.0,10982.0,2020,35.0,Boros
Roda2,Matic,121.3,1,10.7,102.9,CVT,Bensin,Liquid-cooled,27.1,229138.0,12332.0,2017,44.1,Hemat
Roda4,SUV,1995.2,4,145.7,1600.0,DCT,Hybrid,Liquid-cooled,24.6,556789.0,14116.0,2016,8.0,Boros
Roda4,City Car,1426.7,3,98.6,1084.0,CVT,Bensin,Liquid-cooled,60.0,273328.0,10563.0,2015,13.0,Boros
Roda4,MPV,1725.8,4,117.3,1390.1,Manual,Bensin,Liquid-cooled,57.8,312069.0,13888.0,2025,9.0,Boros
Roda4,City Car,1444.1,3,105.0,1087.3,Manual,Bensin,Liquid-cooled,26.3,405595.0,12666.0,2017,13.0,Boros
Roda2,Sport,228.5,2,27.9,152.5,Manual,Bensin,Liquid-cooled,59.8,156665.0,11742.0,2019,28.0,Boros
Roda4,SUV,1942.6,4,144.2,1589.9,DCT,Diesel,Liquid-cooled,37.2,340241.0,8153.0,2024,9.49,Boros
Roda4,MPV,1423.2,4,101.4,1206.5,Automatic,Bensin,Liquid-cooled,58.1,205857.0,12978.0,2016,9.21,Boros
Roda4,City Car,1041.4,3,67.1,813.3,Manual,Bensin,Liquid-cooled,19.4,235996.0,12743.0,2019,14.12,Boros
Roda2,Matic,135.8,1,12.4,103.7,CVT,Bensin,Air-cooled,53.2,255016.0,12343.0,2017,39.68,Boros
Roda4,MPV,1523.4,4,103.3,1232.4,CVT,Bensin,Liquid-cooled,99.8,323690.0,11045.0,2017,9.01,Boros
Roda2,Matic,147.8,1,13.6,114.7,CVT,Bensin,Liquid-cooled,27.8,107523.0,12384.0,2024,35.0,Boros
Roda4,City Car,1279.0,3,86.2,974.2,Automatic,Bensin,Liquid-cooled,15.6,290093.0,10030.0,2024,13.0,Boros
Roda4,SUV,1680.0,4,120.9,1400.5,DCT,Diesel,Liquid-cooled,98.5,328478.0,12882.0,2015,10.55,Boros
Roda2,Sport,174.5,2,18.5,139.2,Manual,Bensin,Liquid-cooled,11.8,103586.0,12661.0,2021,32.51,Boros
Roda2,Matic,131.4,1,12.9,110.5,CVT,Bensin,Air-cooled,69.9,220229.0,10728.0,2020,41.05,Boros
Roda2,Matic,152.7,1,16.0,118.6,CVT,Bensin,Liquid-cooled,39.8,65448.0,12172.0,2021,36.47,Boros
Roda4,SUV,1769.5,4,131.7,1443.7,CVT,Hybrid,Liquid-cooled,71.2,200154.0,14091.0,2021,11.35,Hemat
Roda4,City Car,1125.5,3,71.2,836.3,CVT,Bensin,Liquid-cooled,32.0,317252.0,11670.0,2015,17.28,Hemat
Roda2,Matic,112.2,1,9.2,98.0,CVT,Bensin,Air-cooled,70.3,283414.0,12914.0,2016,45.91,Hemat
Roda4,SUV,1503.1,4,101.9,1200.0,DCT,Hybrid,Liquid-cooled,86.4,256762.0,14391.0,2021,15.86,Hemat
Roda4,MPV,1538.9,4,106.9,1322.9,Manual,Diesel,Liquid-cooled,62.6,345561.0,12596.0,2020,11.35,Boros
Roda4,MPV,1740.4,4,122.2,1475.2,CVT,Diesel,Liquid-cooled,67.4,137424.0,10058.0,2025,10.4,Boros
Roda2,Matic,140.3,1,12.4,105.0,CVT,Bensin,Air-cooled,32.5,154837.0,12316.0,2024,35.0,Boros
Roda2,Sport Besar,545.4,4,61.3,215.0,Manual,Bensin,Liquid-cooled,25.3,275403.0,13287.0,2020,16.0,Boros
Roda4,SUV,1769.6,4,135.2,1483.7,DCT,Diesel,Liquid-cooled,94.4,475407.0,10532.0,2016,8.0,Boros
Roda4,City Car,1288.7,4,87.1,971.4,Automatic,Bensin,Liquid-cooled,25.3,439814.0,11940.0,2022,13.0,Boros
Roda2,Sport,240.4,2,30.0,170.0,Manual,Bensin,Liquid-cooled,51.9,157444.0,11815.0,2017,28.0,Boros
Roda4,MPV,1470.5,4,100.4,1238.1,Manual,Diesel,Liquid-cooled,18.8,582368.0,9122.0,2017,11.59,Boros
Roda2,Sport Besar,555.9,2,60.2,230.8,Manual,Bensin,Liquid-cooled,53.2,116738.0,11042.0,2024,18.11,Boros
Roda2,Sport Besar,540.4,4,54.4,225.0,Manual,Bensin,Liquid-cooled,80.0,120736.0,10730.0,2017,16.0,Boros
Roda2,Sport,182.4,2,19.7,146.0,Manual,Bensin,Liquid-cooled,22.1,51850.0,11956.0,2025,38.63,Hemat
Roda4,City Car,1223.4,4,89.4,949.5,Manual,Bensin,Liquid-cooled,23.5,335742.0,10508.0,2021,13.0,Boros
Roda2,Sport,157.3,2,17.4,123.7,Manual,Bensin,Liquid-cooled,70.2,161437.0,12712.0,2021,39.58,Hemat
Roda4,MPV,1337.7,4,87.0,1106.8,Automatic,Diesel,Liquid-cooled,38.4,420865.0,9992.0,2018,16.54,Hemat
Roda2,Sport,248.2,1,28.0,169.3,Manual,Bensin,Liquid-cooled,79.5,170146.0,12491.0,2019,28.0,Boros
Roda4,City Car,1155.9,4,77.2,888.6,Manual,Bensin,Liquid-cooled,39.4,235657.0,12184.0,2016,15.51,Hemat
Roda4,MPV,1486.3,4,104.3,1272.2,Manual,Bensin,Liquid-cooled,17.6,427900.0,13678.0,2016,10.51,Boros
Roda4,City Car,1374.6,3,96.8,1062.9,Automatic,Bensin,Liquid-cooled,83.7,551011.0,12219.0,2018,13.0,Boros
Roda4,MPV,1305.7,4,87.8,1112.9,Manual,Diesel,Liquid-cooled,81.4,530128.0,12508.0,2016,15.23,Hemat
Roda4,City Car,1198.6,4,82.5,895.1,CVT,Bensin,Liquid-cooled,15.2,307252.0,12014.0,2025,13.0,Boros
Roda2,Bebek,112.7,1,8.1,93.7,Manual,Bensin,Air-cooled,14.9,93720.0,13337.0,2022,52.54,Hemat
Roda4,MPV,1714.7,4,117.9,1394.4,CVT,Bensin,Liquid-cooled,25.8,362951.0,11268.0,2015,9.0,Boros
Roda2,Matic,119.3,1,10.8,101.6,CVT,Bensin,Air-cooled,12.4,152567.0,10416.0,2021,53.22,Hemat
Roda2,Matic,149.9,1,15.1,118.3,CVT,Bensin,Liquid-cooled,57.9,261127.0,12342.0,2019,35.0,Boros
Roda2,Bebek,109.7,1,8.3,94.6,Manual,Bensin,Air-cooled,48.9,233268.0,12402.0,2023,55.7,Hemat
Roda2,Bebek,132.6,1,9.1,103.3,Manual,Bensin,Air-cooled,78.9,117240.0,11587.0,2021,42.0,Boros
Roda2,Bebek,129.5,1,9.2,103.3,Manual,Bensin,Air-cooled,64.2,140689.0,13358.0,2020,42.0,Boros
Roda4,City Car,1493.4,4,105.0,1044.1,CVT,Bensin,Liquid-cooled,88.1,392205.0,10668.0,2023,13.0,Boros
Roda2,Matic,112.8,1,9.4,102.4,CVT,Bensin,Air-cooled,22.9,76612.0,13780.0,2025,50.76,Hemat
Roda2,Sport,248.7,1,28.0,170.0,Manual,Bensin,Liquid-cooled,70.4,55784.0,12065.0,2017,28.0,Boros
Roda4,MPV,1599.9,4,111.2,1349.7,CVT,Bensin,Liquid-cooled,43.2,298048.0,11746.0,2015,9.14,Boros
Roda4,SUV,1930.4,4,139.7,1536.3,Automatic,Bensin,Liquid-cooled,49.4,466546.0,13351.0,2026,8.0,Boros
Roda4,MPV,1726.8,4,128.6,1429.9,Automatic,Bensin,Liquid-cooled,89.6,251992.0,10011.0,2017,9.0,Boros
Roda2,Matic,122.3,1,10.4,102.4,CVT,Bensin,Liquid-cooled,48.6,249086.0,11297.0,2016,42.39,Hemat
Roda4,MPV,1680.6,4,127.8,1391.8,Automatic,Bensin,Liquid-cooled,68.4,525120.0,10999.0,2015,9.0,Boros
Roda2,Sport Besar,269.8,3,28.0,162.6,Manual,Bensin,Liquid-cooled,22.4,218467.0,11394.0,2019,22.77,Hemat
Roda2,Bebek,132.0,1,10.1,102.9,Manual,Bensin,Air-cooled,39.1,239903.0,10733.0,2019,42.0,Boros
Roda4,City Car,1081.0,4,72.3,871.8,Automatic,Bensin,Liquid-cooled,49.0,471000.0,12201.0,2021,14.87,Boros
Roda4,City Car,1306.2,4,89.7,983.0,Manual,Bensin,Liquid-cooled,45.0,320358.0,11121.0,2015,13.0,Boros
Roda2,Sport Besar,463.1,4,50.4,192.8,Manual,Bensin,Liquid-cooled,76.7,70152.0,12935.0,2022,17.95,Boros
Roda4,City Car,1298.1,4,82.2,982.6,Automatic,Bensin,Liquid-cooled,46.9,457359.0,11155.0,2016,13.0,Boros
Roda4,SUV,1815.9,4,126.7,1492.6,DCT,Hybrid,Liquid-cooled,38.7,513434.0,14339.0,2025,9.52,Boros
Roda2,Matic,145.2,1,13.5,114.3,CVT,Bensin,Air-cooled,62.4,159281.0,12751.0,2025,37.34,Boros
Roda4,MPV,1686.3,4,120.0,1445.5,CVT,Diesel,Liquid-cooled,64.5,313122.0,6826.0,2025,10.34,Boros
Roda2,Sport,238.3,1,29.1,158.1,Manual,Bensin,Liquid-cooled,21.9,111623.0,11681.0,2015,28.0,Boros
Roda4,SUV,1759.5,4,116.7,1391.8,CVT,Diesel,Liquid-cooled,55.4,233701.0,10864.0,2024,11.32,Hemat
Roda2,Matic,145.9,1,13.2,117.7,CVT,Bensin,Liquid-cooled,23.6,99601.0,12857.0,2025,35.0,Boros
Roda4,MPV,1460.6,4,99.6,1231.8,CVT,Bensin,Liquid-cooled,49.7,190278.0,13216.0,2016,10.5,Boros
Roda4,SUV,1827.5,4,139.1,1505.8,CVT,Bensin,Liquid-cooled,43.7,324537.0,10916.0,2017,8.0,Boros
Roda4,MPV,1673.9,4,122.2,1396.9,Automatic,Bensin,Liquid-cooled,17.2,486397.0,12645.0,2017,9.0,Boros
Roda2,Bebek,139.7,1,10.8,107.5,Manual,Bensin,Air-cooled,39.0,53313.0,11154.0,2017,42.0,Boros
Roda2,Sport,245.7,1,30.0,167.7,Manual,Bensin,Liquid-cooled,29.0,207461.0,10096.0,2021,28.0,Boros
Roda2,Matic,145.9,1,13.0,115.0,CVT,Bensin,Liquid-cooled,13.0,212469.0,12669.0,2021,37.43,Boros
Roda4,SUV,1970.0,4,140.5,1581.0,Manual,Diesel,Liquid-cooled,94.1,133548.0,7095.0,2020,8.0,Boros
Roda2,Bebek,132.4,1,10.8,104.6,Manual,Bensin,Air-cooled,79.3,119473.0,11943.0,2015,42.0,Boros
Roda2,Bebek,106.6,1,7.8,96.0,Manual,Bensin,Air-cooled,47.3,267492.0,10510.0,2020,58.61,Hemat
Roda2,Sport,249.9,1,28.5,170.0,Manual,Bensin,Liquid-cooled,64.4,217902.0,13134.0,2015,28.0,Boros
Roda4,City Car,1085.9,3,71.8,857.0,CVT,Bensin,Liquid-cooled,21.7,291509.0,11450.0,2018,16.61,Hemat
Roda2,Matic,131.2,1,12.6,106.4,CVT,Bensin,Liquid-cooled,44.2,213172.0,10473.0,2018,41.38,Boros
Roda4,City Car,1360.0,4,93.4,1000.6,CVT,Bensin,Liquid-cooled,99.4,499192.0,12704.0,2020,13.0,Boros
Roda2,Bebek,116.2,1,8.3,94.0,Manual,Bensin,Air-cooled,41.0,257966.0,12611.0,2018,49.25,Hemat
Roda4,City Car,1021.1,3,65.0,824.1,Manual,Bensin,Liquid-cooled,24.5,157078.0,13226.0,2021,15.79,Hemat
Roda2,Matic,121.2,1,9.9,101.6,CVT,Bensin,Air-cooled,38.6,113505.0,13353.0,2019,50.84,Hemat
Roda4,SUV,1687.0,4,121.5,1327.6,DCT,Diesel,Liquid-cooled,48.3,244808.0,9282.0,2020,10.76,Boros
Roda4,SUV,1561.4,4,112.3,1218.9,DCT,Bensin,Liquid-cooled,99.5,268468.0,12009.0,2019,10.2,Boros
Roda2,Matic,156.9,1,14.6,125.0,CVT,Bensin,Liquid-cooled,19.2,131434.0,12251.0,2022,35.0,Boros
Roda4,SUV,1635.0,4,109.4,1261.3,DCT,Diesel,Liquid-cooled,60.3,432439.0,11983.0,2020,13.4,Hemat
Roda4,City Car,1125.3,4,75.3,843.6,CVT,Bensin,Liquid-cooled,28.8,293618.0,12195.0,2021,17.28,Hemat
Roda2,Bebek,105.8,1,7.0,91.9,Manual,Bensin,Air-cooled,53.0,204107.0,11784.0,2024,61.18,Hemat
Roda4,City Car,1465.4,3,102.9,1080.5,Automatic,Bensin,Liquid-cooled,80.0,176159.0,10645.0,2019,13.0,Boros
Roda2,Sport Besar,290.9,3,25.5,163.1,Manual,Bensin,Liquid-cooled,68.7,116117.0,10126.0,2018,23.31,Hemat
Roda2,Sport,193.0,1,19.9,140.7,Manual,Bensin,Liquid-cooled,14.7,156262.0,10491.0,2021,29.64,Boros
Roda2,Matic,123.2,1,10.3,100.7,CVT,Bensin,Liquid-cooled,58.8,298880.0,10053.0,2015,41.23,Boros
Roda4,City Car,1071.1,3,73.9,822.8,CVT,Bensin,Liquid-cooled,89.5,458247.0,10645.0,2018,16.25,Hemat
Roda4,City Car,1342.3,3,95.9,1024.2,Manual,Bensin,Liquid-cooled,69.4,457313.0,10361.0,2022,14.74,Boros
Roda4,City Car,1172.0,3,77.7,870.4,Manual,Bensin,Liquid-cooled,94.4,234465.0,12369.0,2020,13.07,Boros
Roda4,SUV,1649.7,4,114.4,1319.8,DCT,Hybrid,Liquid-cooled,82.4,154278.0,14155.0,2022,12.07,Hemat
Roda4,SUV,1844.5,4,132.8,1404.0,DCT,Bensin,Liquid-cooled,25.6,316572.0,10167.0,2021,8.99,Boros
Roda2,Bebek,145.6,1,11.5,110.0,Manual,Bensin,Air-cooled,28.6,273954.0,10404.0,2026,42.0,Boros
Roda4,SUV,1979.8,4,149.9,1588.8,Automatic,Hybrid,Liquid-cooled,76.1,509602.0,14326.0,2025,9.45,Boros
Roda4,SUV,1834.6,4,129.2,1494.2,DCT,Hybrid,Liquid-cooled,65.2,172186.0,14281.0,2017,9.37,Boros
Roda4,SUV,1918.3,4,140.2,1559.2,Automatic,Diesel,Liquid-cooled,20.2,551911.0,7074.0,2022,8.0,Boros
Roda2,Sport,249.6,2,29.5,163.4,Manual,Bensin,Liquid-cooled,12.8,276192.0,13192.0,2022,28.0,Boros
Roda4,City Car,1461.6,4,102.6,1040.8,Manual,Bensin,Liquid-cooled,75.2,401949.0,10378.0,2023,13.0,Boros
Roda4,SUV,1826.3,4,130.9,1420.4,CVT,Hybrid,Liquid-cooled,41.9,306601.0,14124.0,2026,12.28,Hemat
Roda4,MPV,1439.5,4,94.3,1211.6,CVT,Bensin,Liquid-cooled,90.4,144462.0,10154.0,2023,12.5,Hemat
Roda4,SUV,1693.4,4,118.1,1334.4,DCT,Hybrid,Liquid-cooled,32.2,192863.0,14268.0,2018,10.16,Boros
Roda4,MPV,1647.7,4,109.0,1397.0,Manual,Bensin,Liquid-cooled,23.4,307273.0,13065.0,2024,9.0,Boros
Roda2,Matic,131.6,1,12.6,99.1,CVT,Bensin,Liquid-cooled,27.7,251983.0,10652.0,2022,44.86,Hemat
Roda4,SUV,1717.2,4,129.2,1373.8,Manual,Bensin,Liquid-cooled,36.0,304649.0,10562.0,2025,8.52,Boros
Roda4,SUV,1769.1,4,125.7,1406.6,Automatic,Hybrid,Liquid-cooled,19.8,332050.0,14176.0,2026,10.47,Boros
Roda4,MPV,1670.8,4,107.1,1392.6,CVT,Bensin,Liquid-cooled,74.2,383779.0,11897.0,2020,10.25,Boros
Roda4,SUV,1512.0,4,100.0,1215.9,DCT,Diesel,Liquid-cooled,77.2,250475.0,9188.0,2018,15.1,Hemat
Roda2,Matic,157.3,1,16.0,125.0,CVT,Bensin,Air-cooled,42.7,281961.0,11004.0,2025,35.0,Boros
Roda2,Bebek,109.9,1,8.1,95.6,Manual,Bensin,Air-cooled,57.0,129231.0,13429.0,2017,49.91,Hemat
Roda4,City Car,1489.5,3,93.0,1036.7,Automatic,Bensin,Liquid-cooled,21.0,321647.0,11182.0,2022,14.18,Boros
Roda4,MPV,1686.6,4,116.0,1386.7,CVT,Diesel,Liquid-cooled,97.7,302480.0,9334.0,2022,11.21,Boros
Roda2,Bebek,128.0,1,9.6,103.4,Manual,Bensin,Air-cooled,70.2,151701.0,11280.0,2023,44.42,Boros
Roda2,Bebek,127.0,1,9.4,101.1,Manual,Bensin,Air-cooled,37.7,124081.0,10560.0,2023,42.0,Boros
Roda4,MPV,1339.0,4,86.8,1182.2,Manual,Diesel,Liquid-cooled,69.7,299303.0,13100.0,2023,15.66,Hemat
Roda4,SUV,1766.3,4,119.3,1388.2,Automatic,Bensin,Liquid-cooled,87.4,266938.0,10795.0,2016,9.17,Boros
Roda4,City Car,1000.9,3,65.0,826.3,CVT,Bensin,Liquid-cooled,89.9,147162.0,12107.0,2021,20.04,Hemat
Roda2,Sport,238.3,2,27.3,163.3,Manual,Bensin,Liquid-cooled,72.6,88149.0,10749.0,2017,28.0,Boros
Roda2,Matic,134.5,1,13.0,112.5,CVT,Bensin,Liquid-cooled,50.1,294369.0,10924.0,2015,35.0,Boros
Roda2,Bebek,107.6,1,8.7,90.3,Manual,Bensin,Air-cooled,46.7,129781.0,11833.0,2015,44.59,Boros
Roda2,Matic,152.7,1,15.1,123.2,CVT,Bensin,Liquid-cooled,13.4,122726.0,11557.0,2017,35.0,Boros
Roda4,SUV,1762.5,4,122.7,1469.3,DCT,Bensin,Liquid-cooled,63.3,456948.0,13026.0,2022,9.81,Boros
Roda4,SUV,1923.7,4,143.7,1600.0,DCT,Hybrid,Liquid-cooled,46.5,597414.0,14174.0,2021,8.5,Boros
Roda4,City Car,1327.2,4,93.8,1020.3,Automatic,Bensin,Liquid-cooled,29.8,147200.0,10333.0,2016,13.0,Boros
Roda4,MPV,1758.5,4,127.1,1393.2,Automatic,Diesel,Liquid-cooled,99.2,577108.0,11368.0,2026,10.19,Boros
Roda4,SUV,1663.1,4,120.9,1341.1,Automatic,Hybrid,Liquid-cooled,49.1,583647.0,14059.0,2024,12.66,Hemat
Roda2,Matic,142.7,1,12.8,112.6,CVT,Bensin,Air-cooled,74.4,157688.0,10794.0,2024,35.0,Boros
Roda4,City Car,1146.0,3,80.9,883.7,CVT,Bensin,Liquid-cooled,23.7,575543.0,11044.0,2016,13.62,Boros
Roda2,Sport Besar,503.2,4,59.5,233.4,Manual,Bensin,Liquid-cooled,74.4,149548.0,11802.0,2017,16.0,Boros
Roda4,City Car,1417.9,4,100.0,1020.7,CVT,Bensin,Liquid-cooled,43.1,127348.0,12545.0,2016,13.0,Boros
Roda2,Sport Besar,309.7,4,34.9,182.2,Manual,Bensin,Liquid-cooled,25.8,75025.0,11499.0,2016,21.35,Boros
Roda4,MPV,1704.9,4,115.3,1432.1,CVT,Bensin,Liquid-cooled,68.9,175392.0,13756.0,2025,9.97,Boros
Roda4,MPV,1597.8,4,115.7,1297.7,Manual,Bensin,Liquid-cooled,44.2,557540.0,10439.0,2025,9.68,Boros
Roda2,Sport,228.5,1,25.6,164.1,Manual,Bensin,Liquid-cooled,75.0,121616.0,11087.0,2017,28.0,Boros
Roda2,Bebek,108.6,1,8.3,93.3,Manual,Bensin,Air-cooled,58.8,228582.0,11801.0,2016,51.25,Hemat
Roda4,SUV,1916.8,4,142.1,1554.7,Manual,Diesel,Liquid-cooled,63.8,230974.0,6928.0,2024,8.3,Boros
Roda4,SUV,1565.9,4,109.2,1353.9,Manual,Diesel,Liquid-cooled,26.8,128240.0,9297.0,2015,11.23,Hemat
Roda2,Bebek,112.3,1,8.6,96.7,Manual,Bensin,Air-cooled,73.1,88452.0,13861.0,2024,47.67,Boros
Roda4,City Car,1146.5,3,78.0,880.5,Manual,Bensin,Liquid-cooled,50.3,568000.0,12856.0,2023,16.04,Hemat
Roda4,SUV,1518.0,4,100.0,1254.4,Manual,Hybrid,Liquid-cooled,75.1,415101.0,14246.0,2019,16.0,Hemat
Roda4,SUV,1856.1,4,130.2,1452.5,DCT,Hybrid,Liquid-cooled,93.4,230641.0,14458.0,2019,9.95,Boros
Roda2,Sport Besar,555.9,3,60.4,214.4,Manual,Bensin,Liquid-cooled,28.9,104418.0,11339.0,2022,16.0,Boros
Roda4,SUV,1719.7,4,119.0,1396.5,Manual,Diesel,Liquid-cooled,97.6,185037.0,11203.0,2017,10.84,Boros
Roda4,SUV,1522.1,4,100.0,1227.3,CVT,Hybrid,Liquid-cooled,62.4,365318.0,14272.0,2017,15.77,Hemat
Roda4,MPV,1552.1,4,107.3,1267.3,CVT,Diesel,Liquid-cooled,60.7,338976.0,11980.0,2024,14.02,Hemat
Roda4,SUV,1987.8,4,150.0,1600.0,DCT,Bensin,Liquid-cooled,21.6,448031.0,12731.0,2025,8.0,Boros
Roda2,Sport Besar,539.6,3,57.8,224.9,Manual,Bensin,Liquid-cooled,40.2,298438.0,13006.0,2017,16.0,Boros
Roda4,MPV,1597.6,4,115.8,1356.3,CVT,Bensin,Liquid-cooled,53.8,157576.0,10964.0,2025,9.55,Boros
Roda2,Bebek,136.2,1,11.5,106.4,Manual,Bensin,Air-cooled,58.0,226938.0,11404.0,2024,42.0,Boros
Roda2,Matic,159.0,1,16.0,124.8,CVT,Bensin,Liquid-cooled,28.6,102186.0,13683.0,2023,35.0,Boros
Roda4,SUV,1943.9,4,150.0,1522.7,Manual,Bensin,Liquid-cooled,85.1,299846.0,11661.0,2016,8.0,Boros
Roda2,Sport,161.6,1,15.6,120.0,Manual,Bensin,Liquid-cooled,32.0,248858.0,12034.0,2022,38.01,Hemat
Roda2,Sport Besar,262.8,4,27.7,163.9,Manual,Bensin,Liquid-cooled,49.3,65953.0,12704.0,2020,23.51,Hemat
Roda4,City Car,1432.2,3,102.2,1047.1,Automatic,Bensin,Liquid-cooled,51.0,336630.0,11034.0,2024,13.0,Boros
Roda4,MPV,1433.9,4,94.1,1184.8,CVT,Bensin,Liquid-cooled,74.2,219886.0,13258.0,2026,12.91,Hemat
Roda2,Matic,153.3,1,14.3,118.8,CVT,Bensin,Liquid-cooled,26.5,282845.0,13204.0,2016,35.0,Boros
Roda4,SUV,1908.7,4,133.8,1451.5,Manual,Bensin,Liquid-cooled,31.7,383373.0,12756.0,2025,8.0,Boros
Roda2,Sport,230.0,1,27.1,158.3,Manual,Bensin,Liquid-cooled,79.3,202661.0,12390.0,2021,28.0,Boros
Roda2,Sport,183.2,1,18.3,135.9,Manual,Bensin,Liquid-cooled,19.7,60881.0,10052.0,2023,30.17,Boros
Roda4,MPV,1670.2,4,121.3,1412.0,Automatic,Bensin,Liquid-cooled,77.8,513549.0,13261.0,2018,9.0,Boros
Roda4,MPV,1312.3,4,93.2,1152.5,Manual,Diesel,Liquid-cooled,89.3,519828.0,9406.0,2015,10.87,Boros
Roda4,SUV,1805.2,4,133.4,1480.4,Automatic,Hybrid,Liquid-cooled,88.8,307280.0,13986.0,2023,10.96,Boros
Roda2,Sport,206.5,1,22.6,143.2,Manual,Bensin,Liquid-cooled,13.7,240067.0,12248.0,2020,30.43,Boros
Roda2,Bebek,142.9,1,11.5,108.2,Manual,Bensin,Air-cooled,59.0,259865.0,13829.0,2024,42.0,Boros
Roda4,SUV,1778.5,4,128.0,1395.8,CVT,Hybrid,Liquid-cooled,98.6,557557.0,14496.0,2025,12.48,Hemat
Roda4,MPV,1479.2,4,98.0,1176.1,Automatic,Diesel,Liquid-cooled,66.5,506627.0,9760.0,2022,13.99,Hemat
Roda4,MPV,1483.7,4,101.1,1224.0,CVT,Bensin,Liquid-cooled,49.8,209902.0,10456.0,2020,11.94,Boros
Roda4,SUV,1812.0,4,130.7,1427.5,Automatic,Bensin,Liquid-cooled,84.8,594526.0,13769.0,2020,8.13,Boros
Roda2,Bebek,111.7,1,8.7,98.9,Manual,Bensin,Air-cooled,40.0,185226.0,12716.0,2015,42.0,Boros
Roda4,MPV,1693.5,4,124.1,1467.3,Automatic,Bensin,Liquid-cooled,32.8,542806.0,11615.0,2024,9.0,Boros
Roda2,Sport,224.4,2,26.2,158.0,Manual,Bensin,Liquid-cooled,33.4,226480.0,12729.0,2017,28.0,Boros
Roda2,Matic,159.5,1,16.0,125.0,CVT,Bensin,Liquid-cooled,27.7,119734.0,13702.0,2016,35.0,Boros
Roda2,Bebek,102.0,1,7.0,91.1,Manual,Bensin,Air-cooled,44.0,71351.0,13793.0,2020,54.85,Hemat
Roda2,Matic,144.2,1,15.2,114.8,CVT,Bensin,Air-cooled,13.9,87185.0,12249.0,2023,35.0,Boros
Roda2,Bebek,134.8,1,10.3,105.7,Manual,Bensin,Air-cooled,39.3,291895.0,12137.0,2018,42.0,Boros
Roda2,Matic,123.9,1,11.0,100.8,CVT,Bensin,Air-cooled,71.4,181879.0,11303.0,2021,47.35,Hemat
Roda2,Matic,151.1,1,14.6,119.6,CVT,Bensin,Liquid-cooled,67.3,100067.0,12259.0,2015,35.0,Boros
Roda2,Matic,154.7,1,15.2,122.4,CVT,Bensin,Liquid-cooled,66.4,272108.0,13320.0,2021,35.0,Boros
Roda4,MPV,1506.1,4,108.2,1291.3,Manual,Diesel,Liquid-cooled,50.4,245989.0,11105.0,2023,12.01,Hemat
Roda2,Matic,124.7,1,11.7,110.2,CVT,Bensin,Liquid-cooled,20.7,93114.0,12222.0,2023,43.01,Hemat
Roda4,MPV,1688.3,4,119.5,1382.4,CVT,Diesel,Liquid-cooled,54.6,180428.0,7366.0,2026,10.22,Boros
Roda4,MPV,1635.0,4,114.0,1424.3,Automatic,Diesel,Liquid-cooled,24.3,380091.0,8918.0,2019,9.0,Boros
Roda4,MPV,1635.1,4,112.2,1341.8,CVT,Diesel,Liquid-cooled,42.6,597983.0,13136.0,2015,9.0,Boros
Roda4,MPV,1646.6,4,119.1,1335.3,CVT,Bensin,Liquid-cooled,20.7,509564.0,12099.0,2017,9.0,Boros
Roda4,City Car,1433.6,3,98.5,1058.3,CVT,Bensin,Liquid-cooled,70.0,123566.0,11459.0,2016,13.0,Boros
Roda4,SUV,1675.0,4,125.2,1285.8,CVT,Bensin,Liquid-cooled,98.3,343346.0,13807.0,2024,11.12,Hemat
Roda2,Sport,197.3,2,21.4,137.8,Manual,Bensin,Liquid-cooled,46.4,296606.0,13775.0,2016,30.93,Boros
Roda2,Sport,213.8,2,26.0,152.0,Manual,Bensin,Liquid-cooled,50.9,66511.0,10527.0,2016,28.0,Boros
Roda2,Sport Besar,322.2,4,30.6,190.5,Manual,Bensin,Liquid-cooled,71.1,263634.0,13261.0,2022,24.26,Hemat
Roda4,SUV,1702.3,4,114.9,1383.9,CVT,Hybrid,Liquid-cooled,25.6,548413.0,14067.0,2019,12.9,Hemat
Roda4,MPV,1329.2,4,89.3,1100.0,CVT,Bensin,Liquid-cooled,72.8,387036.0,12463.0,2017,14.55,Hemat
Roda2,Sport Besar,330.0,4,27.3,176.6,Manual,Bensin,Liquid-cooled,53.8,286259.0,10320.0,2018,22.53,Hemat
Roda4,City Car,1403.9,4,94.4,1051.0,Manual,Bensin,Liquid-cooled,77.0,131358.0,13684.0,2023,13.0,Boros
Roda2,Matic,156.8,1,14.4,125.0,CVT,Bensin,Air-cooled,51.8,281218.0,13589.0,2022,35.0,Boros
Roda4,SUV,1552.6,4,109.7,1246.9,CVT,Diesel,Liquid-cooled,68.6,497241.0,7003.0,2025,14.84,Hemat
Roda4,MPV,1597.9,4,108.8,1316.5,Automatic,Diesel,Liquid-cooled,32.5,222657.0,8321.0,2022,9.0,Boros
Roda2,Sport Besar,313.2,4,31.2,184.9,Manual,Bensin,Liquid-cooled,31.0,158144.0,13748.0,2024,23.19,Hemat
Roda4,MPV,1606.8,4,113.4,1340.3,Automatic,Bensin,Liquid-cooled,68.1,594769.0,12289.0,2017,9.0,Boros
Roda2,Sport,243.0,1,29.2,166.2,Manual,Bensin,Liquid-cooled,50.1,193698.0,10998.0,2018,28.0,Boros
Roda4,City Car,1335.3,3,93.9,982.0,CVT,Bensin,Liquid-cooled,79.2,426699.0,10406.0,2019,13.0,Boros
Roda4,MPV,1442.9,4,88.8,1194.9,Manual,Diesel,Liquid-cooled,36.4,508843.0,12877.0,2016,13.65,Hemat
Roda2,Matic,157.0,1,15.1,118.2,CVT,Bensin,Liquid-cooled,34.3,291285.0,11910.0,2024,35.0,Boros
Roda2,Bebek,110.9,1,7.9,95.4,Manual,Bensin,Air-cooled,62.6,205869.0,12341.0,2020,49.08,Hemat
Roda2,Sport Besar,275.1,4,30.8,177.4,Manual,Bensin,Liquid-cooled,13.4,74824.0,13281.0,2026,25.47,Hemat
Roda2,Matic,113.0,1,10.0,95.0,CVT,Bensin,Liquid-cooled,75.2,72252.0,11995.0,2022,49.0,Hemat
Roda2,Matic,153.9,1,16.0,121.7,CVT,Bensin,Liquid-cooled,38.2,167700.0,13492.0,2021,35.0,Boros
Roda2,Bebek,104.7,1,8.3,93.4,Manual,Bensin,Air-cooled,26.2,278918.0,12404.0,2022,56.29,Hemat
Roda4,SUV,1894.4,4,137.3,1541.2,DCT,Hybrid,Liquid-cooled,40.6,425576.0,14363.0,2020,10.1,Boros
Roda2,Bebek,105.5,1,7.0,90.0,Manual,Bensin,Air-cooled,29.2,56652.0,12867.0,2025,59.5,Hemat
Roda2,Sport,236.6,1,30.0,162.3,Manual,Bensin,Liquid-cooled,57.4,96812.0,12653.0,2017,28.0,Boros
Roda2,Bebek,117.0,1,8.6,95.2,Manual,Bensin,Air-cooled,16.2,297924.0,12110.0,2015,42.0,Boros
Roda4,MPV,1438.1,4,99.5,1284.4,CVT,Diesel,Liquid-cooled,26.6,398557.0,9201.0,2016,12.35,Hemat
Roda4,SUV,1551.4,4,104.4,1320.0,DCT,Bensin,Liquid-cooled,80.6,367596.0,11385.0,2023,9.52,Boros
Roda2,Bebek,146.5,1,11.3,108.3,Manual,Bensin,Air-cooled,62.5,157778.0,10341.0,2019,42.0,Boros
Roda4,MPV,1459.1,4,92.7,1194.6,Manual,Diesel,Liquid-cooled,60.3,331026.0,10021.0,2017,12.22,Hemat
Roda2,Bebek,122.4,1,10.0,96.9,Manual,Bensin,Air-cooled,42.6,110061.0,11832.0,2023,42.0,Boros
Roda2,Matic,119.8,1,10.3,104.6,CVT,Bensin,Air-cooled,34.0,131670.0,10947.0,2018,48.35,Hemat
Roda2,Matic,116.5,1,9.3,100.0,CVT,Bensin,Liquid-cooled,10.6,160814.0,11439.0,2017,42.97,Hemat
Roda4,MPV,1455.4,4,98.8,1203.8,CVT,Diesel,Liquid-cooled,50.2,138551.0,7399.0,2018,14.14,Hemat
Roda2,Sport Besar,516.7,3,61.0,225.1,Manual,Bensin,Liquid-cooled,78.1,283846.0,10037.0,2019,16.0,Boros
Roda4,City Car,1057.1,4,72.1,828.5,CVT,Bensin,Liquid-cooled,82.3,297142.0,12687.0,2015,18.92,Hemat
Roda4,SUV,1647.4,4,116.2,1364.1,CVT,Hybrid,Liquid-cooled,43.2,231514.0,14294.0,2017,12.53,Hemat
Roda4,MPV,1699.0,4,129.7,1347.1,Manual,Diesel,Liquid-cooled,15.3,312445.0,8005.0,2018,9.0,Boros
Roda2,Sport Besar,642.7,3,70.0,250.0,Manual,Bensin,Liquid-cooled,14.2,151462.0,10564.0,2017,16.0,Boros
Roda2,Matic,119.1,1,10.0,99.0,CVT,Bensin,Liquid-cooled,31.8,296060.0,13244.0,2019,53.43,Hemat
Roda2,Bebek,138.1,1,10.7,107.1,Manual,Bensin,Air-cooled,79.1,112718.0,11988.0,2015,42.0,Boros
Roda2,Matic,156.1,1,14.5,123.3,CVT,Bensin,Liquid-cooled,46.8,206185.0,12954.0,2024,35.0,Boros
Roda2,Sport,241.2,2,27.4,170.0,Manual,Bensin,Liquid-cooled,29.3,285945.0,11472.0,2026,28.0,Boros
Roda2,Matic,141.3,1,13.0,117.2,CVT,Bensin,Liquid-cooled,70.1,225246.0,10172.0,2019,35.0,Boros
Roda2,Matic,151.0,1,15.5,119.1,CVT,Bensin,Liquid-cooled,34.4,240912.0,10378.0,2020,35.0,Boros
Roda2,Bebek,104.2,1,7.2,92.1,Manual,Bensin,Air-cooled,17.4,58893.0,11983.0,2022,51.41,Hemat
Roda4,MPV,1504.6,4,105.3,1231.3,CVT,Bensin,Liquid-cooled,43.1,346537.0,11137.0,2017,10.59,Boros
Roda4,City Car,1044.6,4,67.5,815.2,Automatic,Bensin,Liquid-cooled,51.9,426802.0,10090.0,2015,17.63,Hemat
Roda4,SUV,1886.7,4,132.0,1478.6,Automatic,Bensin,Liquid-cooled,79.5,461794.0,10644.0,2024,8.0,Boros
Roda2,Bebek,134.2,1,10.5,106.3,Manual,Bensin,Air-cooled,50.4,118514.0,12161.0,2024,42.0,Boros
Roda2,Bebek,111.1,1,8.7,96.2,Manual,Bensin,Air-cooled,15.7,71209.0,13848.0,2016,44.42,Boros
Roda2,Matic,153.8,1,14.9,124.3,CVT,Bensin,Liquid-cooled,38.3,188426.0,13658.0,2021,35.0,Boros
Roda2,Matic,131.4,1,11.7,108.1,CVT,Bensin,Liquid-cooled,54.6,52336.0,10129.0,2017,44.45,Hemat
Roda2,Matic,141.7,1,13.3,117.7,CVT,Bensin,Liquid-cooled,24.5,277948.0,10682.0,2022,35.0,Boros
Roda4,SUV,1879.1,4,132.5,1454.5,Automatic,Hybrid,Liquid-cooled,65.1,534318.0,14061.0,2021,9.09,Boros
Roda2,Matic,116.5,1,10.2,96.5,CVT,Bensin,Air-cooled,62.1,264926.0,10837.0,2018,49.36,Hemat
Roda2,Bebek,104.1,1,7.0,90.5,Manual,Bensin,Air-cooled,28.6,158003.0,13896.0,2024,56.4,Hemat
Roda2,Sport,229.2,2,25.8,170.0,Manual,Bensin,Liquid-cooled,73.2,222043.0,10241.0,2019,28.0,Boros
Roda2,Sport,185.9,1,24.6,142.9,Manual,Bensin,Liquid-cooled,77.0,51919.0,10344.0,2024,28.0,Boros
Roda4,MPV,1369.8,4,91.2,1147.1,Manual,Diesel,Liquid-cooled,20.9,178293.0,7814.0,2018,14.94,Hemat
Roda4,City Car,1058.5,3,67.8,810.3,Manual,Bensin,Liquid-cooled,40.2,280312.0,10953.0,2017,16.65,Hemat
Roda4,City Car,1459.3,4,105.0,1059.2,Manual,Bensin,Liquid-cooled,16.3,467434.0,10027.0,2024,13.0,Boros
Roda4,SUV,1977.6,4,140.9,1553.2,DCT,Diesel,Liquid-cooled,69.0,225920.0,9387.0,2022,8.0,Boros
Roda2,Matic,159.1,1,16.0,121.1,CVT,Bensin,Liquid-cooled,33.7,152941.0,10378.0,2024,35.0,Boros
Roda2,Matic,118.4,1,10.2,100.8,CVT,Bensin,Air-cooled,44.2,211051.0,13581.0,2024,54.83,Hemat
Roda4,MPV,1388.1,4,96.0,1234.8,Automatic,Bensin,Liquid-cooled,78.8,498548.0,13385.0,2015,12.66,Hemat
Roda2,Sport,191.1,2,20.8,140.1,Manual,Bensin,Liquid-cooled,23.7,243939.0,12530.0,2018,28.0,Boros
Roda4,City Car,1080.4,4,76.5,901.0,Manual,Bensin,Liquid-cooled,99.5,136067.0,12159.0,2018,13.55,Boros
Roda2,Sport Besar,565.6,3,62.1,241.6,Manual,Bensin,Liquid-cooled,32.0,198944.0,12262.0,2016,16.0,Boros
Roda4,MPV,1402.7,4,99.0,1163.1,CVT,Diesel,Liquid-cooled,82.2,391981.0,13096.0,2016,15.66,Hemat
Roda2,Sport,237.1,1,30.0,165.3,Manual,Bensin,Liquid-cooled,46.7,229754.0,10158.0,2017,28.0,Boros
Roda2,Matic,138.4,1,13.9,114.0,CVT,Bensin,Air-cooled,56.1,69868.0,11927.0,2016,36.7,Boros
Roda2,Sport,213.3,1,23.7,153.3,Manual,Bensin,Liquid-cooled,55.7,90700.0,13760.0,2023,28.0,Boros
Roda4,SUV,1995.8,4,150.0,1554.5,CVT,Diesel,Liquid-cooled,65.8,574143.0,8608.0,2026,8.0,Boros
Roda4,MPV,1369.9,4,95.5,1144.5,CVT,Diesel,Liquid-cooled,95.1,543227.0,13085.0,2022,16.05,Hemat
Roda4,MPV,1388.0,4,97.3,1174.7,Automatic,Bensin,Liquid-cooled,51.2,530889.0,10980.0,2016,13.3,Hemat
Roda4,MPV,1505.3,4,103.0,1262.7,CVT,Diesel,Liquid-cooled,38.3,392796.0,8708.0,2016,12.21,Hemat
Roda4,City Car,1332.8,4,89.9,1013.4,CVT,Bensin,Liquid-cooled,95.6,228479.0,13251.0,2018,13.0,Boros
Roda4,MPV,1381.1,4,95.8,1160.3,CVT,Bensin,Liquid-cooled,40.7,447073.0,11604.0,2024,13.33,Hemat
Roda4,MPV,1639.9,4,115.7,1380.4,Manual,Diesel,Liquid-cooled,26.8,158691.0,8384.0,2023,9.5,Boros
Roda4,City Car,1361.5,3,96.3,999.6,CVT,Bensin,Liquid-cooled,65.7,224574.0,10658.0,2020,13.0,Boros
Roda4,MPV,1659.7,4,120.2,1353.6,Automatic,Diesel,Liquid-cooled,48.4,387076.0,13116.0,2019,9.0,Boros
Roda2,Sport,245.3,1,27.6,170.0,Manual,Bensin,Liquid-cooled,48.3,288963.0,13878.0,2020,28.0,Boros
Roda2,Matic,142.2,1,12.7,112.9,CVT,Bensin,Liquid-cooled,28.1,275417.0,11674.0,2026,35.0,Boros
Roda2,Bebek,118.9,1,8.2,98.0,Manual,Bensin,Air-cooled,13.1,85765.0,10055.0,2026,47.15,Boros
Roda2,Matic,114.0,1,10.9,97.3,CVT,Bensin,Air-cooled,56.3,256819.0,12673.0,2017,41.82,Boros
Roda2,Sport,174.6,2,16.8,135.2,Manual,Bensin,Liquid-cooled,33.7,99248.0,13749.0,2019,30.17,Boros
Roda4,MPV,1663.3,4,115.2,1411.1,Manual,Bensin,Liquid-cooled,48.2,256831.0,12038.0,2023,9.0,Boros
Roda4,City Car,1486.0,3,104.5,1058.3,Automatic,Bensin,Liquid-cooled,21.6,118673.0,10679.0,2023,13.0,Boros
Roda2,Bebek,113.9,1,8.0,95.2,Manual,Bensin,Air-cooled,26.1,116484.0,11405.0,2024,44.63,Boros
Roda2,Matic,149.9,1,15.0,116.4,CVT,Bensin,Liquid-cooled,70.6,269655.0,13056.0,2025,35.0,Boros
Roda4,SUV,1952.5,4,146.8,1594.1,CVT,Hybrid,Liquid-cooled,83.3,238472.0,14305.0,2026,9.7,Boros
Roda2,Sport Besar,499.8,2,48.5,216.7,Manual,Bensin,Liquid-cooled,21.5,148054.0,12835.0,2019,16.0,Boros
Roda4,City Car,1067.8,4,66.3,839.9,Automatic,Bensin,Liquid-cooled,40.5,168467.0,10659.0,2026,17.13,Hemat
Roda4,MPV,1457.3,4,98.9,1182.2,Automatic,Bensin,Liquid-cooled,79.4,503867.0,13561.0,2019,12.57,Hemat
Roda4,City Car,1058.8,4,70.5,838.1,CVT,Bensin,Liquid-cooled,34.5,340508.0,10029.0,2016,14.5,Boros
Roda2,Bebek,132.8,1,9.9,101.9,Manual,Bensin,Air-cooled,24.7,235568.0,10098.0,2026,42.0,Boros
Roda4,MPV,1734.2,4,125.8,1449.7,CVT,Diesel,Liquid-cooled,75.7,172530.0,11155.0,2021,10.21,Boros
Roda4,MPV,1327.9,4,85.0,1126.7,CVT,Diesel,Liquid-cooled,78.7,471828.0,10558.0,2026,18.0,Hemat
Roda2,Sport Besar,269.5,4,25.0,170.2,Manual,Bensin,Liquid-cooled,20.2,167963.0,11445.0,2025,24.82,Hemat
Roda4,MPV,1421.9,4,89.9,1256.1,Manual,Bensin,Liquid-cooled,16.6,518097.0,11867.0,2017,9.0,Boros
Roda4,MPV,1411.7,4,94.4,1102.2,Automatic,Diesel,Liquid-cooled,39.4,331659.0,12397.0,2017,13.27,Hemat
Roda2,Bebek,103.5,1,7.5,91.8,Manual,Bensin,Air-cooled,22.0,169132.0,12878.0,2019,59.4,Hemat
Roda4,SUV,1601.8,4,100.0,1303.3,DCT,Diesel,Liquid-cooled,57.1,523392.0,12323.0,2023,11.88,Hemat
Roda2,Sport,156.4,1,18.3,120.0,Manual,Bensin,Liquid-cooled,48.4,112137.0,12034.0,2026,38.42,Hemat
Roda4,SUV,1623.2,4,114.4,1303.9,CVT,Diesel,Liquid-cooled,94.0,522103.0,7106.0,2018,13.56,Hemat
Roda2,Matic,125.6,1,10.8,105.8,CVT,Bensin,Air-cooled,58.3,74578.0,10450.0,2025,44.36,Hemat
Roda4,MPV,1683.0,4,120.2,1364.5,Manual,Bensin,Liquid-cooled,56.7,438909.0,12600.0,2015,9.0,Boros
Roda2,Matic,159.5,1,16.0,125.0,CVT,Bensin,Liquid-cooled,66.7,124994.0,10494.0,2016,35.0,Boros
Roda2,Bebek,112.1,1,8.8,96.8,Manual,Bensin,Air-cooled,36.7,174011.0,10030.0,2026,51.88,Hemat
Roda2,Sport,230.9,1,24.1,159.7,Manual,Bensin,Liquid-cooled,23.7,209111.0,12245.0,2015,28.0,Boros
Roda2,Sport,199.2,1,23.8,140.3,Manual,Bensin,Liquid-cooled,63.3,193694.0,12733.0,2021,28.0,Boros
Roda4,City Car,1258.9,3,87.0,932.7,Manual,Bensin,Liquid-cooled,39.4,340743.0,13815.0,2017,13.16,Boros
Roda2,Bebek,105.5,1,7.0,91.0,Manual,Bensin,Air-cooled,30.8,83907.0,10568.0,2020,59.73,Hemat
Roda4,MPV,1429.1,4,91.3,1215.6,Automatic,Diesel,Liquid-cooled,29.4,241944.0,8676.0,2018,12.73,Hemat
Roda4,City Car,1053.3,4,65.0,864.8,CVT,Bensin,Liquid-cooled,22.1,334163.0,13657.0,2025,17.61,Hemat
Roda2,Matic,123.4,1,12.4,103.6,CVT,Bensin,Air-cooled,18.0,228566.0,10849.0,2021,41.01,Boros
Roda4,MPV,1701.4,4,121.4,1402.6,Manual,Bensin,Liquid-cooled,24.8,162828.0,10999.0,2026,9.5,Boros
Roda2,Sport Besar,326.8,3,29.9,172.2,Manual,Bensin,Liquid-cooled,26.5,86458.0,10163.0,2019,25.08,Hemat
Roda2,Matic,126.4,1,11.1,100.1,CVT,Bensin,Liquid-cooled,22.2,109171.0,12244.0,2015,37.97,Boros
Roda4,SUV,1628.3,4,111.2,1264.3,Manual,Hybrid,Liquid-cooled,52.8,471270.0,14036.0,2021,14.42,Hemat
Roda4,SUV,1854.9,4,141.1,1521.4,Manual,Bensin,Liquid-cooled,58.4,264357.0,13012.0,2020,8.0,Boros
Roda2,Bebek,147.4,1,12.0,110.0,Manual,Bensin,Air-cooled,72.3,226930.0,10243.0,2023,42.0,Boros
Roda2,Matic,118.4,1,10.8,100.6,CVT,Bensin,Air-cooled,36.1,247478.0,10153.0,2020,39.52,Boros
Roda4,MPV,1438.8,4,102.9,1218.0,Manual,Bensin,Liquid-cooled,81.6,480211.0,13718.0,2018,11.67,Boros
Roda4,MPV,1707.7,4,123.6,1390.6,CVT,Diesel,Liquid-cooled,22.3,497445.0,8615.0,2022,10.25,Boros
Roda2,Bebek,131.2,1,11.1,104.7,Manual,Bensin,Air-cooled,61.2,86996.0,13325.0,2019,42.0,Boros
Roda2,Matic,122.5,1,12.3,100.2,CVT,Bensin,Air-cooled,34.3,75515.0,10908.0,2022,44.51,Hemat
Roda2,Sport Besar,627.9,3,70.0,226.7,Manual,Bensin,Liquid-cooled,53.2,199620.0,10505.0,2023,16.0,Boros
Roda4,SUV,1730.5,4,128.9,1385.7,Manual,Diesel,Liquid-cooled,49.0,156349.0,8654.0,2024,10.82,Boros
Roda2,Sport,170.0,2,18.7,121.7,Manual,Bensin,Liquid-cooled,52.8,76047.0,11636.0,2022,35.0,Hemat
Roda2,Sport,214.7,1,26.0,150.9,Manual,Bensin,Liquid-cooled,10.7,292184.0,12931.0,2022,28.0,Boros
Roda4,City Car,1153.4,4,74.4,878.9,Manual,Bensin,Liquid-cooled,66.1,448858.0,11686.0,2019,17.39,Hemat
Roda4,SUV,1660.1,4,118.5,1333.9,CVT,Diesel,Liquid-cooled,40.0,414626.0,12418.0,2024,11.25,Hemat
Roda2,Sport Besar,486.8,2,56.4,208.3,Manual,Bensin,Liquid-cooled,16.2,179812.0,11153.0,2021,20.6,Boros
Roda4,MPV,1399.5,4,95.7,1202.8,Automatic,Bensin,Liquid-cooled,50.5,460601.0,11943.0,2015,12.09,Hemat
Roda2,Sport Besar,530.7,2,59.6,244.8,Manual,Bensin,Liquid-cooled,12.3,190490.0,13078.0,2020,16.0,Boros
Roda4,City Car,1087.4,4,74.0,855.9,CVT,Bensin,Liquid-cooled,55.9,143240.0,13014.0,2023,18.52,Hemat
Roda4,SUV,1925.8,4,141.8,1490.3,Automatic,Hybrid,Liquid-cooled,45.4,374801.0,14266.0,2022,8.68,Boros
Roda4,SUV,1976.5,4,150.0,1600.0,Manual,Diesel,Liquid-cooled,19.6,126222.0,10379.0,2025,8.39,Boros
Roda4,SUV,1800.6,4,131.7,1422.0,Automatic,Bensin,Liquid-cooled,48.2,220916.0,13254.0,2024,8.0,Boros
Roda4,MPV,1639.2,4,117.5,1378.9,Automatic,Diesel,Liquid-cooled,29.1,413925.0,8960.0,2019,9.0,Boros
Roda2,Matic,139.9,1,12.1,106.5,CVT,Bensin,Air-cooled,31.3,221978.0,13369.0,2019,35.0,Boros
Roda4,SUV,1589.5,4,100.5,1268.4,DCT,Diesel,Liquid-cooled,30.3,497764.0,8609.0,2024,13.08,Hemat
Roda4,SUV,1675.8,4,118.3,1363.2,DCT,Diesel,Liquid-cooled,45.1,349601.0,12208.0,2023,11.21,Hemat
Roda2,Sport Besar,523.7,4,56.2,243.9,Manual,Bensin,Liquid-cooled,10.5,184530.0,12151.0,2015,16.0,Boros
Roda4,SUV,1787.4,4,125.1,1473.3,Manual,Hybrid,Liquid-cooled,86.0,567639.0,14081.0,2020,10.18,Boros
Roda2,Bebek,146.8,1,11.3,107.8,Manual,Bensin,Air-cooled,24.1,197558.0,11590.0,2023,42.0,Boros
Roda2,Sport Besar,420.4,4,42.7,202.2,Manual,Bensin,Liquid-cooled,45.8,288374.0,12088.0,2020,19.64,Boros
Roda2,Sport,172.0,2,17.6,126.8,Manual,Bensin,Liquid-cooled,12.2,201976.0,12218.0,2024,38.78,Hemat
Roda4,MPV,1616.7,4,115.6,1343.4,Manual,Diesel,Liquid-cooled,45.0,123968.0,7196.0,2016,11.17,Boros
Roda4,MPV,1660.3,4,123.2,1428.1,CVT,Bensin,Liquid-cooled,67.9,212008.0,10186.0,2016,9.0,Boros
Roda4,MPV,1326.3,4,89.2,1111.6,CVT,Diesel,Liquid-cooled,64.8,123923.0,6805.0,2022,16.81,Hemat
Roda4,City Car,1421.6,4,101.4,1062.6,Automatic,Bensin,Liquid-cooled,36.9,571105.0,13084.0,2020,13.0,Boros
Roda4,SUV,1759.6,4,123.5,1368.2,Automatic,Hybrid,Liquid-cooled,79.6,511500.0,14376.0,2016,9.16,Boros
Roda2,Matic,126.2,1,9.6,101.6,CVT,Bensin,Air-cooled,43.4,280118.0,12824.0,2017,42.73,Hemat
Roda2,Matic,119.8,1,10.1,99.2,CVT,Bensin,Air-cooled,52.0,244122.0,12922.0,2021,44.22,Hemat
Roda4,MPV,1429.7,4,93.1,1154.7,CVT,Diesel,Liquid-cooled,59.6,436337.0,9676.0,2022,15.44,Hemat
Roda4,City Car,1191.1,4,74.7,933.5,Automatic,Bensin,Liquid-cooled,57.0,501320.0,13548.0,2018,14.92,Boros
Roda4,SUV,1755.4,4,121.9,1401.4,Automatic,Hybrid,Liquid-cooled,25.8,551211.0,14255.0,2025,14.13,Hemat
Roda4,City Car,1255.8,4,79.3,1000.9,CVT,Bensin,Liquid-cooled,94.4,298889.0,12427.0,2022,13.0,Boros
Roda2,Matic,132.4,1,12.1,106.3,CVT,Bensin,Liquid-cooled,62.0,195184.0,11514.0,2023,37.47,Boros
Roda2,Matic,156.2,1,15.6,117.8,CVT,Bensin,Liquid-cooled,52.2,217225.0,12555.0,2017,35.0,Boros
Roda2,Bebek,139.5,1,11.5,102.8,Manual,Bensin,Air-cooled,71.4,154377.0,11802.0,2024,42.0,Boros
Roda2,Bebek,134.1,1,11.2,100.2,Manual,Bensin,Air-cooled,20.0,54597.0,11810.0,2020,42.93,Boros
Roda2,Bebek,124.7,1,9.7,101.1,Manual,Bensin,Air-cooled,27.1,155325.0,13271.0,2024,42.0,Boros
Roda4,SUV,1637.1,4,116.7,1319.7,DCT,Bensin,Liquid-cooled,76.8,348174.0,13751.0,2025,10.76,Boros
Roda2,Matic,151.1,1,14.8,123.8,CVT,Bensin,Air-cooled,26.2,242386.0,10528.0,2018,35.0,Boros
Roda4,MPV,1338.4,4,85.0,1174.5,CVT,Bensin,Liquid-cooled,97.9,219667.0,13390.0,2023,15.73,Hemat
Roda2,Matic,133.9,1,11.2,109.8,CVT,Bensin,Liquid-cooled,33.9,192091.0,10209.0,2016,35.98,Boros
Roda2,Bebek,108.2,1,7.7,94.9,Manual,Bensin,Air-cooled,33.9,162195.0,13562.0,2022,48.02,Hemat
Roda2,Matic,148.8,1,14.9,122.5,CVT,Bensin,Liquid-cooled,49.3,183377.0,13211.0,2020,35.0,Boros
Roda2,Matic,130.0,1,12.0,105.2,CVT,Bensin,Liquid-cooled,41.9,87409.0,11754.0,2017,35.76,Boros
Roda4,City Car,1496.3,4,102.0,1100.0,Manual,Bensin,Liquid-cooled,68.3,579530.0,10929.0,2025,13.0,Boros
Roda4,City Car,1410.9,4,95.2,1044.3,Manual,Bensin,Liquid-cooled,36.2,400793.0,10468.0,2020,13.0,Boros
Roda2,Matic,144.6,1,12.9,108.3,CVT,Bensin,Liquid-cooled,65.3,122204.0,11511.0,2022,39.11,Boros
Roda4,SUV,1911.1,4,141.8,1516.8,DCT,Hybrid,Liquid-cooled,34.2,314215.0,14240.0,2022,10.96,Boros
Roda2,Matic,118.3,1,9.8,97.9,CVT,Bensin,Air-cooled,30.1,150611.0,12884.0,2018,51.02,Hemat
Roda4,City Car,1466.1,4,93.4,1069.4,CVT,Bensin,Liquid-cooled,20.6,394150.0,10254.0,2020,13.0,Boros
Roda4,MPV,1311.0,4,88.7,1106.1,CVT,Bensin,Liquid-cooled,39.7,535890.0,11788.0,2023,14.6,Hemat
Roda2,Sport,206.5,1,25.6,144.7,Manual,Bensin,Liquid-cooled,73.0,256745.0,10679.0,2025,30.31,Boros
Roda4,City Car,1179.5,4,74.9,870.1,Automatic,Bensin,Liquid-cooled,97.0,411363.0,13425.0,2023,14.11,Boros
Roda2,Sport,221.4,1,28.1,155.6,Manual,Bensin,Liquid-cooled,23.2,91747.0,12841.0,2022,28.0,Boros
Roda2,Bebek,103.4,1,7.3,93.4,Manual,Bensin,Air-cooled,57.1,118845.0,11195.0,2018,51.94,Hemat
Roda2,Sport,247.4,1,29.5,170.0,Manual,Bensin,Liquid-cooled,13.1,142284.0,11946.0,2020,28.0,Boros
Roda4,City Car,1024.3,3,65.0,800.0,Manual,Bensin,Liquid-cooled,41.4,527714.0,13000.0,2025,20.57,Hemat
Roda2,Matic,130.0,1,12.0,106.0,CVT,Bensin,Liquid-cooled,62.1,61879.0,10855.0,2015,40.59,Boros
Roda4,MPV,1525.4,4,103.5,1249.0,Automatic,Bensin,Liquid-cooled,20.9,562723.0,10397.0,2020,9.18,Boros
Roda2,Matic,149.0,1,13.7,119.5,CVT,Bensin,Liquid-cooled,77.5,284037.0,13307.0,2023,35.0,Boros
Roda2,Matic,156.6,1,15.5,125.0,CVT,Bensin,Liquid-cooled,32.0,79851.0,11210.0,2021,35.0,Boros
Roda2,Sport Besar,594.0,2,70.0,242.4,Manual,Bensin,Liquid-cooled,27.8,168559.0,10938.0,2020,16.0,Boros
Roda2,Sport,151.5,1,15.8,120.0,Manual,Bensin,Liquid-cooled,40.5,160519.0,11070.0,2018,38.15,Hemat
Roda4,MPV,1654.2,4,112.6,1394.8,Manual,Bensin,Liquid-cooled,79.5,305985.0,13180.0,2023,9.26,Boros
Roda4,MPV,1335.9,4,88.5,1100.0,Automatic,Diesel,Liquid-cooled,68.1,102759.0,9281.0,2021,15.3,Hemat
Roda2,Bebek,104.0,1,7.0,90.7,Manual,Bensin,Air-cooled,26.2,262231.0,11549.0,2015,49.98,Hemat
Roda2,Bebek,120.9,1,9.8,100.7,Manual,Bensin,Air-cooled,36.4,237395.0,11533.0,2015,42.0,Boros
Roda2,Bebek,116.6,1,8.9,95.3,Manual,Bensin,Air-cooled,55.2,268328.0,10162.0,2015,46.93,Boros
Roda2,Sport,234.9,1,26.7,149.5,Manual,Bensin,Liquid-cooled,61.6,89427.0,11059.0,2024,28.0,Boros
Roda4,MPV,1500.1,4,109.8,1261.1,CVT,Diesel,Liquid-cooled,69.4,104568.0,8694.0,2019,13.41,Hemat
Roda4,MPV,1521.1,4,104.4,1306.6,CVT,Diesel,Liquid-cooled,40.4,310048.0,10288.0,2016,11.64,Boros
Roda4,City Car,1056.0,4,65.0,840.0,Manual,Bensin,Liquid-cooled,50.7,592177.0,13041.0,2016,15.76,Hemat
Roda4,SUV,1635.4,4,113.5,1243.7,Automatic,Diesel,Liquid-cooled,24.4,537137.0,10456.0,2019,11.01,Hemat
Roda4,MPV,1449.6,4,88.8,1172.4,Manual,Diesel,Liquid-cooled,55.5,227244.0,7096.0,2017,13.33,Hemat
Roda4,SUV,1936.6,4,149.2,1566.7,DCT,Hybrid,Liquid-cooled,31.5,234837.0,13906.0,2020,8.0,Boros
Roda4,SUV,1927.0,4,150.0,1548.9,Manual,Hybrid,Liquid-cooled,84.5,202513.0,13988.0,2021,8.32,Boros
Roda4,City Car,1116.2,4,79.3,851.1,Automatic,Bensin,Liquid-cooled,47.0,560767.0,11117.0,2016,14.85,Boros
Roda4,SUV,1714.2,4,117.0,1359.9,Automatic,Bensin,Liquid-cooled,73.3,273836.0,10350.0,2018,8.18,Boros
Roda4,MPV,1514.1,4,102.3,1344.0,Manual,Bensin,Liquid-cooled,37.5,241175.0,12856.0,2018,9.0,Boros
Roda4,MPV,1679.4,4,125.5,1398.5,Automatic,Bensin,Liquid-cooled,58.3,119227.0,11030.0,2023,10.02,Boros
Roda4,SUV,1964.1,4,146.6,1600.0,Automatic,Bensin,Liquid-cooled,18.7,310415.0,11059.0,2025,8.0,Boros
Roda2,Bebek,107.5,1,7.2,92.5,Manual,Bensin,Air-cooled,61.6,265699.0,10845.0,2015,56.75,Hemat
Roda2,Sport,237.0,2,28.4,164.1,Manual,Bensin,Liquid-cooled,67.3,213712.0,11093.0,2015,28.0,Boros
Roda2,Sport,174.9,2,17.2,123.9,Manual,Bensin,Liquid-cooled,32.2,269707.0,11550.0,2022,32.32,Boros
Roda2,Bebek,102.2,1,7.3,90.0,Manual,Bensin,Air-cooled,75.8,53956.0,12039.0,2023,65.0,Hemat
Roda2,Bebek,126.0,1,9.0,102.4,Manual,Bensin,Air-cooled,19.7,295685.0,10975.0,2023,42.0,Boros
Roda2,Matic,137.3,1,13.6,112.5,CVT,Bensin,Liquid-cooled,49.9,160581.0,12170.0,2025,36.77,Boros
Roda4,SUV,1758.4,4,125.7,1381.6,Manual,Hybrid,Liquid-cooled,30.8,482984.0,14020.0,2016,9.87,Boros
Roda2,Sport,176.6,2,21.8,131.9,Manual,Bensin,Liquid-cooled,44.1,191688.0,11003.0,2021,31.11,Boros
Roda4,SUV,1902.4,4,133.6,1544.4,CVT,Diesel,Liquid-cooled,92.6,410373.0,7613.0,2022,8.0,Boros
Roda2,Matic,112.1,1,9.1,95.0,CVT,Bensin,Air-cooled,53.8,172532.0,10557.0,2018,51.99,Hemat
Roda4,SUV,1793.9,4,122.3,1398.8,Automatic,Bensin,Liquid-cooled,24.9,504784.0,12508.0,2018,8.29,Boros
Roda2,Bebek,106.7,1,8.2,90.7,Manual,Bensin,Air-cooled,33.3,233263.0,12061.0,2016,45.48,Boros
Roda2,Bebek,115.0,1,7.6,93.3,Manual,Bensin,Air-cooled,50.9,147530.0,11385.0,2019,59.38,Hemat
Roda2,Sport Besar,504.0,3,55.8,224.8,Manual,Bensin,Liquid-cooled,12.7,179117.0,11280.0,2018,16.0,Boros
Roda2,Matic,136.8,1,13.8,113.2,CVT,Bensin,Air-cooled,60.3,200908.0,13574.0,2021,40.16,Boros
Roda2,Sport,221.4,2,25.5,161.6,Manual,Bensin,Liquid-cooled,26.1,53844.0,12709.0,2015,28.0,Boros
Roda2,Sport,197.8,1,24.8,141.3,Manual,Bensin,Liquid-cooled,74.2,131068.0,12070.0,2017,28.0,Boros
Roda2,Matic,121.5,1,10.3,95.0,CVT,Bensin,Air-cooled,74.5,94673.0,11153.0,2026,52.6,Hemat
Roda2,Bebek,148.5,1,11.6,110.0,Manual,Bensin,Air-cooled,61.5,118775.0,12493.0,2017,42.0,Boros
Roda4,City Car,1100.5,3,78.7,844.1,Automatic,Bensin,Liquid-cooled,60.9,236824.0,12318.0,2019,15.93,Hemat
Roda4,MPV,1496.9,4,97.4,1244.6,Automatic,Bensin,Liquid-cooled,62.4,536417.0,10431.0,2015,10.09,Boros
Roda2,Sport,177.3,1,19.3,135.9,Manual,Bensin,Liquid-cooled,67.8,228967.0,12518.0,2021,28.0,Boros
Roda4,City Car,1325.9,3,97.5,940.8,Manual,Bensin,Liquid-cooled,66.4,376742.0,10735.0,2025,13.0,Boros
Roda4,MPV,1456.5,4,106.6,1308.7,Automatic,Bensin,Liquid-cooled,80.9,517610.0,13014.0,2023,11.31,Boros
Roda4,City Car,1287.9,4,78.6,983.1,CVT,Bensin,Liquid-cooled,44.2,215006.0,11209.0,2019,13.0,Boros
Roda4,SUV,1543.9,4,102.3,1217.8,Automatic,Hybrid,Liquid-cooled,75.0,257354.0,14412.0,2024,15.2,Hemat
Roda4,MPV,1549.1,4,107.1,1302.7,Manual,Bensin,Liquid-cooled,73.7,283699.0,10999.0,2024,9.0,Boros
Roda2,Bebek,112.1,1,8.3,94.4,Manual,Bensin,Air-cooled,60.3,77651.0,10139.0,2015,46.84,Boros
Roda4,SUV,1701.8,4,126.7,1343.0,DCT,Diesel,Liquid-cooled,20.0,131927.0,9515.0,2022,10.56,Boros
Roda2,Matic,113.8,1,9.3,100.8,CVT,Bensin,Liquid-cooled,57.7,59499.0,12362.0,2025,43.5,Hemat
Roda2,Matic,129.1,1,12.3,111.2,CVT,Bensin,Air-cooled,76.1,133987.0,12187.0,2026,38.44,Boros
Roda4,City Car,1060.8,4,74.3,800.0,Manual,Bensin,Liquid-cooled,98.8,544528.0,12644.0,2021,15.4,Hemat
Roda2,Matic,128.4,1,11.8,109.1,CVT,Bensin,Air-cooled,22.3,142974.0,10110.0,2021,51.67,Hemat
Roda4,SUV,1656.2,4,115.8,1311.5,DCT,Diesel,Liquid-cooled,37.4,152699.0,7291.0,2018,12.02,Hemat
Roda4,City Car,1165.3,3,77.2,841.8,Manual,Bensin,Liquid-cooled,82.6,388908.0,12004.0,2018,13.52,Boros
Roda4,MPV,1562.2,4,113.2,1360.9,CVT,Bensin,Liquid-cooled,70.0,375046.0,11063.0,2025,10.14,Boros
Roda4,MPV,1452.6,4,100.9,1147.0,Automatic,Bensin,Liquid-cooled,70.2,321722.0,10241.0,2016,11.05,Boros
Roda2,Matic,132.4,1,11.3,110.3,CVT,Bensin,Liquid-cooled,31.0,250816.0,11061.0,2021,35.03,Boros
Roda2,Sport Besar,488.7,4,54.6,202.0,Manual,Bensin,Liquid-cooled,12.3,62201.0,12939.0,2026,19.45,Boros
Roda2,Bebek,140.9,1,10.4,101.0,Manual,Bensin,Air-cooled,58.5,117353.0,10952.0,2019,42.0,Boros
Roda4,SUV,1626.2,4,105.3,1253.0,Manual,Hybrid,Liquid-cooled,68.6,374055.0,14205.0,2023,13.15,Hemat
Roda4,SUV,1752.9,4,122.9,1385.7,CVT,Bensin,Liquid-cooled,91.0,172087.0,13277.0,2025,8.5,Boros
Roda4,MPV,1301.5,4,85.0,1140.3,CVT,Bensin,Liquid-cooled,53.7,206916.0,12226.0,2023,16.74,Hemat
Roda2,Matic,153.8,1,14.6,122.3,CVT,Bensin,Liquid-cooled,65.3,98435.0,11021.0,2015,35.0,Boros
Roda2,Sport Besar,261.5,4,31.5,160.0,Manual,Bensin,Liquid-cooled,10.7,211479.0,12529.0,2023,24.13,Hemat
Roda4,City Car,1193.2,4,83.4,988.1,Manual,Bensin,Liquid-cooled,78.5,329008.0,10299.0,2021,13.0,Boros
Roda4,SUV,1906.8,4,148.5,1594.7,Automatic,Diesel,Liquid-cooled,37.3,187579.0,7903.0,2022,8.18,Boros
Roda4,City Car,1269.1,4,82.4,992.4,Manual,Bensin,Liquid-cooled,79.9,322379.0,10880.0,2019,13.96,Boros
Roda4,MPV,1654.6,4,124.0,1436.4,Manual,Bensin,Liquid-cooled,56.1,168217.0,13196.0,2021,9.0,Boros
Roda4,City Car,1174.4,3,73.4,892.2,Manual,Bensin,Liquid-cooled,33.7,317685.0,10310.0,2015,14.63,Boros
Roda2,Matic,113.5,1,9.0,95.9,CVT,Bensin,Liquid-cooled,27.1,84265.0,13311.0,2020,44.7,Hemat
Roda2,Matic,116.4,1,10.3,97.1,CVT,Bensin,Liquid-cooled,77.8,169473.0,12837.0,2022,42.38,Hemat
Roda2,Matic,125.9,1,12.7,105.9,CVT,Bensin,Liquid-cooled,47.6,197756.0,11355.0,2021,41.69,Boros
Roda2,Sport,244.4,2,27.9,159.8,Manual,Bensin,Liquid-cooled,15.9,255090.0,13009.0,2020,28.0,Boros
Roda2,Sport,219.0,2,26.8,147.4,Manual,Bensin,Liquid-cooled,47.4,68482.0,13282.0,2026,28.0,Boros
Roda4,MPV,1571.9,4,104.6,1318.6,Manual,Bensin,Liquid-cooled,21.5,502032.0,12881.0,2022,9.0,Boros
Roda4,SUV,1718.3,4,107.9,1378.7,CVT,Hybrid,Liquid-cooled,80.6,300315.0,14242.0,2015,11.84,Hemat
Roda2,Matic,116.4,1,10.2,99.6,CVT,Bensin,Air-cooled,39.2,124387.0,13560.0,2024,48.54,Hemat
Roda4,MPV,1478.6,4,103.2,1196.9,Automatic,Bensin,Liquid-cooled,68.0,247679.0,10178.0,2015,9.37,Boros
Roda4,SUV,1716.0,4,130.6,1382.2,Automatic,Diesel,Liquid-cooled,59.4,361610.0,10205.0,2019,10.36,Boros
Roda4,City Car,1126.0,4,78.1,876.6,CVT,Bensin,Liquid-cooled,53.0,156242.0,12493.0,2024,17.45,Hemat
Roda2,Matic,142.7,1,13.2,120.4,CVT,Bensin,Air-cooled,79.1,226255.0,11135.0,2017,35.0,Boros
Roda4,City Car,1325.7,4,87.2,955.6,Manual,Bensin,Liquid-cooled,48.5,117895.0,13750.0,2017,13.0,Boros
Roda2,Matic,152.8,1,15.0,122.3,CVT,Bensin,Liquid-cooled,63.8,85329.0,13451.0,2021,35.0,Boros
Roda2,Sport Besar,576.4,3,56.4,222.8,Manual,Bensin,Liquid-cooled,65.2,227779.0,11245.0,2023,16.0,Boros
Roda4,City Car,1148.2,4,77.7,866.4,Manual,Bensin,Liquid-cooled,41.9,457251.0,12149.0,2023,16.67,Hemat
Roda4,City Car,1126.4,4,73.8,890.6,CVT,Bensin,Liquid-cooled,96.0,386384.0,10956.0,2025,14.72,Boros
Roda2,Sport Besar,264.8,2,26.3,173.6,Manual,Bensin,Liquid-cooled,28.2,58485.0,12764.0,2023,27.97,Hemat
Roda4,MPV,1699.9,4,120.9,1477.8,Manual,Diesel,Liquid-cooled,57.8,401242.0,9011.0,2019,9.55,Boros
Roda2,Bebek,148.4,1,10.7,109.7,Manual,Bensin,Air-cooled,36.3,250954.0,11691.0,2016,42.0,Boros
Roda4,MPV,1386.7,4,89.2,1180.2,Automatic,Bensin,Liquid-cooled,47.3,462852.0,11601.0,2025,12.89,Hemat
Roda2,Matic,129.1,1,11.0,106.9,CVT,Bensin,Liquid-cooled,34.4,227552.0,11419.0,2021,40.07,Boros
Roda4,MPV,1674.9,4,115.5,1360.8,Manual,Bensin,Liquid-cooled,69.5,569999.0,10355.0,2025,9.0,Boros
Roda4,MPV,1358.4,4,88.3,1193.8,CVT,Bensin,Liquid-cooled,17.6,321196.0,12926.0,2019,13.36,Hemat
Roda4,City Car,1261.4,3,84.3,978.4,CVT,Bensin,Liquid-cooled,51.7,531872.0,12692.0,2021,13.0,Boros
Roda4,MPV,1313.2,4,85.0,1141.7,Manual,Bensin,Liquid-cooled,97.2,192721.0,10269.0,2021,12.88,Hemat
Roda2,Matic,126.4,1,10.5,98.9,CVT,Bensin,Liquid-cooled,11.0,170281.0,11300.0,2022,38.65,Boros
Roda4,City Car,1163.6,3,80.8,943.5,Manual,Bensin,Liquid-cooled,15.7,192700.0,10823.0,2020,13.75,Boros
Roda2,Bebek,110.0,1,7.0,95.7,Manual,Bensin,Air-cooled,41.0,233055.0,10909.0,2015,53.72,Hemat
Roda2,Matic,150.1,1,15.0,121.9,CVT,Bensin,Liquid-cooled,40.8,282971.0,10566.0,2022,35.0,Boros
Roda2,Sport Besar,332.3,2,37.5,170.2,Manual,Bensin,Liquid-cooled,74.9,260880.0,10145.0,2018,22.99,Hemat
Roda4,City Car,1072.2,3,71.4,821.8,CVT,Bensin,Liquid-cooled,58.2,270639.0,12714.0,2015,17.87,Hemat
Roda4,MPV,1511.2,4,103.0,1336.6,CVT,Diesel,Liquid-cooled,71.3,291396.0,10315.0,2019,12.38,Hemat
Roda2,Sport,163.7,1,19.7,128.0,Manual,Bensin,Liquid-cooled,25.5,234683.0,10108.0,2020,29.83,Boros
Roda4,SUV,1789.8,4,132.5,1465.0,Manual,Diesel,Liquid-cooled,84.6,101580.0,6899.0,2015,8.6,Boros
Roda2,Bebek,118.9,1,8.9,96.7,Manual,Bensin,Air-cooled,15.0,129744.0,13295.0,2021,42.1,Boros
Roda4,MPV,1708.9,4,120.8,1386.4,Manual,Diesel,Liquid-cooled,47.3,365820.0,7395.0,2015,9.0,Boros
Roda2,Matic,149.3,1,15.0,117.4,CVT,Bensin,Air-cooled,27.4,92027.0,12864.0,2016,35.0,Boros
Roda4,SUV,1529.6,4,106.6,1249.2,DCT,Hybrid,Liquid-cooled,82.7,166717.0,14481.0,2023,12.3,Hemat
Roda2,Sport Besar,407.4,2,47.2,200.7,Manual,Bensin,Liquid-cooled,71.4,247753.0,10087.0,2019,16.0,Boros
Roda4,MPV,1462.0,4,108.9,1251.6,Automatic,Bensin,Liquid-cooled,24.4,480936.0,11086.0,2019,9.57,Boros
Roda2,Sport,224.1,2,25.3,157.5,Manual,Bensin,Liquid-cooled,29.3,219894.0,12754.0,2022,28.0,Boros
Roda2,Matic,129.3,1,11.5,110.8,CVT,Bensin,Liquid-cooled,60.0,131689.0,11129.0,2024,39.53,Boros
Roda4,MPV,1741.0,4,130.0,1454.5,Manual,Bensin,Liquid-cooled,41.0,196640.0,10882.0,2025,9.0,Boros
Roda4,SUV,1514.9,4,102.3,1215.4,CVT,Bensin,Liquid-cooled,61.3,383001.0,13383.0,2023,13.65,Hemat
Roda2,Bebek,133.6,1,10.2,106.5,Manual,Bensin,Air-cooled,31.5,254096.0,13775.0,2025,42.0,Boros
Roda2,Sport Besar,566.5,3,60.3,231.3,Manual,Bensin,Liquid-cooled,66.8,170923.0,10569.0,2015,16.0,Boros
Roda4,City Car,1019.6,4,67.0,808.5,CVT,Bensin,Liquid-cooled,29.5,156042.0,12654.0,2015,18.8,Hemat
Roda2,Sport Besar,474.0,4,51.7,221.2,Manual,Bensin,Liquid-cooled,29.4,257998.0,12584.0,2015,16.0,Boros
Roda2,Bebek,134.8,1,10.7,105.0,Manual,Bensin,Air-cooled,40.8,86863.0,11280.0,2017,42.0,Boros
Roda4,City Car,1086.0,3,73.9,803.4,Manual,Bensin,Liquid-cooled,53.9,334102.0,13129.0,2016,17.14,Hemat
Roda4,MPV,1499.8,4,98.2,1247.3,CVT,Diesel,Liquid-cooled,24.3,149360.0,9654.0,2026,14.06,Hemat
Roda4,MPV,1413.1,4,95.8,1256.9,Automatic,Bensin,Liquid-cooled,57.0,197733.0,12873.0,2018,13.24,Hemat
Roda4,SUV,1829.8,4,130.4,1500.3,DCT,Diesel,Liquid-cooled,98.3,475922.0,9096.0,2022,9.36,Boros
Roda2,Matic,147.3,1,13.9,115.9,CVT,Bensin,Liquid-cooled,10.8,82585.0,11206.0,2024,35.0,Boros
Roda2,Matic,156.3,1,14.2,123.4,CVT,Bensin,Liquid-cooled,34.5,185753.0,11496.0,2016,35.0,Boros
Roda4,City Car,1376.7,3,96.3,981.2,Automatic,Bensin,Liquid-cooled,51.7,562834.0,11719.0,2024,13.0,Boros
Roda2,Sport Besar,550.2,2,59.0,221.0,Manual,Bensin,Liquid-cooled,46.5,77672.0,11505.0,2025,16.0,Boros
Roda4,City Car,1467.6,4,102.7,1091.5,Automatic,Bensin,Liquid-cooled,20.3,360969.0,12193.0,2015,13.0,Boros
Roda4,MPV,1634.2,4,110.8,1349.5,Automatic,Diesel,Liquid-cooled,67.3,249397.0,11151.0,2023,9.21,Boros
Roda2,Sport,153.4,1,19.6,132.3,Manual,Bensin,Liquid-cooled,55.5,119364.0,12073.0,2023,39.72,Hemat
Roda4,SUV,1534.8,4,100.0,1254.2,DCT,Bensin,Liquid-cooled,27.0,360130.0,12805.0,2021,11.76,Hemat
Roda2,Matic,136.5,1,12.7,111.4,CVT,Bensin,Liquid-cooled,68.2,155339.0,13480.0,2015,35.0,Boros
Roda4,City Car,1465.1,4,100.5,1050.7,Manual,Bensin,Liquid-cooled,79.2,490730.0,12548.0,2020,13.0,Boros
Roda4,MPV,1406.4,4,93.9,1270.8,CVT,Bensin,Liquid-cooled,29.8,520477.0,11277.0,2025,12.84,Hemat
Roda4,SUV,1992.9,4,140.2,1593.6,Automatic,Bensin,Liquid-cooled,52.9,524276.0,13100.0,2024,8.0,Boros
Roda2,Sport,181.0,1,18.4,130.5,Manual,Bensin,Liquid-cooled,44.8,181664.0,12715.0,2019,36.3,Hemat
Roda2,Bebek,144.0,1,10.6,107.9,Manual,Bensin,Air-cooled,67.8,75159.0,10936.0,2026,42.0,Boros
Roda4,City Car,1130.3,4,74.3,913.6,Automatic,Bensin,Liquid-cooled,84.0,229418.0,12575.0,2024,15.8,Hemat
Roda4,SUV,1685.3,4,122.8,1416.4,Manual,Bensin,Liquid-cooled,21.9,463079.0,12850.0,2022,8.0,Boros
Roda2,Matic,111.8,1,9.0,97.0,CVT,Bensin,Liquid-cooled,31.9,277385.0,12617.0,2019,50.11,Hemat
Roda4,SUV,1851.4,4,134.7,1449.5,CVT,Bensin,Liquid-cooled,37.1,282986.0,13889.0,2026,8.93,Boros
Roda2,Matic,110.8,1,10.4,96.2,CVT,Bensin,Liquid-cooled,78.7,251636.0,10040.0,2022,47.75,Hemat
Roda4,SUV,1868.0,4,137.8,1455.2,Automatic,Hybrid,Liquid-cooled,80.0,343252.0,14487.0,2024,8.64,Boros
Roda2,Sport,228.0,2,26.8,154.8,Manual,Bensin,Liquid-cooled,70.0,202677.0,11788.0,2023,28.0,Boros
Roda4,MPV,1326.1,4,85.0,1100.0,Manual,Bensin,Liquid-cooled,78.7,459388.0,11224.0,2018,15.01,Hemat
Roda2,Matic,120.8,1,11.5,100.0,CVT,Bensin,Liquid-cooled,27.7,88652.0,10806.0,2015,47.5,Hemat
Roda2,Matic,135.0,1,12.2,108.8,CVT,Bensin,Liquid-cooled,33.0,259851.0,12973.0,2025,39.82,Boros
Roda4,MPV,1712.6,4,121.3,1463.8,Manual,Bensin,Liquid-cooled,27.0,585850.0,12875.0,2026,9.0,Boros
Roda2,Sport,171.0,1,19.5,125.5,Manual,Bensin,Liquid-cooled,61.5,144669.0,13352.0,2018,37.34,Hemat
Roda4,SUV,1563.9,4,108.8,1210.2,CVT,Hybrid,Liquid-cooled,44.3,456740.0,14165.0,2021,14.5,Hemat
Roda4,MPV,1791.1,4,128.2,1500.0,Automatic,Diesel,Liquid-cooled,21.6,540397.0,8787.0,2023,9.0,Boros
Roda4,City Car,1372.8,3,91.3,1009.2,CVT,Bensin,Liquid-cooled,50.1,466154.0,12750.0,2022,13.0,Boros
Roda2,Bebek,117.1,1,8.8,92.5,Manual,Bensin,Air-cooled,44.9,71730.0,12095.0,2023,48.8,Hemat
Roda4,SUV,1788.0,4,120.4,1408.1,CVT,Hybrid,Liquid-cooled,87.6,114399.0,14218.0,2020,11.12,Hemat
Roda2,Bebek,101.5,1,7.0,90.0,Manual,Bensin,Air-cooled,25.9,217508.0,11826.0,2022,55.69,Hemat
Roda4,City Car,1167.4,4,85.1,898.3,CVT,Bensin,Liquid-cooled,72.3,547928.0,11708.0,2024,16.57,Hemat
Roda4,City Car,1026.9,3,65.0,856.2,Manual,Bensin,Liquid-cooled,33.1,140920.0,10350.0,2023,16.2,Hemat
Roda4,SUV,1751.8,4,131.1,1400.7,CVT,Bensin,Liquid-cooled,44.2,282535.0,10732.0,2015,8.0,Boros
Roda2,Sport Besar,561.3,4,62.7,236.2,Manual,Bensin,Liquid-cooled,44.5,67880.0,12036.0,2015,16.0,Boros
Roda4,MPV,1687.2,4,125.8,1419.2,Automatic,Diesel,Liquid-cooled,98.8,370302.0,8019.0,2017,9.0,Boros
Roda4,MPV,1449.3,4,98.9,1155.1,CVT,Diesel,Liquid-cooled,92.6,470905.0,11347.0,2023,15.78,Hemat
Roda4,SUV,1550.5,4,109.9,1201.8,DCT,Bensin,Liquid-cooled,36.9,508390.0,11433.0,2018,10.31,Boros
Roda2,Sport,226.4,2,27.1,162.8,Manual,Bensin,Liquid-cooled,64.6,281483.0,12795.0,2020,28.0,Boros
Roda4,MPV,1486.0,4,103.5,1216.2,CVT,Diesel,Liquid-cooled,62.9,223234.0,11094.0,2022,13.7,Hemat
Roda2,Bebek,104.1,1,7.0,90.0,Manual,Bensin,Air-cooled,19.9,216047.0,10843.0,2019,62.38,Hemat
Roda2,Bebek,126.2,1,9.2,97.7,Manual,Bensin,Air-cooled,27.9,151769.0,12643.0,2021,47.93,Boros
Roda2,Matic,120.5,1,10.0,101.9,CVT,Bensin,Liquid-cooled,74.1,132249.0,12751.0,2024,49.49,Hemat
Roda4,City Car,1253.8,3,80.6,943.8,Automatic,Bensin,Liquid-cooled,78.6,216308.0,11269.0,2024,13.0,Boros
Roda2,Matic,131.3,1,11.1,108.3,CVT,Bensin,Liquid-cooled,56.6,222713.0,13069.0,2024,44.84,Hemat
Roda2,Matic,121.7,1,10.8,104.0,CVT,Bensin,Air-cooled,50.5,289495.0,11962.0,2016,40.48,Boros
Roda2,Matic,154.9,1,15.5,122.3,CVT,Bensin,Air-cooled,78.8,154401.0,10827.0,2019,35.0,Boros
Roda2,Matic,156.9,1,15.5,121.6,CVT,Bensin,Air-cooled,57.1,126145.0,10139.0,2017,35.0,Boros
Roda4,SUV,1597.1,4,108.0,1216.9,DCT,Bensin,Liquid-cooled,92.8,278001.0,12358.0,2024,11.2,Hemat
Roda2,Sport Besar,570.6,4,60.7,232.0,Manual,Bensin,Liquid-cooled,21.5,114231.0,11662.0,2022,16.0,Boros
Roda2,Matic,116.5,1,9.6,97.3,CVT,Bensin,Air-cooled,39.3,244834.0,11384.0,2021,47.35,Hemat
Roda2,Sport,179.7,2,19.6,136.2,Manual,Bensin,Liquid-cooled,43.3,166721.0,11921.0,2018,29.52,Boros
Roda2,Matic,156.3,1,15.5,121.3,CVT,Bensin,Liquid-cooled,75.8,240385.0,12715.0,2017,35.0,Boros
Roda4,MPV,1538.5,4,106.8,1284.6,Manual,Bensin,Liquid-cooled,72.5,438566.0,10041.0,2024,11.16,Boros
Roda2,Matic,143.7,1,12.9,118.6,CVT,Bensin,Liquid-cooled,33.8,208620.0,12305.0,2021,35.0,Boros
Roda2,Matic,111.5,1,10.7,96.1,CVT,Bensin,Air-cooled,38.7,79549.0,10650.0,2026,53.51,Hemat
Roda4,SUV,1911.0,4,140.3,1535.6,CVT,Hybrid,Liquid-cooled,20.6,463180.0,14169.0,2023,9.15,Boros
Roda2,Matic,146.3,1,14.9,116.2,CVT,Bensin,Liquid-cooled,26.2,77047.0,12500.0,2023,35.0,Boros
Roda4,MPV,1530.1,4,106.5,1275.3,Automatic,Bensin,Liquid-cooled,55.2,516382.0,12130.0,2023,9.96,Boros
Roda4,City Car,1045.6,3,65.0,800.0,Manual,Bensin,Liquid-cooled,78.5,104658.0,13881.0,2022,20.11,Hemat
Roda2,Sport,164.9,1,18.0,126.7,Manual,Bensin,Liquid-cooled,74.5,112208.0,10934.0,2025,31.91,Boros
Roda4,City Car,1463.4,4,100.3,1100.0,Automatic,Bensin,Liquid-cooled,99.4,428980.0,13131.0,2017,13.0,Boros
Roda2,Sport Besar,419.4,3,48.5,209.9,Manual,Bensin,Liquid-cooled,59.7,197072.0,11872.0,2020,21.03,Boros
Roda4,SUV,1515.1,4,100.0,1223.7,CVT,Bensin,Liquid-cooled,49.6,121936.0,13460.0,2015,14.81,Hemat
Roda2,Sport Besar,259.0,4,26.0,165.1,Manual,Bensin,Liquid-cooled,56.6,251639.0,10388.0,2019,23.12,Hemat
Roda4,MPV,1563.6,4,111.5,1299.4,CVT,Bensin,Liquid-cooled,57.8,553804.0,10541.0,2026,10.12,Boros
Roda2,Sport Besar,598.8,2,64.8,231.7,Manual,Bensin,Liquid-cooled,73.6,139814.0,12732.0,2019,16.0,Boros
Roda4,SUV,1810.3,4,127.1,1405.2,Manual,Hybrid,Liquid-cooled,57.1,163679.0,14303.0,2021,11.42,Hemat
Roda2,Bebek,144.2,1,11.3,108.9,Manual,Bensin,Air-cooled,78.6,68837.0,11192.0,2017,42.0,Boros
Roda4,SUV,1857.0,4,143.5,1512.8,Manual,Diesel,Liquid-cooled,88.1,255110.0,7947.0,2023,8.03,Boros
Roda2,Sport,222.8,1,26.8,158.4,Manual,Bensin,Liquid-cooled,60.8,109270.0,10537.0,2022,28.0,Boros
Roda2,Matic,127.6,1,10.9,107.0,CVT,Bensin,Air-cooled,25.5,118565.0,12136.0,2017,39.66,Boros
Roda2,Bebek,116.8,1,9.6,97.1,Manual,Bensin,Air-cooled,17.7,138656.0,11120.0,2015,42.0,Boros
Roda4,City Car,1175.1,4,78.9,898.4,Manual,Bensin,Liquid-cooled,47.4,481696.0,12011.0,2020,15.16,Hemat
Roda4,MPV,1774.9,4,130.0,1432.5,Manual,Bensin,Liquid-cooled,82.3,402637.0,12057.0,2017,9.0,Boros
Roda2,Sport,182.0,1,19.5,136.8,Manual,Bensin,Liquid-cooled,65.6,211056.0,13128.0,2025,30.26,Boros
Roda4,City Car,1046.1,3,67.2,800.0,Manual,Bensin,Liquid-cooled,82.5,162733.0,13016.0,2020,18.32,Hemat
Roda2,Matic,148.5,1,14.5,121.9,CVT,Bensin,Liquid-cooled,52.2,211844.0,12038.0,2015,35.0,Boros
Roda4,MPV,1747.3,4,122.2,1500.0,CVT,Diesel,Liquid-cooled,96.9,170059.0,11495.0,2023,9.9,Boros
Roda2,Matic,152.4,1,15.3,121.2,CVT,Bensin,Liquid-cooled,46.7,239602.0,11305.0,2017,35.0,Boros
Roda4,SUV,1963.7,4,139.7,1580.5,Manual,Diesel,Liquid-cooled,62.1,251777.0,11116.0,2024,8.3,Boros
Roda2,Bebek,146.6,1,11.7,110.0,Manual,Bensin,Air-cooled,60.7,259104.0,13364.0,2015,42.0,Boros
Roda4,MPV,1598.9,4,114.2,1320.9,Automatic,Diesel,Liquid-cooled,63.4,314040.0,8743.0,2021,10.41,Boros
Roda2,Matic,134.5,1,11.9,109.1,CVT,Bensin,Liquid-cooled,12.2,223869.0,11710.0,2016,42.5,Hemat
Roda2,Sport Besar,322.7,4,26.2,164.7,Manual,Bensin,Liquid-cooled,79.6,139369.0,12445.0,2016,22.83,Hemat
Roda4,City Car,1311.3,3,83.7,916.9,CVT,Bensin,Liquid-cooled,21.9,491196.0,13194.0,2021,13.0,Boros
Roda4,City Car,1217.9,4,99.6,896.1,Automatic,Bensin,Liquid-cooled,57.1,313671.0,13208.0,2019,13.39,Boros
Roda4,MPV,1390.1,4,88.6,1201.4,Automatic,Bensin,Liquid-cooled,17.7,551725.0,10482.0,2018,12.55,Hemat
Roda2,Matic,126.4,1,11.7,101.4,CVT,Bensin,Liquid-cooled,17.9,174764.0,10105.0,2017,35.43,Boros
Roda4,City Car,1427.1,3,98.2,1056.7,Manual,Bensin,Liquid-cooled,42.4,333300.0,12245.0,2015,13.0,Boros
Roda4,City Car,1186.0,3,85.5,914.4,Automatic,Bensin,Liquid-cooled,90.1,127545.0,13109.0,2016,13.0,Boros
Roda4,SUV,1712.7,4,117.1,1346.8,Automatic,Diesel,Liquid-cooled,54.4,170654.0,10669.0,2025,10.84,Boros
Roda2,Matic,155.4,1,16.0,117.8,CVT,Bensin,Liquid-cooled,54.0,142573.0,10882.0,2022,35.0,Boros
Roda4,SUV,1916.9,4,148.8,1527.2,Manual,Bensin,Liquid-cooled,22.2,122743.0,10228.0,2023,8.0,Boros
Roda2,Matic,153.3,1,15.5,122.3,CVT,Bensin,Liquid-cooled,22.9,135274.0,12120.0,2021,35.0,Boros
Roda4,City Car,1295.5,3,91.6,975.5,Manual,Bensin,Liquid-cooled,52.1,244186.0,13849.0,2026,13.0,Boros
Roda4,City Car,1404.6,4,95.3,1082.6,Manual,Bensin,Liquid-cooled,42.3,501825.0,10356.0,2017,13.0,Boros
Roda2,Matic,114.1,1,9.0,100.9,CVT,Bensin,Liquid-cooled,43.5,95159.0,11894.0,2023,53.98,Hemat
Roda2,Matic,145.1,1,14.1,114.9,CVT,Bensin,Liquid-cooled,71.6,152506.0,11880.0,2020,35.0,Boros
Roda4,MPV,1403.9,4,95.3,1203.3,CVT,Bensin,Liquid-cooled,44.5,115511.0,11413.0,2016,11.85,Boros
Roda2,Sport,195.3,2,22.8,142.4,Manual,Bensin,Liquid-cooled,36.1,266754.0,11210.0,2019,28.0,Boros
Roda2,Matic,142.4,1,13.2,113.6,CVT,Bensin,Liquid-cooled,72.3,264762.0,10299.0,2023,35.0,Boros
Roda2,Matic,122.7,1,10.2,103.1,CVT,Bensin,Air-cooled,24.1,157436.0,11927.0,2019,46.72,Hemat
Roda4,MPV,1475.8,4,98.4,1253.7,Automatic,Bensin,Liquid-cooled,70.9,538304.0,12858.0,2020,10.84,Boros
Roda4,SUV,1812.4,4,121.9,1439.0,Automatic,Diesel,Liquid-cooled,64.8,415452.0,11797.0,2026,10.11,Boros
Roda2,Sport,182.2,1,20.3,135.9,Manual,Bensin,Liquid-cooled,39.0,100637.0,12554.0,2026,34.71,Hemat
Roda4,SUV,1500.8,4,100.0,1200.0,Automatic,Bensin,Liquid-cooled,25.6,313240.0,13645.0,2026,9.34,Boros
Roda4,MPV,1342.5,4,95.9,1100.0,Automatic,Bensin,Liquid-cooled,35.4,552558.0,12523.0,2017,12.1,Hemat
Roda4,City Car,1270.0,4,99.9,947.4,Manual,Bensin,Liquid-cooled,59.5,208684.0,13614.0,2024,13.0,Boros
Roda2,Sport,220.9,1,26.5,150.0,Manual,Bensin,Liquid-cooled,23.6,79802.0,13690.0,2025,28.0,Boros
Roda4,City Car,1176.0,3,81.9,853.9,CVT,Bensin,Liquid-cooled,42.0,406092.0,10248.0,2017,13.46,Boros
Roda2,Matic,123.3,1,13.0,102.8,CVT,Bensin,Air-cooled,18.9,175633.0,12189.0,2025,46.8,Hemat
Roda4,SUV,1827.4,4,133.9,1420.7,Manual,Bensin,Liquid-cooled,71.4,115595.0,10624.0,2020,8.0,Boros
Roda2,Bebek,134.0,1,10.3,102.1,Manual,Bensin,Air-cooled,12.3,168899.0,11590.0,2016,42.0,Boros
Roda4,MPV,1468.5,4,109.4,1297.3,CVT,Diesel,Liquid-cooled,63.9,522690.0,12124.0,2016,12.26,Hemat
Roda2,Sport Besar,269.2,3,31.8,160.0,Manual,Bensin,Liquid-cooled,69.3,237720.0,13656.0,2016,26.74,Hemat
Roda2,Bebek,122.7,1,9.0,99.8,Manual,Bensin,Air-cooled,67.2,177537.0,12871.0,2015,44.61,Boros
Roda2,Matic,122.6,1,11.3,98.7,CVT,Bensin,Air-cooled,43.8,199337.0,11843.0,2020,44.36,Hemat
Roda4,SUV,1588.8,4,108.9,1293.3,CVT,Bensin,Liquid-cooled,18.5,126500.0,10744.0,2017,9.53,Boros
Roda4,MPV,1625.8,4,120.9,1378.9,Automatic,Bensin,Liquid-cooled,29.5,142360.0,10154.0,2015,9.0,Boros
Roda4,SUV,1975.2,4,143.2,1588.6,CVT,Diesel,Liquid-cooled,89.0,260738.0,12699.0,2022,8.11,Boros
Roda4,City Car,1434.0,3,101.5,1099.3,Automatic,Bensin,Liquid-cooled,79.7,481006.0,13884.0,2020,13.0,Boros
Roda2,Bebek,118.7,1,9.3,94.8,Manual,Bensin,Air-cooled,66.1,294733.0,13275.0,2026,46.98,Boros
Roda4,City Car,1209.0,3,91.6,891.7,Manual,Bensin,Liquid-cooled,90.5,381049.0,11411.0,2022,14.41,Boros
Roda2,Sport Besar,273.5,2,25.0,176.3,Manual,Bensin,Liquid-cooled,60.7,79174.0,10056.0,2021,28.38,Hemat
Roda2,Matic,150.8,1,14.8,116.0,CVT,Bensin,Liquid-cooled,28.1,73556.0,11229.0,2021,35.0,Boros
Roda4,MPV,1716.7,4,122.7,1452.0,Automatic,Bensin,Liquid-cooled,28.7,349726.0,10198.0,2016,9.0,Boros
Roda2,Matic,151.2,1,15.0,118.0,CVT,Bensin,Liquid-cooled,51.2,132744.0,11802.0,2018,35.0,Boros
Roda2,Bebek,141.5,1,11.3,107.6,Manual,Bensin,Air-cooled,75.2,222382.0,12638.0,2025,42.0,Boros
Roda4,SUV,1902.0,4,146.9,1528.7,DCT,Bensin,Liquid-cooled,66.1,418090.0,12988.0,2016,8.0,Boros
Roda2,Bebek,144.1,1,11.7,107.5,Manual,Bensin,Air-cooled,10.4,254987.0,10892.0,2021,42.0,Boros
Roda4,SUV,1981.6,4,148.0,1600.0,CVT,Hybrid,Liquid-cooled,27.6,563467.0,14349.0,2019,8.2,Boros
Roda4,City Car,1252.8,3,84.8,916.5,Manual,Bensin,Liquid-cooled,51.7,431123.0,10582.0,2018,13.0,Boros
Roda2,Matic,157.5,1,15.3,125.0,CVT,Bensin,Liquid-cooled,75.6,82126.0,10342.0,2019,35.0,Boros
Roda4,SUV,1989.6,4,144.8,1547.5,Manual,Bensin,Liquid-cooled,39.8,430311.0,12227.0,2019,8.0,Boros
Roda2,Matic,120.1,1,10.6,103.1,CVT,Bensin,Liquid-cooled,73.5,83888.0,10566.0,2018,38.84,Boros
Roda4,MPV,1633.7,4,116.5,1342.5,Automatic,Diesel,Liquid-cooled,36.8,161685.0,9125.0,2017,9.0,Boros
Roda4,SUV,1683.7,4,122.4,1307.7,DCT,Diesel,Liquid-cooled,53.4,277908.0,10050.0,2020,11.48,Hemat
Roda4,City Car,1420.2,4,104.2,1063.5,Manual,Bensin,Liquid-cooled,50.9,243363.0,12643.0,2026,13.0,Boros
Roda4,SUV,1920.5,4,148.5,1566.7,CVT,Bensin,Liquid-cooled,16.7,470435.0,11633.0,2018,8.0,Boros
Roda2,Matic,152.8,1,16.0,114.0,CVT,Bensin,Air-cooled,36.7,162669.0,10051.0,2020,35.0,Boros
Roda4,MPV,1541.8,4,109.4,1352.8,Automatic,Diesel,Liquid-cooled,64.5,541566.0,8217.0,2017,9.0,Boros
Roda4,SUV,1518.9,4,100.0,1200.0,Automatic,Diesel,Liquid-cooled,44.5,549505.0,10105.0,2019,13.28,Hemat
Roda2,Sport,184.9,2,21.5,140.2,Manual,Bensin,Liquid-cooled,35.0,50568.0,11084.0,2018,35.26,Hemat
Roda2,Matic,126.5,1,12.5,103.4,CVT,Bensin,Air-cooled,15.0,106690.0,13633.0,2020,44.79,Hemat
Roda2,Matic,141.5,1,13.5,116.7,CVT,Bensin,Liquid-cooled,18.0,257267.0,12968.0,2015,35.0,Boros
Roda4,City Car,1064.9,4,72.1,846.1,Manual,Bensin,Liquid-cooled,28.7,135046.0,12242.0,2019,16.49,Hemat
Roda2,Bebek,122.7,1,9.2,96.4,Manual,Bensin,Air-cooled,18.4,284632.0,10707.0,2016,42.0,Boros
Roda2,Matic,157.3,1,16.0,125.0,CVT,Bensin,Liquid-cooled,61.7,123479.0,12241.0,2026,35.0,Boros
Roda4,City Car,1023.6,3,65.0,832.1,Automatic,Bensin,Liquid-cooled,81.9,465423.0,12241.0,2024,17.67,Hemat
Roda2,Bebek,105.6,1,7.9,92.9,Manual,Bensin,Air-cooled,52.2,251695.0,10612.0,2020,57.15,Hemat
Roda4,MPV,1370.5,4,93.2,1191.1,Manual,Bensin,Liquid-cooled,72.5,100353.0,13741.0,2017,11.64,Boros
Roda2,Matic,130.4,1,11.5,107.8,CVT,Bensin,Air-cooled,16.1,225428.0,10205.0,2020,35.0,Boros
Roda2,Bebek,143.2,1,11.6,107.2,Manual,Bensin,Air-cooled,70.8,244149.0,13007.0,2023,42.0,Boros
Roda2,Matic,145.9,1,13.8,115.2,CVT,Bensin,Air-cooled,55.1,199926.0,11365.0,2020,35.0,Boros
Roda4,City Car,1008.5,3,65.0,832.3,CVT,Bensin,Liquid-cooled,48.0,179350.0,11254.0,2018,20.64,Hemat
Roda2,Sport Besar,307.2,4,25.0,168.6,Manual,Bensin,Liquid-cooled,19.1,132668.0,11234.0,2018,21.42,Boros
Roda2,Matic,118.2,1,10.1,101.0,CVT,Bensin,Air-cooled,34.2,219286.0,10798.0,2022,49.3,Hemat
Roda4,City Car,1455.8,3,103.3,1066.0,CVT,Bensin,Liquid-cooled,22.8,551051.0,12906.0,2015,13.0,Boros
Roda4,MPV,1510.4,4,101.2,1282.7,Automatic,Bensin,Liquid-cooled,29.2,517008.0,10132.0,2024,11.16,Boros
Roda2,Sport,208.1,1,24.4,152.4,Manual,Bensin,Liquid-cooled,32.4,205790.0,12329.0,2022,28.0,Boros
Roda4,City Car,1463.0,3,101.8,1100.0,Manual,Bensin,Liquid-cooled,53.5,165276.0,11524.0,2024,13.0,Boros
Roda4,City Car,1454.2,3,101.5,1092.4,CVT,Bensin,Liquid-cooled,52.0,432199.0,12312.0,2025,13.1,Boros
Roda2,Sport,247.8,1,29.5,162.9,Manual,Bensin,Liquid-cooled,30.1,131980.0,11653.0,2016,28.0,Boros
Roda2,Matic,129.6,1,11.7,111.8,CVT,Bensin,Air-cooled,61.4,57694.0,12408.0,2016,43.95,Hemat
Roda4,City Car,1110.5,3,73.2,887.6,Manual,Bensin,Liquid-cooled,97.4,598565.0,12665.0,2022,18.21,Hemat
Roda4,SUV,1575.8,4,104.0,1315.1,CVT,Bensin,Liquid-cooled,47.4,496082.0,10229.0,2020,12.44,Hemat
Roda2,Bebek,120.9,1,9.6,95.1,Manual,Bensin,Air-cooled,75.2,215200.0,12911.0,2016,42.0,Boros
Roda4,SUV,1734.3,4,129.7,1402.9,CVT,Hybrid,Liquid-cooled,66.5,175813.0,14361.0,2022,11.14,Hemat
Roda2,Matic,159.6,1,16.0,125.0,CVT,Bensin,Liquid-cooled,13.3,286937.0,10502.0,2026,35.0,Boros
Roda4,MPV,1617.6,4,113.8,1280.2,Automatic,Bensin,Liquid-cooled,54.6,472737.0,10812.0,2020,9.34,Boros
Roda2,Matic,152.6,1,16.0,121.9,CVT,Bensin,Liquid-cooled,10.1,275164.0,12224.0,2022,35.0,Boros
Roda2,Matic,142.1,1,14.2,114.2,CVT,Bensin,Air-cooled,18.0,297929.0,11180.0,2017,35.91,Boros
Roda4,SUV,1720.9,4,120.3,1445.1,Automatic,Diesel,Liquid-cooled,90.7,589550.0,7353.0,2023,8.07,Boros
Roda4,SUV,1742.0,4,129.8,1347.5,Manual,Bensin,Liquid-cooled,65.8,416240.0,12029.0,2022,9.9,Boros
Roda2,Matic,151.8,1,13.5,119.7,CVT,Bensin,Air-cooled,50.7,180518.0,11291.0,2015,35.0,Boros
Roda4,MPV,1395.3,4,103.6,1229.3,Automatic,Bensin,Liquid-cooled,40.7,195386.0,10211.0,2024,11.8,Boros
Roda4,MPV,1355.6,4,91.9,1129.4,CVT,Diesel,Liquid-cooled,78.8,198774.0,12837.0,2026,16.33,Hemat
Roda4,SUV,1726.0,4,122.4,1423.4,CVT,Diesel,Liquid-cooled,15.9,577261.0,8805.0,2024,11.6,Hemat
Roda4,City Car,1358.0,4,89.9,942.5,Automatic,Bensin,Liquid-cooled,57.1,433921.0,12741.0,2022,13.0,Boros
Roda4,SUV,1742.8,4,113.6,1361.5,CVT,Hybrid,Liquid-cooled,29.4,340907.0,14051.0,2016,12.07,Hemat
Roda2,Sport Besar,343.9,4,34.3,182.1,Manual,Bensin,Liquid-cooled,40.8,121137.0,11289.0,2017,19.86,Boros
Roda2,Matic,149.4,1,14.3,112.7,CVT,Bensin,Air-cooled,76.9,233527.0,12581.0,2018,35.0,Boros
Roda4,SUV,1860.3,4,136.2,1583.6,Automatic,Diesel,Liquid-cooled,57.6,579245.0,10528.0,2017,8.48,Boros
Roda2,Sport,185.4,1,17.0,140.9,Manual,Bensin,Liquid-cooled,61.8,63752.0,11242.0,2024,28.0,Boros
Roda4,SUV,1790.6,4,128.2,1390.5,CVT,Hybrid,Liquid-cooled,77.7,573616.0,14052.0,2022,10.05,Boros
Roda2,Matic,143.1,1,13.3,110.2,CVT,Bensin,Liquid-cooled,75.2,121480.0,11666.0,2022,35.0,Boros
Roda4,SUV,1608.4,4,119.0,1295.7,CVT,Hybrid,Liquid-cooled,93.1,201642.0,14367.0,2026,14.79,Hemat
Roda2,Bebek,144.6,1,11.9,108.2,Manual,Bensin,Air-cooled,29.4,292883.0,11292.0,2017,42.0,Boros
Roda2,Bebek,106.5,1,8.0,95.2,Manual,Bensin,Air-cooled,53.5,104965.0,11735.0,2024,58.35,Hemat
Roda2,Sport,156.8,2,15.3,129.4,Manual,Bensin,Liquid-cooled,19.4,96122.0,12988.0,2019,35.3,Hemat
Roda2,Sport,153.9,1,15.1,122.2,Manual,Bensin,Liquid-cooled,39.8,114619.0,10124.0,2019,38.22,Hemat
Roda2,Sport,152.7,2,17.9,120.0,Manual,Bensin,Liquid-cooled,73.5,87871.0,11500.0,2015,30.99,Boros
Roda4,MPV,1467.1,4,97.0,1234.6,Manual,Diesel,Liquid-cooled,19.1,127985.0,8520.0,2025,14.45,Hemat
Roda2,Sport Besar,575.5,3,49.5,239.8,Manual,Bensin,Liquid-cooled,40.2,70782.0,12035.0,2026,16.0,Boros
Roda2,Bebek,115.5,1,9.1,96.2,Manual,Bensin,Air-cooled,18.4,131961.0,13181.0,2018,47.88,Boros
Roda4,City Car,1444.9,4,105.0,1100.0,CVT,Bensin,Liquid-cooled,41.5,287087.0,13101.0,2023,13.0,Boros
Roda4,MPV,1659.0,4,114.5,1377.4,CVT,Diesel,Liquid-cooled,76.2,352845.0,7492.0,2022,9.0,Boros
Roda4,MPV,1794.0,4,126.5,1500.0,Manual,Bensin,Liquid-cooled,87.7,559891.0,13210.0,2016,9.0,Boros
Roda4,SUV,1504.4,4,100.5,1211.2,Automatic,Hybrid,Liquid-cooled,85.6,209530.0,14084.0,2017,13.23,Hemat
Roda4,City Car,1486.3,3,105.0,1063.8,Manual,Bensin,Liquid-cooled,80.0,116740.0,12710.0,2026,13.0,Boros
Roda4,SUV,1838.3,4,137.9,1451.0,DCT,Bensin,Liquid-cooled,73.5,405078.0,12040.0,2015,8.0,Boros
Roda4,MPV,1692.3,4,113.3,1448.5,CVT,Bensin,Liquid-cooled,42.7,536387.0,11571.0,2026,9.0,Boros
Roda2,Matic,149.7,1,15.5,116.6,CVT,Bensin,Liquid-cooled,55.8,113590.0,11685.0,2019,35.0,Boros
Roda4,SUV,1505.9,4,100.0,1251.4,DCT,Diesel,Liquid-cooled,21.1,594554.0,12473.0,2025,11.93,Hemat
Roda4,MPV,1526.8,4,101.8,1307.0,CVT,Bensin,Liquid-cooled,69.3,494138.0,10265.0,2021,10.38,Boros
Roda2,Sport Besar,348.5,3,39.5,180.2,Manual,Bensin,Liquid-cooled,11.2,145685.0,12499.0,2022,20.91,Boros
Roda2,Bebek,133.7,1,9.9,101.3,Manual,Bensin,Air-cooled,29.3,105903.0,13343.0,2018,42.0,Boros
Roda2,Sport Besar,265.2,4,25.0,160.0,Manual,Bensin,Liquid-cooled,77.6,135333.0,12711.0,2021,29.51,Hemat
Roda4,MPV,1360.3,4,89.1,1142.0,Manual,Diesel,Liquid-cooled,18.4,337697.0,9492.0,2020,15.01,Hemat
Roda2,Sport Besar,559.7,3,54.2,226.4,Manual,Bensin,Liquid-cooled,62.4,160575.0,11471.0,2018,16.0,Boros
Roda2,Sport,216.5,2,25.8,157.8,Manual,Bensin,Liquid-cooled,29.3,214756.0,11498.0,2016,28.0,Boros
Roda4,City Car,1034.4,3,67.3,800.0,Manual,Bensin,Liquid-cooled,45.8,559417.0,11950.0,2019,18.32,Hemat
Roda4,SUV,1666.3,4,107.5,1310.2,Automatic,Bensin,Liquid-cooled,97.1,447909.0,10668.0,2015,9.4,Boros
Roda2,Sport,156.5,1,16.9,122.9,Manual,Bensin,Liquid-cooled,31.2,244827.0,11258.0,2019,33.74,Hemat
Roda4,City Car,1439.6,3,103.4,1050.0,Automatic,Bensin,Liquid-cooled,33.9,358910.0,10269.0,2021,13.0,Boros
Roda4,SUV,1515.8,4,109.9,1206.9,CVT,Bensin,Liquid-cooled,27.8,461102.0,11074.0,2018,13.61,Hemat
Roda4,MPV,1762.2,4,130.0,1461.8,Automatic,Bensin,Liquid-cooled,47.7,121913.0,11403.0,2022,9.0,Boros
Roda4,City Car,1451.9,3,93.1,1018.9,Manual,Bensin,Liquid-cooled,25.9,582411.0,13117.0,2023,13.0,Boros
Roda2,Sport,220.5,2,26.6,153.4,Manual,Bensin,Liquid-cooled,79.2,88348.0,12343.0,2019,28.0,Boros
Roda4,MPV,1760.9,4,128.0,1366.1,Manual,Diesel,Liquid-cooled,37.8,543364.0,9877.0,2017,9.0,Boros
Roda2,Matic,148.3,1,15.4,112.0,CVT,Bensin,Liquid-cooled,33.1,53739.0,10215.0,2021,35.0,Boros
Roda4,City Car,1270.1,3,81.0,943.6,Automatic,Bensin,Liquid-cooled,66.9,138956.0,12600.0,2018,14.52,Boros
Roda4,MPV,1533.1,4,115.9,1288.9,CVT,Diesel,Liquid-cooled,64.3,569077.0,10920.0,2015,12.64,Hemat
Roda4,SUV,1624.9,4,125.8,1276.7,CVT,Bensin,Liquid-cooled,95.9,406246.0,10456.0,2016,9.98,Boros
Roda4,City Car,1039.1,4,69.6,868.2,CVT,Bensin,Liquid-cooled,70.4,327779.0,11493.0,2015,15.24,Hemat
Roda4,MPV,1322.1,4,85.4,1100.0,Manual,Bensin,Liquid-cooled,39.5,257839.0,11515.0,2025,15.14,Hemat
Roda4,City Car,1201.6,4,84.0,950.0,Automatic,Bensin,Liquid-cooled,88.3,575893.0,11738.0,2023,14.1,Boros
Roda2,Bebek,113.3,1,8.0,93.4,Manual,Bensin,Air-cooled,73.9,202591.0,12131.0,2016,46.73,Boros
Roda2,Sport Besar,437.7,3,46.8,200.6,Manual,Bensin,Liquid-cooled,26.6,103446.0,11362.0,2021,18.69,Boros
Roda4,MPV,1426.0,4,92.7,1243.8,CVT,Diesel,Liquid-cooled,35.0,339426.0,11246.0,2023,14.49,Hemat
Roda2,Matic,141.3,1,13.7,117.0,CVT,Bensin,Liquid-cooled,34.9,97820.0,13340.0,2018,35.0,Boros
Roda4,MPV,1414.6,4,98.5,1179.8,CVT,Bensin,Liquid-cooled,87.3,589535.0,12632.0,2015,13.07,Hemat
Roda4,City Car,1042.9,3,67.8,858.2,Manual,Bensin,Liquid-cooled,34.0,223643.0,12100.0,2017,16.25,Hemat
Roda2,Sport Besar,418.0,3,41.7,209.6,Manual,Bensin,Liquid-cooled,74.5,255712.0,13759.0,2022,17.32,Boros
Roda4,MPV,1737.6,4,120.1,1500.0,Automatic,Bensin,Liquid-cooled,60.7,501814.0,13422.0,2025,9.0,Boros
Roda4,SUV,1975.5,4,147.3,1600.0,DCT,Hybrid,Liquid-cooled,20.1,245779.0,13916.0,2019,8.04,Boros
Roda2,Sport Besar,274.1,2,25.5,161.0,Manual,Bensin,Liquid-cooled,19.7,213425.0,11856.0,2023,27.5,Hemat
Roda2,Matic,124.6,1,10.9,111.2,CVT,Bensin,Air-cooled,57.2,221559.0,12545.0,2019,42.77,Hemat
Roda2,Sport,191.5,2,21.5,144.3,Manual,Bensin,Liquid-cooled,56.5,64167.0,10110.0,2017,30.0,Boros
Roda4,SUV,1770.4,4,129.8,1395.5,DCT,Hybrid,Liquid-cooled,82.0,552007.0,14227.0,2017,11.42,Hemat
Roda2,Matic,125.0,1,11.0,107.6,CVT,Bensin,Liquid-cooled,67.5,217962.0,11916.0,2021,46.09,Hemat
Roda4,SUV,1791.7,4,133.2,1456.4,Manual,Bensin,Liquid-cooled,70.0,288783.0,11679.0,2017,8.0,Boros
Roda4,SUV,1554.0,4,103.2,1200.0,DCT,Bensin,Liquid-cooled,21.3,362702.0,13499.0,2017,9.74,Boros
Roda4,SUV,1809.0,4,128.9,1460.4,Automatic,Hybrid,Liquid-cooled,62.0,271455.0,13956.0,2019,9.51,Boros
Roda4,City Car,1328.0,4,91.3,1024.2,Manual,Bensin,Liquid-cooled,28.5,186654.0,11283.0,2023,13.0,Boros
Roda2,Bebek,102.6,1,8.1,90.0,Manual,Bensin,Air-cooled,50.8,166051.0,12415.0,2024,65.0,Hemat
Roda4,MPV,1685.3,4,119.9,1389.7,Manual,Diesel,Liquid-cooled,23.2,555796.0,10821.0,2026,10.87,Boros
Roda2,Sport,208.5,2,25.8,149.5,Manual,Bensin,Liquid-cooled,39.9,65451.0,13178.0,2024,29.15,Boros
Roda4,MPV,1689.6,4,129.4,1400.4,Automatic,Diesel,Liquid-cooled,70.7,388648.0,6901.0,2026,9.0,Boros
Roda2,Sport,166.4,1,17.1,133.7,Manual,Bensin,Liquid-cooled,13.2,252715.0,11694.0,2025,31.92,Boros
Roda4,MPV,1781.2,4,123.1,1381.5,CVT,Diesel,Liquid-cooled,51.2,526496.0,8576.0,2022,9.5,Boros
Roda4,MPV,1737.2,4,121.4,1456.1,Automatic,Diesel,Liquid-cooled,34.6,396060.0,7763.0,2022,9.0,Boros
Roda4,SUV,1503.2,4,100.0,1200.0,Manual,Bensin,Liquid-cooled,18.6,228647.0,10684.0,2026,12.22,Hemat
Roda4,MPV,1759.6,4,125.1,1472.2,CVT,Diesel,Liquid-cooled,18.7,481099.0,8602.0,2015,9.0,Boros
Roda2,Sport,161.6,1,15.7,121.9,Manual,Bensin,Liquid-cooled,61.9,220734.0,13315.0,2017,37.6,Hemat
Roda4,MPV,1665.4,4,111.2,1355.0,Manual,Bensin,Liquid-cooled,82.2,515075.0,11129.0,2026,9.0,Boros
Roda4,SUV,1631.0,4,106.5,1270.1,DCT,Hybrid,Liquid-cooled,25.0,343486.0,14357.0,2016,13.78,Hemat
Roda4,MPV,1754.5,4,126.5,1437.4,Automatic,Diesel,Liquid-cooled,98.2,160460.0,10624.0,2018,9.0,Boros
Roda2,Bebek,113.6,1,8.2,93.8,Manual,Bensin,Air-cooled,38.4,105122.0,12974.0,2020,44.99,Boros
Roda2,Sport,214.9,2,24.5,157.5,Manual,Bensin,Liquid-cooled,77.5,295555.0,12939.0,2016,28.0,Boros
Roda4,City Car,1139.6,3,81.7,882.5,CVT,Bensin,Liquid-cooled,23.8,527981.0,13366.0,2022,18.88,Hemat
Roda2,Sport Besar,587.5,2,63.1,233.2,Manual,Bensin,Liquid-cooled,68.8,275875.0,13683.0,2018,16.0,Boros
Roda4,SUV,1965.6,4,144.5,1600.0,Manual,Hybrid,Liquid-cooled,71.1,142679.0,14392.0,2016,8.0,Boros
Roda4,City Car,1262.7,4,91.5,977.2,Manual,Bensin,Liquid-cooled,55.0,450167.0,11176.0,2022,14.62,Boros
Roda4,MPV,1525.8,4,100.7,1230.1,Automatic,Diesel,Liquid-cooled,41.3,381242.0,11278.0,2019,13.0,Hemat
Roda4,SUV,1682.6,4,120.7,1358.4,Manual,Diesel,Liquid-cooled,82.7,387729.0,13162.0,2015,10.21,Boros
Roda4,MPV,1469.3,4,103.2,1242.3,CVT,Diesel,Liquid-cooled,74.4,337561.0,9484.0,2023,14.09,Hemat
Roda2,Bebek,110.2,1,8.0,97.8,Manual,Bensin,Air-cooled,33.9,255314.0,10431.0,2024,56.31,Hemat
Roda2,Sport Besar,586.3,4,70.0,237.1,Manual,Bensin,Liquid-cooled,38.6,84359.0,12458.0,2018,16.0,Boros
Roda4,MPV,1713.9,4,124.9,1483.0,CVT,Diesel,Liquid-cooled,42.4,463632.0,12594.0,2022,9.48,Boros
Roda4,City Car,1009.3,3,65.0,829.7,CVT,Bensin,Liquid-cooled,97.5,521732.0,11178.0,2026,20.62,Hemat
Roda2,Sport Besar,309.8,3,38.0,173.4,Manual,Bensin,Liquid-cooled,42.9,280662.0,11160.0,2023,22.32,Hemat
Roda2,Matic,134.7,1,12.9,108.2,CVT,Bensin,Air-cooled,41.1,154134.0,11274.0,2019,35.0,Boros
Roda4,City Car,1163.6,3,74.6,895.7,Automatic,Bensin,Liquid-cooled,65.9,563834.0,13053.0,2026,17.42,Hemat
Roda4,MPV,1414.4,4,98.1,1191.6,CVT,Bensin,Liquid-cooled,35.3,199067.0,11986.0,2025,13.07,Hemat
Roda4,City Car,1097.9,4,71.3,863.6,Manual,Bensin,Liquid-cooled,80.5,371121.0,13709.0,2022,16.06,Hemat
Roda4,SUV,1569.8,4,108.6,1282.1,Automatic,Bensin,Liquid-cooled,45.7,445425.0,12947.0,2022,11.28,Hemat
Roda2,Matic,150.5,1,14.6,120.2,CVT,Bensin,Liquid-cooled,49.4,128342.0,11151.0,2024,35.0,Boros
Roda4,SUV,1967.4,4,141.6,1534.7,Manual,Hybrid,Liquid-cooled,26.0,260651.0,14217.0,2023,8.0,Boros
Roda4,City Car,1155.6,3,80.8,908.4,Manual,Bensin,Liquid-cooled,45.3,202639.0,10791.0,2016,16.83,Hemat
Roda4,City Car,1342.4,4,94.1,971.0,Manual,Bensin,Liquid-cooled,53.3,288562.0,13694.0,2025,13.17,Boros
Roda2,Matic,112.4,1,9.3,96.8,CVT,Bensin,Air-cooled,79.8,120268.0,12605.0,2024,52.07,Hemat
Roda4,SUV,1869.6,4,140.7,1447.4,DCT,Bensin,Liquid-cooled,51.7,522004.0,12233.0,2015,8.0,Boros
Roda4,City Car,1423.5,4,105.0,1070.4,CVT,Bensin,Liquid-cooled,23.9,527270.0,10160.0,2018,13.0,Boros
Roda4,SUV,1818.5,4,134.7,1443.2,Manual,Bensin,Liquid-cooled,84.0,492244.0,10862.0,2016,8.0,Boros
Roda4,MPV,1696.0,4,124.8,1369.6,Manual,Bensin,Liquid-cooled,28.5,545560.0,11800.0,2016,9.0,Boros
Roda4,SUV,1925.6,4,141.4,1462.9,Manual,Bensin,Liquid-cooled,82.6,316629.0,12174.0,2021,8.0,Boros
Roda4,SUV,1834.3,4,136.2,1396.2,CVT,Bensin,Liquid-cooled,40.9,489100.0,13224.0,2019,8.0,Boros
Roda4,MPV,1738.8,4,117.2,1500.0,CVT,Bensin,Liquid-cooled,74.9,444950.0,12010.0,2020,9.0,Boros
Roda4,MPV,1689.1,4,123.0,1464.8,CVT,Bensin,Liquid-cooled,31.5,557371.0,13272.0,2022,9.0,Boros
Roda4,City Car,1125.2,4,79.7,915.9,CVT,Bensin,Liquid-cooled,95.2,593165.0,12051.0,2019,17.58,Hemat
Roda4,MPV,1377.4,4,85.0,1156.3,CVT,Diesel,Liquid-cooled,88.0,103990.0,13179.0,2017,15.09,Hemat
Roda4,SUV,1602.1,4,100.0,1324.5,Automatic,Bensin,Liquid-cooled,95.7,239409.0,13448.0,2024,10.17,Boros
Roda4,MPV,1375.0,4,95.8,1140.8,Manual,Diesel,Liquid-cooled,64.2,182392.0,9830.0,2023,14.32,Hemat
Roda2,Sport,230.3,2,26.4,159.2,Manual,Bensin,Liquid-cooled,23.3,229818.0,11789.0,2025,28.0,Boros
Roda4,MPV,1684.0,4,120.8,1404.9,CVT,Diesel,Liquid-cooled,71.6,415759.0,12261.0,2026,9.82,Boros
Roda4,SUV,1619.2,4,108.1,1253.7,Manual,Diesel,Liquid-cooled,19.9,562761.0,8100.0,2021,12.15,Hemat
Roda4,City Car,1170.4,3,80.4,869.6,Manual,Bensin,Liquid-cooled,47.6,303751.0,11689.0,2018,16.6,Hemat
Roda4,MPV,1756.2,4,125.8,1479.7,Manual,Bensin,Liquid-cooled,78.5,116224.0,11515.0,2026,9.0,Boros
Roda4,MPV,1581.4,4,112.7,1324.4,Manual,Bensin,Liquid-cooled,31.7,555523.0,13140.0,2015,9.0,Boros
Roda2,Sport Besar,647.2,4,65.9,250.0,Manual,Bensin,Liquid-cooled,12.9,108643.0,13153.0,2024,16.0,Boros
Roda2,Sport,212.7,1,24.3,150.6,Manual,Bensin,Liquid-cooled,59.0,265768.0,10704.0,2023,28.71,Boros
Roda4,City Car,1137.8,4,76.6,903.2,CVT,Bensin,Liquid-cooled,53.0,179326.0,13496.0,2026,17.79,Hemat
Roda2,Matic,147.6,1,14.1,114.3,CVT,Bensin,Liquid-cooled,34.5,247790.0,12443.0,2016,35.0,Boros
Roda4,MPV,1400.3,4,90.0,1147.8,Automatic,Diesel,Liquid-cooled,46.3,188206.0,8996.0,2024,16.81,Hemat
Roda4,City Car,1202.5,3,77.4,900.5,Manual,Bensin,Liquid-cooled,55.8,502959.0,12588.0,2026,16.99,Hemat
Roda2,Matic,126.4,1,10.6,102.0,CVT,Bensin,Air-cooled,11.4,180998.0,11970.0,2020,45.43,Hemat
Roda4,City Car,1349.0,3,96.3,1005.9,Manual,Bensin,Liquid-cooled,38.6,521283.0,13895.0,2026,13.0,Boros
Roda4,SUV,1859.4,4,126.9,1454.2,DCT,Bensin,Liquid-cooled,58.5,313562.0,10778.0,2016,8.66,Boros
Roda4,MPV,1793.2,4,130.0,1500.0,Manual,Bensin,Liquid-cooled,52.8,457098.0,13043.0,2018,9.0,Boros
Roda4,MPV,1400.6,4,91.2,1227.8,Manual,Diesel,Liquid-cooled,60.2,402630.0,10522.0,2019,13.94,Hemat
Roda4,SUV,1571.3,4,100.0,1241.7,Automatic,Bensin,Liquid-cooled,38.5,309981.0,13245.0,2023,11.34,Hemat
Roda2,Bebek,147.6,1,11.6,110.0,Manual,Bensin,Air-cooled,59.6,267742.0,12785.0,2023,42.0,Boros
Roda2,Matic,138.9,1,12.8,110.1,CVT,Bensin,Liquid-cooled,13.1,127390.0,11140.0,2026,35.0,Boros
Roda2,Matic,144.0,1,14.2,119.0,CVT,Bensin,Liquid-cooled,44.3,129221.0,11309.0,2019,37.51,Boros
Roda4,City Car,1283.1,3,86.4,950.9,Manual,Bensin,Liquid-cooled,70.4,197554.0,12746.0,2020,13.0,Boros
Roda4,SUV,1883.4,4,142.2,1537.1,DCT,Hybrid,Liquid-cooled,55.2,517267.0,13983.0,2020,10.59,Boros
Roda4,City Car,1325.1,4,87.8,1037.6,Automatic,Bensin,Liquid-cooled,89.5,103829.0,12962.0,2015,13.0,Boros
Roda4,MPV,1424.7,4,94.5,1154.3,Automatic,Diesel,Liquid-cooled,30.4,501631.0,11191.0,2017,13.76,Hemat
Roda2,Matic,135.9,1,12.9,113.3,CVT,Bensin,Air-cooled,72.1,190571.0,10983.0,2019,35.3,Boros
Roda2,Sport,179.0,2,19.1,131.4,Manual,Bensin,Liquid-cooled,63.4,232434.0,13199.0,2022,35.12,Hemat
Roda2,Bebek,139.0,1,10.6,107.2,Manual,Bensin,Air-cooled,57.0,252382.0,12990.0,2026,42.0,Boros
Roda4,SUV,1573.0,4,105.1,1239.5,Manual,Diesel,Liquid-cooled,59.9,265077.0,11722.0,2016,13.04,Hemat
Roda4,MPV,1635.6,4,120.5,1363.4,Manual,Diesel,Liquid-cooled,97.8,525513.0,7232.0,2015,9.0,Boros
Roda2,Sport,195.3,1,22.2,143.5,Manual,Bensin,Liquid-cooled,36.7,132512.0,10714.0,2026,28.97,Boros
Roda2,Sport,158.1,2,15.7,121.5,Manual,Bensin,Liquid-cooled,75.8,229831.0,10243.0,2021,33.89,Hemat
Roda2,Bebek,145.5,1,11.1,110.0,Manual,Bensin,Air-cooled,38.5,81391.0,10668.0,2018,42.0,Boros
Roda2,Matic,123.8,1,11.6,101.8,CVT,Bensin,Air-cooled,50.8,184596.0,11772.0,2021,49.63,Hemat
Roda4,MPV,1651.3,4,123.7,1322.3,Automatic,Diesel,Liquid-cooled,23.5,348265.0,12864.0,2025,9.42,Boros
Roda4,MPV,1300.1,4,85.0,1113.6,CVT,Diesel,Liquid-cooled,49.7,139232.0,11166.0,2016,16.27,Hemat
Roda2,Bebek,103.3,1,8.1,90.0,Manual,Bensin,Air-cooled,45.9,220057.0,10163.0,2026,58.41,Hemat
Roda2,Matic,155.5,1,14.9,122.1,CVT,Bensin,Liquid-cooled,27.9,188259.0,10686.0,2016,35.0,Boros
Roda2,Matic,142.0,1,13.4,112.4,CVT,Bensin,Air-cooled,49.7,282084.0,10214.0,2020,41.75,Boros
Roda4,MPV,1682.8,4,128.1,1437.9,CVT,Diesel,Liquid-cooled,21.5,200562.0,11622.0,2023,9.92,Boros
Roda2,Sport,194.0,2,22.4,138.0,Manual,Bensin,Liquid-cooled,63.1,255010.0,13600.0,2021,29.45,Boros
Roda4,City Car,1394.4,4,90.2,1031.6,CVT,Bensin,Liquid-cooled,64.8,174792.0,12603.0,2016,13.0,Boros
Roda2,Matic,138.6,1,12.4,115.9,CVT,Bensin,Air-cooled,27.3,290017.0,10263.0,2019,39.96,Boros
Roda4,MPV,1706.6,4,122.1,1411.5,Automatic,Bensin,Liquid-cooled,79.7,371503.0,10706.0,2017,9.0,Boros
Roda2,Matic,116.2,1,10.1,95.0,CVT,Bensin,Air-cooled,36.3,227434.0,13166.0,2018,44.94,Hemat
Roda2,Matic,145.7,1,14.4,116.7,CVT,Bensin,Liquid-cooled,19.7,50847.0,10957.0,2025,37.62,Boros
Roda4,City Car,1265.1,3,91.1,1000.5,Manual,Bensin,Liquid-cooled,56.7,136070.0,13279.0,2018,13.0,Boros
Roda4,City Car,1482.8,3,105.0,1063.2,Automatic,Bensin,Liquid-cooled,44.4,144614.0,13002.0,2015,13.0,Boros
Roda4,City Car,1067.5,3,69.1,856.5,CVT,Bensin,Liquid-cooled,42.2,272286.0,10905.0,2015,17.06,Hemat
Roda2,Matic,122.6,1,9.8,100.1,CVT,Bensin,Air-cooled,70.3,253276.0,10130.0,2026,47.74,Hemat
Roda4,City Car,1139.2,3,75.0,866.4,CVT,Bensin,Liquid-cooled,88.3,497785.0,11208.0,2022,14.34,Boros
Roda2,Sport Besar,383.1,4,36.2,175.1,Manual,Bensin,Liquid-cooled,16.9,119818.0,10426.0,2021,22.0,Hemat
Roda4,MPV,1479.2,4,105.5,1267.0,Manual,Bensin,Liquid-cooled,69.6,424078.0,12162.0,2026,12.48,Hemat
Roda4,City Car,1366.3,4,92.4,1043.2,Automatic,Bensin,Liquid-cooled,33.4,542052.0,11797.0,2026,13.0,Boros
Roda4,City Car,1056.4,3,70.2,800.0,Automatic,Bensin,Liquid-cooled,30.0,358143.0,11472.0,2017,14.07,Boros
Roda2,Bebek,139.5,1,11.1,105.1,Manual,Bensin,Air-cooled,42.7,58615.0,13781.0,2018,42.0,Boros
Roda4,SUV,1773.1,4,123.5,1472.5,CVT,Hybrid,Liquid-cooled,91.4,274268.0,14357.0,2019,10.71,Boros
Roda2,Matic,157.3,1,16.0,125.0,CVT,Bensin,Liquid-cooled,38.3,90492.0,12733.0,2017,35.0,Boros
Roda4,MPV,1516.3,4,108.6,1263.3,Automatic,Bensin,Liquid-cooled,71.2,399516.0,13502.0,2024,10.62,Boros
Roda2,Sport Besar,284.9,4,25.0,169.8,Manual,Bensin,Liquid-cooled,32.1,284764.0,11025.0,2019,20.58,Boros
Roda2,Bebek,133.8,1,10.3,102.3,Manual,Bensin,Air-cooled,37.3,232465.0,13441.0,2015,42.0,Boros
Roda2,Matic,122.2,1,10.4,103.1,CVT,Bensin,Air-cooled,79.6,77792.0,12302.0,2015,44.28,Hemat
Roda4,City Car,1123.2,4,79.2,863.3,Manual,Bensin,Liquid-cooled,64.7,359577.0,11034.0,2026,18.12,Hemat
Roda2,Sport,241.6,1,28.9,168.5,Manual,Bensin,Liquid-cooled,54.7,206211.0,12328.0,2017,28.0,Boros
Roda4,MPV,1463.4,4,105.6,1261.3,CVT,Diesel,Liquid-cooled,28.4,336754.0,12965.0,2023,12.61,Hemat
Roda4,MPV,1415.5,4,89.9,1207.1,CVT,Bensin,Liquid-cooled,20.6,545903.0,13893.0,2019,12.35,Hemat
Roda2,Matic,129.8,1,12.5,102.1,CVT,Bensin,Liquid-cooled,29.9,140843.0,11812.0,2025,47.02,Hemat
Roda4,MPV,1405.7,4,105.0,1100.0,Manual,Bensin,Liquid-cooled,61.1,436108.0,10828.0,2020,11.82,Boros
Roda4,SUV,1741.8,4,126.3,1386.9,DCT,Hybrid,Liquid-cooled,79.1,460006.0,14349.0,2020,11.7,Hemat
Roda4,MPV,1376.3,4,92.1,1224.0,Automatic,Bensin,Liquid-cooled,19.9,343653.0,11645.0,2020,12.43,Hemat
Roda4,SUV,1524.6,4,102.4,1251.6,CVT,Hybrid,Liquid-cooled,60.2,304972.0,14234.0,2022,14.38,Hemat
Roda2,Sport,184.6,1,19.8,138.9,Manual,Bensin,Liquid-cooled,63.8,295040.0,13553.0,2022,28.0,Boros
Roda2,Sport Besar,570.9,2,57.2,229.4,Manual,Bensin,Liquid-cooled,52.8,201179.0,11869.0,2023,16.0,Boros
Roda4,MPV,1787.5,4,130.0,1500.0,Automatic,Bensin,Liquid-cooled,25.7,357271.0,13025.0,2024,9.0,Boros
Roda4,MPV,1435.7,4,100.9,1304.7,Automatic,Bensin,Liquid-cooled,99.5,593672.0,13829.0,2018,9.0,Boros
Roda2,Sport Besar,404.2,3,49.7,210.8,Manual,Bensin,Liquid-cooled,36.4,94936.0,11932.0,2018,17.08,Boros
Roda2,Sport,232.0,2,27.6,163.4,Manual,Bensin,Liquid-cooled,45.6,83469.0,11503.0,2017,28.0,Boros
Roda2,Sport,192.2,2,20.1,142.5,Manual,Bensin,Liquid-cooled,16.6,190742.0,12971.0,2024,28.0,Boros
Roda4,City Car,1383.8,3,93.1,1004.2,Automatic,Bensin,Liquid-cooled,36.4,192919.0,10588.0,2016,13.0,Boros
Roda2,Bebek,118.2,1,9.0,97.0,Manual,Bensin,Air-cooled,25.1,206867.0,13602.0,2015,43.64,Boros
Roda4,MPV,1779.4,4,121.4,1438.3,Automatic,Bensin,Liquid-cooled,33.2,180734.0,10751.0,2015,9.0,Boros
Roda2,Sport Besar,609.4,3,62.1,245.3,Manual,Bensin,Liquid-cooled,30.7,263830.0,12907.0,2021,16.0,Boros
Roda2,Sport Besar,480.2,3,49.5,218.6,Manual,Bensin,Liquid-cooled,62.9,91910.0,11623.0,2020,16.0,Boros
Roda4,City Car,1110.8,3,70.4,839.6,Automatic,Bensin,Liquid-cooled,98.6,439749.0,11392.0,2026,17.61,Hemat
Roda4,City Car,1196.5,4,80.4,887.8,Manual,Bensin,Liquid-cooled,81.0,177894.0,13434.0,2024,14.31,Boros
Roda2,Matic,138.1,1,12.9,114.0,CVT,Bensin,Air-cooled,27.7,147995.0,12519.0,2016,35.0,Boros
Roda4,SUV,1926.1,4,143.5,1512.6,DCT,Diesel,Liquid-cooled,18.0,458927.0,6955.0,2019,8.0,Boros
Roda4,MPV,1532.2,4,106.8,1282.9,CVT,Bensin,Liquid-cooled,92.6,331904.0,12207.0,2016,9.4,Boros
Roda2,Sport Besar,336.5,2,29.9,175.7,Manual,Bensin,Liquid-cooled,70.9,260679.0,12837.0,2022,23.7,Hemat
Roda2,Sport Besar,566.8,3,62.7,234.9,Manual,Bensin,Liquid-cooled,65.0,102862.0,12983.0,2019,16.0,Boros
Roda4,MPV,1353.1,4,91.9,1109.1,Manual,Bensin,Liquid-cooled,25.5,135475.0,11818.0,2020,13.97,Hemat
Roda2,Sport Besar,397.7,4,41.4,202.2,Manual,Bensin,Liquid-cooled,72.1,70045.0,13687.0,2025,22.86,Hemat
Roda4,City Car,1224.7,4,86.6,948.7,CVT,Bensin,Liquid-cooled,88.5,365462.0,11161.0,2023,14.05,Boros
Roda2,Matic,128.5,1,11.1,107.7,CVT,Bensin,Liquid-cooled,39.3,105807.0,10636.0,2026,48.05,Hemat
Roda2,Matic,122.2,1,10.9,103.4,CVT,Bensin,Air-cooled,22.4,75600.0,12876.0,2023,38.18,Boros
Roda4,SUV,1580.4,4,106.4,1215.1,DCT,Bensin,Liquid-cooled,80.2,509945.0,11309.0,2017,9.25,Boros
Roda4,MPV,1551.3,4,106.4,1373.2,Manual,Bensin,Liquid-cooled,32.6,528733.0,12783.0,2020,9.13,Boros
Roda4,SUV,1696.1,4,126.0,1380.1,DCT,Diesel,Liquid-cooled,97.6,140463.0,9581.0,2021,9.25,Boros
Roda2,Matic,126.4,1,11.3,100.4,CVT,Bensin,Air-cooled,11.5,254219.0,10054.0,2026,41.09,Boros
Roda4,SUV,1719.6,4,126.3,1361.4,Automatic,Hybrid,Liquid-cooled,75.4,512057.0,14431.0,2021,9.89,Boros
Roda2,Matic,120.2,1,10.2,102.6,CVT,Bensin,Air-cooled,37.2,172912.0,11151.0,2015,42.71,Hemat
Roda2,Sport Besar,436.9,3,44.2,200.4,Manual,Bensin,Liquid-cooled,38.1,133151.0,13136.0,2023,18.33,Boros
Roda4,SUV,1568.2,4,109.0,1241.9,DCT,Bensin,Liquid-cooled,81.5,272040.0,12165.0,2017,12.58,Hemat
Roda2,Sport,171.3,2,19.0,124.6,Manual,Bensin,Liquid-cooled,72.3,297458.0,11974.0,2017,33.31,Hemat
Roda2,Matic,150.8,1,15.2,120.1,CVT,Bensin,Air-cooled,55.2,293224.0,10217.0,2026,35.0,Boros
Roda4,City Car,1472.8,4,103.5,1057.6,Manual,Bensin,Liquid-cooled,36.9,352872.0,11525.0,2016,13.0,Boros
Roda4,City Car,1123.8,3,80.4,885.8,Manual,Bensin,Liquid-cooled,98.5,157857.0,12053.0,2022,14.19,Boros
Roda4,City Car,1341.1,3,96.7,946.0,Automatic,Bensin,Liquid-cooled,81.9,562119.0,10636.0,2025,13.0,Boros
Roda2,Sport Besar,579.1,4,63.4,250.0,Manual,Bensin,Liquid-cooled,47.7,209647.0,12454.0,2016,16.0,Boros
Roda4,SUV,1723.6,4,128.6,1466.1,Automatic,Diesel,Liquid-cooled,34.4,119488.0,9655.0,2024,8.19,Boros
Roda2,Sport,222.4,2,27.9,155.8,Manual,Bensin,Liquid-cooled,44.4,210465.0,11605.0,2015,28.0,Boros
Roda2,Bebek,133.7,1,10.2,104.1,Manual,Bensin,Air-cooled,70.5,88731.0,10323.0,2020,42.0,Boros
Roda4,City Car,1239.0,4,83.5,1017.9,CVT,Bensin,Liquid-cooled,24.3,474256.0,11377.0,2016,13.0,Boros
Roda2,Sport,212.5,2,23.0,152.7,Manual,Bensin,Liquid-cooled,18.8,258961.0,12566.0,2026,28.49,Boros
Roda2,Sport,244.0,1,30.0,166.6,Manual,Bensin,Liquid-cooled,47.9,271996.0,12468.0,2016,28.0,Boros
Roda2,Bebek,105.3,1,7.0,90.0,Manual,Bensin,Air-cooled,21.5,245790.0,10478.0,2021,51.89,Hemat
Roda2,Sport,227.2,1,25.5,157.8,Manual,Bensin,Liquid-cooled,65.1,193567.0,10350.0,2019,28.0,Boros
Roda2,Matic,127.6,1,11.3,104.0,CVT,Bensin,Air-cooled,47.8,244148.0,11253.0,2020,38.7,Boros
Roda2,Bebek,139.7,1,10.5,107.3,Manual,Bensin,Air-cooled,64.1,107513.0,10512.0,2016,42.0,Boros
Roda2,Matic,158.6,1,15.2,125.0,CVT,Bensin,Air-cooled,55.4,219499.0,13442.0,2023,35.0,Boros
Roda4,MPV,1355.4,4,93.0,1143.1,Manual,Bensin,Liquid-cooled,53.6,495346.0,10309.0,2018,14.9,Hemat
Roda4,SUV,1866.2,4,139.5,1513.0,DCT,Bensin,Liquid-cooled,79.3,130328.0,12753.0,2022,8.51,Boros
Roda2,Matic,116.9,1,9.9,96.2,CVT,Bensin,Liquid-cooled,13.1,130148.0,12230.0,2025,50.13,Hemat
Roda2,Matic,114.5,1,9.7,97.3,CVT,Bensin,Liquid-cooled,60.0,266889.0,10168.0,2026,54.62,Hemat
Roda4,SUV,1997.0,4,150.0,1542.7,Manual,Bensin,Liquid-cooled,23.7,476658.0,12469.0,2025,8.0,Boros
Roda2,Sport,169.5,1,18.7,130.2,Manual,Bensin,Liquid-cooled,17.9,268105.0,13629.0,2025,33.52,Hemat
Roda2,Matic,124.6,1,10.9,107.3,CVT,Bensin,Air-cooled,75.6,148066.0,11712.0,2017,38.74,Boros
Roda2,Bebek,144.7,1,11.5,106.5,Manual,Bensin,Air-cooled,73.8,55234.0,11232.0,2017,42.0,Boros
Roda2,Sport,201.0,1,25.1,136.9,Manual,Bensin,Liquid-cooled,32.9,263194.0,11942.0,2017,28.0,Boros
Roda4,SUV,1953.0,4,146.2,1600.0,DCT,Hybrid,Liquid-cooled,79.1,146468.0,14178.0,2017,8.0,Boros
Roda2,Matic,126.4,1,12.0,105.7,CVT,Bensin,Air-cooled,25.7,147158.0,11622.0,2018,39.56,Boros
Roda2,Bebek,106.2,1,7.7,92.9,Manual,Bensin,Air-cooled,36.3,280822.0,12125.0,2025,51.17,Hemat
Roda4,MPV,1628.4,4,112.3,1436.9,Automatic,Bensin,Liquid-cooled,93.7,557233.0,12151.0,2021,9.31,Boros
Roda4,SUV,1882.3,4,144.5,1516.2,CVT,Diesel,Liquid-cooled,19.0,497725.0,9428.0,2018,8.0,Boros
Roda2,Matic,153.4,1,14.3,118.4,CVT,Bensin,Liquid-cooled,71.1,58041.0,13494.0,2026,35.0,Boros
Roda2,Sport,164.6,2,17.5,120.0,Manual,Bensin,Liquid-cooled,36.2,83329.0,11743.0,2023,41.66,Hemat
Roda2,Matic,125.7,1,11.6,104.4,CVT,Bensin,Liquid-cooled,72.0,155822.0,13018.0,2022,41.01,Boros
Roda4,MPV,1379.3,4,93.9,1157.6,Manual,Bensin,Liquid-cooled,44.6,192344.0,13102.0,2019,13.07,Hemat
Roda4,City Car,1070.9,4,73.3,835.6,Automatic,Bensin,Liquid-cooled,21.2,332318.0,11084.0,2018,15.67,Hemat
Roda4,City Car,1366.5,3,94.8,1023.5,Manual,Bensin,Liquid-cooled,33.7,465339.0,13816.0,2024,13.0,Boros
Roda4,City Car,1079.1,3,75.5,869.0,Automatic,Bensin,Liquid-cooled,52.9,215962.0,10779.0,2024,14.24,Boros
Roda4,MPV,1634.7,4,118.3,1365.8,Automatic,Diesel,Liquid-cooled,20.6,572656.0,7276.0,2017,9.0,Boros
Roda2,Bebek,111.0,1,8.2,92.4,Manual,Bensin,Air-cooled,72.6,249964.0,11658.0,2025,61.99,Hemat
Roda2,Matic,125.0,1,10.3,103.6,CVT,Bensin,Liquid-cooled,34.3,170809.0,12934.0,2025,53.87,Hemat
Roda4,MPV,1403.2,4,91.3,1176.1,Automatic,Bensin,Liquid-cooled,22.5,105528.0,12695.0,2015,11.45,Boros
Roda2,Matic,115.2,1,10.0,95.0,CVT,Bensin,Air-cooled,29.3,93806.0,13021.0,2021,55.95,Hemat
Roda4,SUV,1825.9,4,124.9,1524.1,Manual,Diesel,Liquid-cooled,15.0,437104.0,12616.0,2021,8.73,Boros
Roda4,MPV,1678.8,4,108.5,1422.7,CVT,Bensin,Liquid-cooled,45.2,138848.0,11379.0,2024,10.24,Boros
Roda2,Sport Besar,305.1,3,28.4,175.8,Manual,Bensin,Liquid-cooled,58.6,240833.0,11026.0,2022,26.08,Hemat
Roda2,Matic,154.1,1,15.7,120.7,CVT,Bensin,Liquid-cooled,40.0,194640.0,11805.0,2023,35.0,Boros
Roda2,Bebek,143.9,1,11.6,108.9,Manual,Bensin,Air-cooled,12.5,93805.0,13380.0,2019,42.0,Boros
Roda4,SUV,1623.3,4,114.4,1272.9,CVT,Bensin,Liquid-cooled,86.0,168112.0,12711.0,2024,9.07,Boros
Roda4,SUV,1882.6,4,137.7,1467.3,DCT,Hybrid,Liquid-cooled,50.9,153861.0,14443.0,2025,11.55,Hemat
Roda2,Sport Besar,384.5,3,42.4,182.2,Manual,Bensin,Liquid-cooled,72.3,177735.0,12828.0,2026,21.42,Boros
Roda2,Sport,249.8,2,30.0,170.0,Manual,Bensin,Liquid-cooled,32.1,91404.0,12875.0,2015,28.0,Boros
Roda4,MPV,1577.1,4,103.8,1328.4,CVT,Diesel,Liquid-cooled,47.2,560504.0,11191.0,2017,10.83,Boros
Roda2,Sport Besar,617.0,3,68.0,242.5,Manual,Bensin,Liquid-cooled,22.9,160865.0,11606.0,2020,16.0,Boros
Roda2,Bebek,115.7,1,9.3,98.9,Manual,Bensin,Air-cooled,75.3,209351.0,13127.0,2020,42.0,Boros
Roda2,Bebek,122.5,1,9.6,99.4,Manual,Bensin,Air-cooled,62.8,205502.0,12106.0,2016,46.0,Boros
Roda4,City Car,1215.3,3,87.2,920.8,CVT,Bensin,Liquid-cooled,27.7,356127.0,12237.0,2026,13.17,Boros
Roda4,MPV,1717.9,4,118.7,1468.1,Automatic,Bensin,Liquid-cooled,85.1,323416.0,13501.0,2023,9.0,Boros
Roda4,City Car,1452.6,3,101.2,1054.7,Manual,Bensin,Liquid-cooled,47.5,105159.0,10102.0,2019,13.0,Boros
Roda2,Bebek,129.7,1,10.4,102.2,Manual,Bensin,Air-cooled,10.3,111706.0,12890.0,2022,42.0,Boros
Roda2,Matic,112.6,1,9.1,97.1,CVT,Bensin,Air-cooled,42.5,287895.0,13685.0,2019,53.28,Hemat
Roda4,SUV,1906.0,4,143.8,1574.6,Manual,Bensin,Liquid-cooled,99.1,143204.0,13202.0,2022,8.0,Boros
Roda2,Sport Besar,324.7,3,36.3,163.9,Manual,Bensin,Liquid-cooled,45.5,225585.0,13757.0,2015,21.16,Boros
Roda4,MPV,1367.5,4,93.2,1157.3,Manual,Bensin,Liquid-cooled,57.9,103616.0,13158.0,2026,13.6,Hemat
Roda4,City Car,1350.3,4,86.2,946.0,CVT,Bensin,Liquid-cooled,99.5,180591.0,10092.0,2024,13.0,Boros
Roda4,SUV,1920.8,4,130.6,1562.8,Manual,Diesel,Liquid-cooled,47.7,208925.0,10232.0,2026,8.56,Boros
Roda2,Matic,127.4,1,11.5,108.5,CVT,Bensin,Air-cooled,78.3,298796.0,10295.0,2022,42.04,Hemat
Roda4,City Car,1173.6,3,76.6,891.4,CVT,Bensin,Liquid-cooled,56.2,457498.0,11677.0,2022,16.55,Hemat
Roda4,SUV,1849.3,4,143.2,1493.1,DCT,Diesel,Liquid-cooled,97.5,172882.0,9817.0,2020,9.66,Boros
Roda4,MPV,1511.2,4,96.0,1240.5,Automatic,Diesel,Liquid-cooled,69.3,229100.0,10328.0,2019,11.65,Boros
Roda2,Matic,123.0,1,11.7,104.4,CVT,Bensin,Liquid-cooled,77.3,97899.0,13679.0,2017,44.39,Hemat
Roda4,City Car,1001.1,3,65.0,800.0,CVT,Bensin,Liquid-cooled,85.7,352430.0,12549.0,2020,15.7,Hemat
Roda4,MPV,1775.2,4,130.0,1500.0,Manual,Bensin,Liquid-cooled,56.1,215529.0,13872.0,2015,9.0,Boros
Roda2,Bebek,102.0,1,7.2,91.8,Manual,Bensin,Air-cooled,71.2,280218.0,10238.0,2022,60.99,Hemat
Roda4,City Car,1427.4,3,105.0,1042.7,Automatic,Bensin,Liquid-cooled,59.4,253915.0,10164.0,2024,13.0,Boros
Roda4,City Car,1461.8,4,100.3,968.5,Automatic,Bensin,Liquid-cooled,92.7,208372.0,13359.0,2023,13.0,Boros
Roda4,MPV,1665.2,4,114.9,1422.7,Automatic,Diesel,Liquid-cooled,46.8,488681.0,8205.0,2021,9.97,Boros
Roda2,Sport,202.4,1,26.8,147.7,Manual,Bensin,Liquid-cooled,65.4,86448.0,12880.0,2020,28.0,Boros
Roda4,City Car,1131.8,4,76.1,872.9,Manual,Bensin,Liquid-cooled,37.3,578717.0,12242.0,2022,15.51,Hemat
Roda2,Matic,125.5,1,11.4,106.2,CVT,Bensin,Liquid-cooled,18.5,79101.0,10797.0,2024,42.54,Hemat
Roda2,Matic,143.6,1,13.6,114.9,CVT,Bensin,Air-cooled,45.8,226672.0,10752.0,2022,35.0,Boros
Roda4,City Car,1189.2,4,78.0,957.5,CVT,Bensin,Liquid-cooled,80.3,114143.0,13453.0,2021,14.88,Boros
Roda4,City Car,1080.0,3,71.8,832.9,Automatic,Bensin,Liquid-cooled,81.7,526167.0,12891.0,2015,14.82,Boros
Roda4,City Car,1461.1,3,101.5,1079.2,Manual,Bensin,Liquid-cooled,39.2,241625.0,10340.0,2026,13.0,Boros
Roda4,MPV,1565.7,4,110.0,1348.1,CVT,Bensin,Liquid-cooled,55.1,268324.0,12432.0,2019,11.68,Boros
Roda2,Matic,134.3,1,11.2,105.1,CVT,Bensin,Air-cooled,41.7,272399.0,12716.0,2026,46.2,Hemat
Roda4,SUV,1952.9,4,140.9,1549.6,DCT,Diesel,Liquid-cooled,87.1,392987.0,12192.0,2024,9.62,Boros
Roda2,Sport,166.9,1,17.5,132.7,Manual,Bensin,Liquid-cooled,27.1,74028.0,13387.0,2021,31.31,Boros
Roda2,Matic,136.8,1,13.3,113.7,CVT,Bensin,Liquid-cooled,78.2,136092.0,12528.0,2021,37.21,Boros
Roda2,Matic,151.4,1,14.7,119.9,CVT,Bensin,Liquid-cooled,73.2,76093.0,13832.0,2019,35.0,Boros
Roda4,MPV,1343.4,4,94.6,1181.8,CVT,Diesel,Liquid-cooled,97.0,249289.0,7416.0,2025,13.86,Hemat
Roda4,MPV,1583.3,4,122.8,1278.9,CVT,Diesel,Liquid-cooled,97.4,582066.0,8715.0,2022,12.01,Hemat
Roda2,Sport Besar,418.7,4,44.6,210.6,Manual,Bensin,Liquid-cooled,50.1,77919.0,10781.0,2024,20.02,Boros
Roda2,Matic,115.4,1,9.4,99.7,CVT,Bensin,Air-cooled,48.8,244928.0,10456.0,2024,49.48,Hemat
Roda4,City Car,1224.5,3,80.3,963.5,Automatic,Bensin,Liquid-cooled,16.9,412006.0,11700.0,2021,13.0,Boros
Roda2,Matic,144.8,1,14.3,113.3,CVT,Bensin,Liquid-cooled,16.4,100948.0,10121.0,2022,35.0,Boros
Roda4,City Car,1241.8,4,81.5,967.1,Automatic,Bensin,Liquid-cooled,77.9,189450.0,11604.0,2023,14.76,Boros
Roda4,MPV,1649.1,4,121.4,1357.5,Automatic,Diesel,Liquid-cooled,93.1,300660.0,10031.0,2023,9.71,Boros
Roda2,Matic,124.1,1,11.4,104.3,CVT,Bensin,Liquid-cooled,75.3,207652.0,13643.0,2022,40.17,Boros
Roda2,Matic,115.8,1,10.0,98.2,CVT,Bensin,Liquid-cooled,55.6,228150.0,12683.0,2017,41.83,Boros
Roda4,City Car,1237.9,4,85.5,962.2,Automatic,Bensin,Liquid-cooled,80.7,159986.0,10620.0,2021,13.0,Boros
Roda4,MPV,1354.1,4,85.5,1182.8,Automatic,Diesel,Liquid-cooled,50.1,422877.0,7780.0,2018,16.57,Hemat
Roda4,SUV,1796.1,4,136.6,1491.7,Manual,Hybrid,Liquid-cooled,74.6,439223.0,14277.0,2017,8.64,Boros
Roda2,Matic,156.5,1,14.6,125.0,CVT,Bensin,Liquid-cooled,13.1,230093.0,11733.0,2022,35.0,Boros
Roda2,Sport Besar,452.4,3,55.3,212.2,Manual,Bensin,Liquid-cooled,25.9,151879.0,11447.0,2015,16.0,Boros
Roda2,Sport Besar,644.1,3,62.0,250.0,Manual,Bensin,Liquid-cooled,48.7,221340.0,12682.0,2020,16.0,Boros
Roda2,Matic,157.9,1,16.0,124.8,CVT,Bensin,Liquid-cooled,22.4,242492.0,12166.0,2025,35.0,Boros
Roda2,Sport,227.8,1,27.0,156.2,Manual,Bensin,Liquid-cooled,67.9,105547.0,10761.0,2018,28.0,Boros
Roda4,SUV,1512.3,4,100.0,1200.0,CVT,Diesel,Liquid-cooled,65.5,474184.0,8587.0,2016,13.59,Hemat
Roda2,Matic,132.6,1,12.5,106.5,CVT,Bensin,Liquid-cooled,79.8,124705.0,11266.0,2020,35.05,Boros
Roda2,Sport,152.1,2,15.4,120.0,Manual,Bensin,Liquid-cooled,69.1,287215.0,12100.0,2022,38.5,Hemat
Roda2,Bebek,142.9,1,11.2,110.0,Manual,Bensin,Air-cooled,26.7,144432.0,12084.0,2023,42.0,Boros
Roda4,SUV,1967.4,4,148.3,1600.0,DCT,Hybrid,Liquid-cooled,65.8,316651.0,14043.0,2015,8.0,Boros
Roda2,Matic,129.4,1,11.0,107.8,CVT,Bensin,Liquid-cooled,12.0,223820.0,13149.0,2020,35.3,Boros
Roda4,SUV,1522.1,4,107.9,1357.8,DCT,Diesel,Liquid-cooled,34.9,575583.0,10944.0,2021,12.01,Hemat
Roda2,Sport,170.8,2,19.8,132.0,Manual,Bensin,Liquid-cooled,12.4,77484.0,12909.0,2017,33.34,Hemat
Roda2,Bebek,104.6,1,7.0,92.7,Manual,Bensin,Air-cooled,51.6,234717.0,10127.0,2025,59.19,Hemat
Roda2,Matic,136.1,1,11.3,109.8,CVT,Bensin,Liquid-cooled,31.9,277768.0,13779.0,2023,35.0,Boros
Roda2,Matic,140.0,1,11.6,111.4,CVT,Bensin,Liquid-cooled,40.0,150918.0,12779.0,2016,35.0,Boros
Roda2,Matic,155.1,1,15.6,123.6,CVT,Bensin,Air-cooled,60.0,284426.0,13558.0,2019,35.0,Boros
Roda4,MPV,1471.6,4,102.7,1255.7,Automatic,Diesel,Liquid-cooled,94.0,535439.0,9505.0,2020,12.42,Hemat
Roda2,Sport,178.0,2,18.7,125.7,Manual,Bensin,Liquid-cooled,77.5,266943.0,10850.0,2025,37.51,Hemat
Roda4,MPV,1578.0,4,111.1,1348.4,Automatic,Diesel,Liquid-cooled,74.6,413766.0,8876.0,2018,9.99,Boros
Roda2,Sport,243.3,2,28.0,170.0,Manual,Bensin,Liquid-cooled,79.8,220204.0,11593.0,2015,28.0,Boros
Roda2,Bebek,140.9,1,10.8,100.5,Manual,Bensin,Air-cooled,15.5,193358.0,10384.0,2021,42.0,Boros
Roda4,SUV,1851.5,4,142.1,1506.8,CVT,Diesel,Liquid-cooled,83.6,170590.0,10543.0,2023,10.28,Boros
Roda4,City Car,1380.4,4,95.0,1002.5,Automatic,Bensin,Liquid-cooled,23.4,237802.0,11455.0,2019,13.0,Boros
Roda2,Matic,115.0,1,9.0,95.9,CVT,Bensin,Liquid-cooled,26.6,70297.0,12446.0,2015,51.75,Hemat
Roda2,Sport,221.4,2,27.0,160.9,Manual,Bensin,Liquid-cooled,47.1,261628.0,13724.0,2025,28.0,Boros
Roda4,City Car,1388.3,3,93.2,1032.5,Manual,Bensin,Liquid-cooled,35.2,597864.0,13055.0,2016,13.0,Boros
Roda4,City Car,1139.9,4,77.3,921.7,Manual,Bensin,Liquid-cooled,69.0,310331.0,11646.0,2017,15.06,Hemat
Roda4,SUV,1682.9,4,118.4,1410.6,CVT,Diesel,Liquid-cooled,70.3,384924.0,7243.0,2020,8.83,Boros
Roda4,MPV,1412.5,4,94.5,1100.0,Automatic,Diesel,Liquid-cooled,97.5,225590.0,9078.0,2020,13.05,Hemat
Roda4,MPV,1560.2,4,108.3,1339.0,Automatic,Bensin,Liquid-cooled,16.2,467206.0,11021.0,2022,9.63,Boros
Roda2,Matic,138.8,1,12.9,113.3,CVT,Bensin,Liquid-cooled,62.9,116768.0,11860.0,2020,35.0,Boros
Roda2,Bebek,100.3,1,7.1,90.0,Manual,Bensin,Air-cooled,28.9,142623.0,12219.0,2022,56.27,Hemat
Roda4,SUV,1805.3,4,130.8,1441.1,Automatic,Bensin,Liquid-cooled,18.0,388211.0,10726.0,2026,8.0,Boros
Roda2,Matic,139.9,1,13.3,112.0,CVT,Bensin,Air-cooled,68.0,69369.0,12338.0,2024,35.43,Boros
Roda2,Matic,128.0,1,11.0,107.0,CVT,Bensin,Liquid-cooled,39.1,175761.0,12723.0,2021,35.97,Boros
Roda2,Matic,143.6,1,13.7,115.1,CVT,Bensin,Air-cooled,13.7,69597.0,10081.0,2017,35.0,Boros
Roda4,MPV,1763.9,4,130.0,1493.9,CVT,Diesel,Liquid-cooled,90.8,569053.0,12621.0,2022,9.82,Boros
Roda4,MPV,1523.4,4,109.0,1296.5,Automatic,Bensin,Liquid-cooled,58.2,471485.0,11935.0,2017,9.52,Boros
Roda4,City Car,1432.9,3,103.4,1072.1,Automatic,Bensin,Liquid-cooled,94.1,336295.0,11767.0,2019,13.0,Boros
Roda2,Matic,117.7,1,10.2,95.0,CVT,Bensin,Air-cooled,79.2,217566.0,11808.0,2025,44.6,Hemat
Roda2,Matic,151.2,1,15.2,117.4,CVT,Bensin,Liquid-cooled,38.1,98144.0,11389.0,2020,35.0,Boros
Roda2,Matic,136.4,1,13.1,113.2,CVT,Bensin,Liquid-cooled,24.4,227605.0,10356.0,2016,35.0,Boros
Roda2,Matic,118.1,1,9.9,99.5,CVT,Bensin,Air-cooled,41.5,212843.0,13180.0,2015,46.05,Hemat
Roda2,Sport,232.9,2,26.7,170.0,Manual,Bensin,Liquid-cooled,30.8,205891.0,12832.0,2026,28.0,Boros
Roda4,SUV,1903.8,4,145.5,1450.6,Automatic,Hybrid,Liquid-cooled,58.7,315323.0,14018.0,2024,8.16,Boros
Roda4,City Car,1137.6,3,74.8,818.2,CVT,Bensin,Liquid-cooled,17.0,554287.0,11117.0,2016,15.13,Hemat
Roda4,City Car,1286.7,4,88.7,994.5,Manual,Bensin,Liquid-cooled,76.6,343466.0,11832.0,2026,13.0,Boros
Roda2,Bebek,114.7,1,8.1,99.7,Manual,Bensin,Air-cooled,52.4,126972.0,13266.0,2018,46.88,Boros
Roda2,Matic,130.7,1,13.0,110.4,CVT,Bensin,Air-cooled,16.6,213271.0,11299.0,2023,40.39,Boros
Roda4,City Car,1303.8,3,88.1,933.2,CVT,Bensin,Liquid-cooled,66.4,464921.0,10957.0,2017,13.0,Boros
Roda2,Sport Besar,611.2,3,64.8,250.0,Manual,Bensin,Liquid-cooled,64.6,202963.0,12004.0,2015,16.0,Boros
Roda4,SUV,1897.7,4,144.2,1490.1,CVT,Diesel,Liquid-cooled,36.2,477098.0,12500.0,2016,8.74,Boros
Roda4,MPV,1358.4,4,86.1,1163.1,CVT,Diesel,Liquid-cooled,82.3,518593.0,7771.0,2022,13.67,Hemat
Roda2,Bebek,109.5,1,7.9,90.3,Manual,Bensin,Air-cooled,49.0,284039.0,12715.0,2016,48.12,Hemat
Roda2,Matic,115.4,1,9.0,102.1,CVT,Bensin,Air-cooled,48.2,258734.0,11181.0,2024,52.7,Hemat
Roda4,MPV,1689.8,4,124.1,1398.1,Manual,Diesel,Liquid-cooled,95.9,555161.0,7540.0,2023,9.98,Boros
Roda4,City Car,1310.6,3,91.3,947.3,CVT,Bensin,Liquid-cooled,40.0,130557.0,10544.0,2025,15.11,Hemat
Roda2,Sport Besar,605.8,3,67.1,247.0,Manual,Bensin,Liquid-cooled,39.3,200052.0,13167.0,2018,16.0,Boros
Roda2,Sport Besar,447.5,3,48.9,199.9,Manual,Bensin,Liquid-cooled,48.3,288386.0,13443.0,2019,20.36,Boros
Roda4,MPV,1642.4,4,113.6,1435.6,Automatic,Diesel,Liquid-cooled,48.0,128638.0,11418.0,2015,9.0,Boros
Roda4,SUV,1597.4,4,109.9,1327.5,CVT,Hybrid,Liquid-cooled,79.6,155884.0,14439.0,2023,15.13,Hemat
Roda2,Matic,146.8,1,14.5,115.8,CVT,Bensin,Air-cooled,12.1,82953.0,13458.0,2026,35.0,Boros
Roda2,Bebek,106.6,1,7.9,90.0,Manual,Bensin,Air-cooled,27.1,291684.0,13737.0,2023,51.89,Hemat
Roda4,MPV,1398.8,4,94.5,1176.3,Manual,Diesel,Liquid-cooled,45.2,345019.0,8314.0,2017,12.51,Hemat
Roda2,Sport,216.2,1,25.0,148.5,Manual,Bensin,Liquid-cooled,22.0,230028.0,11894.0,2016,28.0,Boros
Roda2,Matic,118.5,1,9.5,100.9,CVT,Bensin,Air-cooled,39.9,289005.0,10837.0,2020,53.28,Hemat
Roda2,Sport,212.3,1,28.2,147.6,Manual,Bensin,Liquid-cooled,50.7,232330.0,10923.0,2024,28.0,Boros
Roda2,Matic,144.2,1,13.3,115.6,CVT,Bensin,Liquid-cooled,50.6,204734.0,11103.0,2021,39.95,Boros
Roda4,City Car,1441.4,4,102.5,1067.3,CVT,Bensin,Liquid-cooled,36.2,459830.0,10118.0,2020,13.0,Boros
Roda2,Matic,132.8,1,12.9,102.2,CVT,Bensin,Liquid-cooled,50.7,187233.0,10855.0,2019,38.36,Boros
Roda4,SUV,1618.5,4,120.4,1245.9,Automatic,Hybrid,Liquid-cooled,82.0,339846.0,14058.0,2021,12.01,Hemat
Roda2,Bebek,112.9,1,8.6,95.5,Manual,Bensin,Air-cooled,19.3,275143.0,12696.0,2018,45.78,Boros
Roda4,SUV,1517.7,4,104.2,1300.3,Automatic,Diesel,Liquid-cooled,52.5,273154.0,9600.0,2020,11.43,Hemat
Roda4,SUV,1961.2,4,147.8,1582.9,CVT,Diesel,Liquid-cooled,26.8,552954.0,11142.0,2026,8.0,Boros
Roda4,SUV,1503.9,4,100.0,1200.0,DCT,Diesel,Liquid-cooled,72.4,321842.0,13162.0,2022,13.02,Hemat
Roda4,SUV,1825.1,4,131.5,1445.7,CVT,Hybrid,Liquid-cooled,19.6,180429.0,14253.0,2026,10.09,Boros
Roda4,SUV,1716.7,4,118.7,1385.8,DCT,Bensin,Liquid-cooled,57.6,208880.0,13346.0,2016,8.0,Boros
Roda4,SUV,1565.2,4,103.4,1306.8,Automatic,Hybrid,Liquid-cooled,22.3,427833.0,14014.0,2016,12.2,Hemat
Roda4,MPV,1521.8,4,105.6,1286.1,Automatic,Bensin,Liquid-cooled,56.1,486531.0,10899.0,2025,10.95,Boros
Roda2,Matic,159.1,1,16.0,125.0,CVT,Bensin,Air-cooled,28.8,257299.0,10026.0,2025,35.0,Boros
Roda4,SUV,1806.5,4,131.7,1422.8,Automatic,Bensin,Liquid-cooled,15.4,189532.0,10463.0,2024,8.1,Boros
Roda4,MPV,1697.0,4,121.5,1500.0,CVT,Bensin,Liquid-cooled,86.9,508960.0,10863.0,2025,9.0,Boros
Roda2,Bebek,139.0,1,10.7,105.2,Manual,Bensin,Air-cooled,48.9,224882.0,11607.0,2026,42.0,Boros
Roda4,SUV,1745.9,4,120.3,1371.4,DCT,Diesel,Liquid-cooled,20.4,109530.0,8794.0,2015,8.58,Boros
Roda4,SUV,1707.2,4,114.7,1383.8,Automatic,Diesel,Liquid-cooled,54.6,180960.0,11838.0,2017,10.07,Boros
Roda2,Sport Besar,364.9,4,36.7,190.3,Manual,Bensin,Liquid-cooled,64.8,131377.0,10564.0,2023,20.94,Boros
Roda4,City Car,1270.4,4,91.6,985.7,CVT,Bensin,Liquid-cooled,78.4,350916.0,11442.0,2026,13.0,Boros
Roda2,Sport,175.8,2,20.2,125.1,Manual,Bensin,Liquid-cooled,18.4,274365.0,10310.0,2026,37.84,Hemat
Roda4,City Car,1028.1,4,65.4,842.5,Automatic,Bensin,Liquid-cooled,76.0,336713.0,13526.0,2015,13.0,Boros
Roda2,Matic,116.1,1,9.0,98.5,CVT,Bensin,Air-cooled,48.8,207983.0,11713.0,2026,52.17,Hemat
Roda2,Sport,169.5,2,16.7,127.3,Manual,Bensin,Liquid-cooled,14.8,149800.0,10728.0,2016,35.6,Hemat
Roda4,MPV,1402.4,4,94.1,1201.0,Manual,Diesel,Liquid-cooled,54.2,520373.0,10397.0,2018,14.34,Hemat
Roda2,Matic,134.9,1,11.6,107.7,CVT,Bensin,Air-cooled,46.4,246985.0,10889.0,2023,35.0,Boros
Roda4,MPV,1497.6,4,100.1,1315.9,Automatic,Diesel,Liquid-cooled,52.1,169427.0,7562.0,2023,11.55,Boros
Roda4,MPV,1623.1,4,108.7,1321.8,CVT,Diesel,Liquid-cooled,35.7,490896.0,12867.0,2023,12.74,Hemat
Roda2,Sport Besar,326.2,4,27.3,171.8,Manual,Bensin,Liquid-cooled,44.4,92722.0,12624.0,2021,20.74,Boros
Roda4,City Car,1091.6,4,71.6,840.3,Automatic,Bensin,Liquid-cooled,99.8,441672.0,11660.0,2026,18.7,Hemat
Roda4,City Car,1282.6,4,91.1,938.4,Automatic,Bensin,Liquid-cooled,29.0,168004.0,11785.0,2020,13.0,Boros
Roda2,Sport,175.9,1,20.8,132.7,Manual,Bensin,Liquid-cooled,12.1,223709.0,13645.0,2015,29.98,Boros
Roda2,Matic,154.8,1,14.9,118.8,CVT,Bensin,Liquid-cooled,39.6,84304.0,10626.0,2022,35.0,Boros
Roda4,SUV,1600.5,4,114.9,1314.6,CVT,Hybrid,Liquid-cooled,24.2,312041.0,14283.0,2016,12.01,Hemat
Roda4,SUV,1957.7,4,149.5,1566.0,DCT,Bensin,Liquid-cooled,98.8,350889.0,11591.0,2025,8.0,Boros
Roda2,Sport,161.1,1,18.5,137.0,Manual,Bensin,Liquid-cooled,27.7,252603.0,10111.0,2022,29.39,Boros
Roda2,Sport,204.6,2,22.3,147.9,Manual,Bensin,Liquid-cooled,43.2,189199.0,13882.0,2019,28.0,Boros
Roda4,MPV,1385.0,4,89.4,1180.8,Manual,Bensin,Liquid-cooled,30.7,430623.0,10498.0,2024,13.26,Hemat
Roda2,Sport,178.3,2,22.1,130.3,Manual,Bensin,Liquid-cooled,59.1,175902.0,10565.0,2025,34.01,Hemat
Roda2,Sport,177.8,1,18.7,130.4,Manual,Bensin,Liquid-cooled,55.6,92245.0,13076.0,2019,43.37,Hemat
Roda2,Sport,155.6,1,17.1,126.2,Manual,Bensin,Liquid-cooled,19.3,163623.0,10722.0,2021,33.36,Hemat
Roda4,City Car,1118.9,3,67.8,904.4,Automatic,Bensin,Liquid-cooled,39.4,139312.0,10796.0,2022,16.31,Hemat
Roda4,MPV,1453.1,4,91.8,1221.4,Manual,Diesel,Liquid-cooled,25.6,161456.0,8370.0,2025,15.31,Hemat
Roda4,MPV,1716.6,4,124.7,1360.2,Manual,Bensin,Liquid-cooled,84.2,149695.0,11307.0,2026,9.0,Boros
Roda4,MPV,1741.3,4,124.1,1438.5,Automatic,Bensin,Liquid-cooled,77.1,578737.0,12226.0,2018,9.0,Boros
Roda4,SUV,1514.1,4,102.2,1207.4,Manual,Hybrid,Liquid-cooled,92.2,514337.0,14125.0,2018,12.62,Hemat
Roda2,Bebek,103.0,1,7.2,92.3,Manual,Bensin,Air-cooled,21.6,204338.0,12040.0,2016,54.97,Hemat
Roda4,MPV,1626.4,4,112.0,1354.1,Manual,Diesel,Liquid-cooled,57.4,247856.0,7110.0,2022,10.27,Boros
Roda4,MPV,1515.5,4,106.0,1322.5,Automatic,Bensin,Liquid-cooled,17.2,161179.0,13271.0,2020,9.93,Boros
Roda2,Sport Besar,313.9,3,31.7,173.1,Manual,Bensin,Liquid-cooled,63.2,221783.0,12029.0,2023,23.91,Hemat
Roda2,Matic,127.4,1,11.6,98.1,CVT,Bensin,Liquid-cooled,73.8,283284.0,11941.0,2018,39.73,Boros
Roda2,Matic,115.4,1,11.1,100.4,CVT,Bensin,Liquid-cooled,58.4,249821.0,11924.0,2020,44.3,Hemat
Roda4,MPV,1743.4,4,130.0,1500.0,Manual,Diesel,Liquid-cooled,88.1,259099.0,9677.0,2018,9.0,Boros
Roda4,MPV,1743.5,4,123.4,1494.0,CVT,Diesel,Liquid-cooled,15.3,195951.0,8007.0,2018,9.0,Boros
Roda4,MPV,1669.9,4,124.2,1446.2,CVT,Bensin,Liquid-cooled,83.9,495054.0,12688.0,2018,9.32,Boros
Roda4,SUV,1554.0,4,100.0,1272.5,DCT,Hybrid,Liquid-cooled,85.1,334820.0,14074.0,2025,16.0,Hemat
Roda4,SUV,1739.3,4,122.4,1438.0,Manual,Hybrid,Liquid-cooled,26.6,575234.0,14380.0,2023,11.15,Hemat
Roda4,City Car,1147.5,4,79.2,869.2,Automatic,Bensin,Liquid-cooled,36.8,102065.0,11651.0,2025,16.51,Hemat
Roda2,Matic,156.9,1,15.6,122.7,CVT,Bensin,Liquid-cooled,62.6,291315.0,13744.0,2019,35.0,Boros
Roda2,Matic,124.2,1,11.0,109.5,CVT,Bensin,Air-cooled,37.2,110573.0,13606.0,2017,38.02,Boros
Roda2,Matic,136.7,1,12.2,112.7,CVT,Bensin,Air-cooled,57.5,193014.0,11872.0,2025,35.89,Boros
Roda2,Sport Besar,403.7,2,35.1,201.0,Manual,Bensin,Liquid-cooled,49.6,104287.0,11649.0,2020,21.48,Boros
Roda2,Sport,185.5,1,18.5,144.5,Manual,Bensin,Liquid-cooled,36.9,125940.0,13338.0,2018,28.0,Boros
Roda2,Bebek,124.4,1,9.5,101.7,Manual,Bensin,Air-cooled,20.0,194957.0,11102.0,2019,42.0,Boros
Roda2,Sport,235.2,1,28.3,163.3,Manual,Bensin,Liquid-cooled,76.9,67733.0,12380.0,2019,28.0,Boros
Roda4,City Car,1272.1,4,84.9,944.2,CVT,Bensin,Liquid-cooled,97.9,288065.0,10896.0,2016,13.0,Boros
Roda2,Matic,156.1,1,15.7,116.8,CVT,Bensin,Liquid-cooled,58.5,59928.0,13274.0,2016,35.0,Boros
Roda2,Bebek,130.1,1,9.2,104.6,Manual,Bensin,Air-cooled,24.0,77316.0,13330.0,2017,42.0,Boros
Roda2,Matic,156.3,1,14.5,120.9,CVT,Bensin,Liquid-cooled,14.5,150593.0,10091.0,2015,35.0,Boros
Roda2,Sport,249.9,1,30.0,169.8,Manual,Bensin,Liquid-cooled,32.0,163086.0,13318.0,2023,28.0,Boros
Roda2,Sport Besar,360.5,4,35.2,188.1,Manual,Bensin,Liquid-cooled,22.9,138070.0,10491.0,2022,17.05,Boros
Roda4,SUV,1569.1,4,107.7,1231.7,CVT,Bensin,Liquid-cooled,25.9,281873.0,11954.0,2021,13.79,Hemat
Roda2,Sport,162.1,1,17.6,120.0,Manual,Bensin,Liquid-cooled,77.0,170266.0,12640.0,2016,34.69,Hemat
Roda2,Sport,190.7,2,20.2,149.7,Manual,Bensin,Liquid-cooled,19.7,134335.0,13129.0,2016,28.0,Boros
Roda2,Matic,112.8,1,9.1,98.9,CVT,Bensin,Air-cooled,33.8,297747.0,12042.0,2019,47.93,Hemat
Roda4,MPV,1605.9,4,113.1,1333.3,Manual,Bensin,Liquid-cooled,75.9,248653.0,12939.0,2025,9.06,Boros
Roda4,SUV,1631.0,4,114.4,1322.3,DCT,Diesel,Liquid-cooled,53.1,429488.0,8722.0,2018,11.41,Hemat
Roda2,Bebek,115.7,1,9.0,96.3,Manual,Bensin,Air-cooled,52.3,184960.0,10792.0,2021,47.75,Boros
Roda2,Matic,123.0,1,10.8,102.2,CVT,Bensin,Air-cooled,71.4,241222.0,10086.0,2024,46.33,Hemat
Roda4,MPV,1727.7,4,127.0,1439.4,Manual,Diesel,Liquid-cooled,26.4,174393.0,8314.0,2026,9.0,Boros
Roda4,SUV,1678.9,4,117.7,1401.7,CVT,Hybrid,Liquid-cooled,70.5,514917.0,13907.0,2015,12.06,Hemat
Roda4,MPV,1511.8,4,102.7,1268.8,Manual,Diesel,Liquid-cooled,51.9,450131.0,12327.0,2019,12.97,Hemat
Roda2,Sport Besar,631.7,2,70.0,246.6,Manual,Bensin,Liquid-cooled,43.4,65470.0,11772.0,2021,16.0,Boros
Roda4,City Car,1211.2,3,79.0,930.3,CVT,Bensin,Liquid-cooled,15.5,542529.0,12988.0,2020,13.89,Boros
Roda2,Matic,112.9,1,9.9,95.0,CVT,Bensin,Air-cooled,22.1,121416.0,13373.0,2023,56.21,Hemat
Roda2,Bebek,129.1,1,9.8,106.4,Manual,Bensin,Air-cooled,24.9,180034.0,11851.0,2018,42.0,Boros
Roda4,SUV,1513.0,4,104.1,1218.5,DCT,Bensin,Liquid-cooled,63.8,125344.0,10924.0,2016,11.82,Hemat
Roda4,SUV,1522.9,4,107.2,1246.5,Automatic,Diesel,Liquid-cooled,17.4,492819.0,9257.0,2015,10.27,Boros
Roda2,Sport Besar,349.0,4,44.7,184.0,Manual,Bensin,Liquid-cooled,23.2,192165.0,13751.0,2024,19.45,Boros
Roda2,Sport Besar,600.6,3,70.0,247.4,Manual,Bensin,Liquid-cooled,41.7,261994.0,11149.0,2025,16.0,Boros
Roda2,Bebek,102.8,1,7.5,94.9,Manual,Bensin,Air-cooled,26.6,219348.0,12207.0,2015,54.46,Hemat
Roda2,Bebek,129.3,1,9.8,107.9,Manual,Bensin,Air-cooled,28.7,277666.0,11699.0,2023,42.0,Boros
Roda2,Sport,208.0,1,25.9,147.9,Manual,Bensin,Liquid-cooled,44.5,54102.0,10321.0,2015,28.0,Boros
Roda4,MPV,1671.9,4,121.6,1427.2,CVT,Bensin,Liquid-cooled,42.0,372446.0,12545.0,2018,9.93,Boros
Roda4,MPV,1710.5,4,120.7,1430.7,CVT,Diesel,Liquid-cooled,78.2,106916.0,8687.0,2022,9.0,Boros
Roda4,City Car,1107.8,3,72.0,832.5,CVT,Bensin,Liquid-cooled,23.6,366956.0,13047.0,2025,19.63,Hemat
Roda4,City Car,1351.5,3,92.5,1010.5,CVT,Bensin,Liquid-cooled,19.0,161056.0,11155.0,2026,13.24,Boros
Roda2,Sport,201.5,2,21.8,149.4,Manual,Bensin,Liquid-cooled,36.9,90314.0,13201.0,2019,28.0,Boros
Roda4,SUV,1846.9,4,138.0,1469.3,Automatic,Hybrid,Liquid-cooled,46.3,159848.0,14469.0,2022,10.07,Boros
Roda4,City Car,1010.9,3,66.4,822.3,Manual,Bensin,Liquid-cooled,62.3,121426.0,11604.0,2022,19.02,Hemat
Roda2,Sport,197.5,1,22.6,136.4,Manual,Bensin,Liquid-cooled,35.9,218892.0,11469.0,2021,30.3,Boros
Roda4,MPV,1418.3,4,92.4,1250.4,Automatic,Bensin,Liquid-cooled,40.7,326085.0,12343.0,2026,11.85,Boros
Roda4,City Car,1169.6,4,75.4,940.5,CVT,Bensin,Liquid-cooled,92.0,476284.0,10089.0,2026,13.64,Boros
Roda4,MPV,1431.1,4,95.5,1252.8,Automatic,Bensin,Liquid-cooled,98.1,476070.0,10637.0,2024,10.48,Boros
Roda2,Sport Besar,575.0,3,58.3,229.3,Manual,Bensin,Liquid-cooled,39.6,297514.0,11440.0,2022,16.23,Boros
Roda2,Sport,196.7,2,23.1,135.3,Manual,Bensin,Liquid-cooled,68.9,224483.0,12601.0,2015,28.0,Boros
Roda4,MPV,1350.8,4,86.9,1100.0,CVT,Diesel,Liquid-cooled,99.8,577353.0,9103.0,2019,13.82,Hemat
Roda2,Bebek,148.5,1,12.0,110.0,Manual,Bensin,Air-cooled,37.5,286945.0,10551.0,2021,42.0,Boros
Roda2,Matic,115.7,1,9.6,96.5,CVT,Bensin,Air-cooled,19.9,74972.0,12191.0,2022,56.42,Hemat
Roda4,MPV,1581.7,4,105.4,1353.8,CVT,Bensin,Liquid-cooled,65.6,359711.0,11710.0,2019,9.82,Boros
Roda4,City Car,1369.8,4,97.4,1003.1,Manual,Bensin,Liquid-cooled,24.3,464790.0,10531.0,2022,13.0,Boros
Roda4,City Car,1308.0,4,77.3,951.2,Manual,Bensin,Liquid-cooled,54.3,258295.0,12682.0,2023,15.15,Hemat
Roda4,City Car,1375.4,4,91.8,1021.5,CVT,Bensin,Liquid-cooled,26.5,492722.0,10120.0,2015,13.0,Boros
Roda2,Matic,140.9,1,12.8,114.3,CVT,Bensin,Air-cooled,56.6,116701.0,10456.0,2018,35.0,Boros
Roda2,Sport,197.1,1,21.9,146.3,Manual,Bensin,Liquid-cooled,66.9,136453.0,11963.0,2019,28.83,Boros
Roda2,Matic,147.1,1,13.6,115.0,CVT,Bensin,Liquid-cooled,58.3,216902.0,11753.0,2021,35.0,Boros
Roda4,City Car,1187.4,4,80.8,893.7,Automatic,Bensin,Liquid-cooled,43.8,517650.0,13014.0,2026,18.09,Hemat
Roda2,Bebek,126.6,1,9.9,99.6,Manual,Bensin,Air-cooled,40.8,125583.0,11011.0,2021,42.0,Boros
Roda2,Matic,121.6,1,10.9,107.9,CVT,Bensin,Air-cooled,51.1,201258.0,10475.0,2025,45.01,Hemat
Roda4,MPV,1602.2,4,109.0,1321.9,CVT,Diesel,Liquid-cooled,18.7,232807.0,10373.0,2022,10.17,Boros
Roda4,SUV,1887.2,4,141.3,1510.2,DCT,Hybrid,Liquid-cooled,67.5,204954.0,14400.0,2026,8.54,Boros
Roda2,Sport Besar,252.7,3,25.0,160.0,Manual,Bensin,Liquid-cooled,74.7,252234.0,12705.0,2016,24.48,Hemat
Roda4,City Car,1407.1,3,102.1,1033.1,Manual,Bensin,Liquid-cooled,81.6,130594.0,12536.0,2024,13.0,Boros
Roda4,SUV,1915.9,4,145.7,1447.4,Automatic,Bensin,Liquid-cooled,85.7,158680.0,12455.0,2018,8.0,Boros
Roda4,MPV,1642.3,4,111.4,1360.4,Manual,Diesel,Liquid-cooled,44.2,364833.0,12950.0,2025,12.3,Hemat
Roda4,MPV,1377.5,4,87.4,1243.1,Manual,Bensin,Liquid-cooled,74.1,366789.0,12383.0,2026,14.62,Hemat
Roda2,Sport,205.9,1,21.0,143.8,Manual,Bensin,Liquid-cooled,22.7,273783.0,12172.0,2023,30.05,Boros
Roda2,Matic,136.2,1,13.0,108.9,CVT,Bensin,Liquid-cooled,24.7,71939.0,10607.0,2023,39.5,Boros
Roda4,MPV,1574.2,4,107.1,1386.8,CVT,Diesel,Liquid-cooled,37.7,525542.0,10554.0,2023,9.0,Boros
Roda2,Matic,111.0,1,10.1,99.9,CVT,Bensin,Liquid-cooled,43.2,166966.0,10130.0,2017,44.77,Hemat
Roda4,City Car,1422.4,3,99.8,1015.1,Automatic,Bensin,Liquid-cooled,37.7,296009.0,12790.0,2025,13.0,Boros
Roda2,Sport,210.8,1,23.9,148.7,Manual,Bensin,Liquid-cooled,16.0,97912.0,12350.0,2019,28.0,Boros
Roda4,SUV,1875.0,4,135.7,1507.4,DCT,Hybrid,Liquid-cooled,51.7,454925.0,14069.0,2025,8.7,Boros
Roda4,SUV,1654.2,4,108.2,1306.6,Manual,Diesel,Liquid-cooled,16.0,497572.0,11295.0,2015,9.97,Boros
Roda4,City Car,1213.2,4,82.6,961.6,CVT,Bensin,Liquid-cooled,88.1,438807.0,10782.0,2020,14.12,Boros
Roda4,MPV,1426.5,4,104.3,1197.1,CVT,Diesel,Liquid-cooled,93.7,563866.0,6851.0,2016,16.26,Hemat
Roda2,Sport,248.6,1,30.0,167.4,Manual,Bensin,Liquid-cooled,32.8,184807.0,12307.0,2015,28.0,Boros
Roda2,Matic,122.6,1,10.0,101.5,CVT,Bensin,Liquid-cooled,45.0,276286.0,12463.0,2020,41.58,Boros
Roda4,City Car,1408.2,4,97.6,1019.0,CVT,Bensin,Liquid-cooled,85.3,453536.0,10476.0,2016,13.0,Boros
Roda4,City Car,1450.1,3,100.8,1100.0,CVT,Bensin,Liquid-cooled,17.7,180301.0,11549.0,2019,13.0,Boros
Roda4,City Car,1222.8,3,88.8,884.1,CVT,Bensin,Liquid-cooled,28.8,412703.0,10853.0,2016,13.6,Boros
Roda4,SUV,1560.4,4,105.7,1261.2,DCT,Hybrid,Liquid-cooled,46.5,276448.0,14202.0,2021,14.43,Hemat
Roda4,SUV,1945.9,4,137.5,1575.2,DCT,Hybrid,Liquid-cooled,15.6,565892.0,14208.0,2018,8.0,Boros
Roda4,City Car,1404.6,3,94.6,982.0,CVT,Bensin,Liquid-cooled,93.0,278841.0,11803.0,2019,13.0,Boros
Roda2,Matic,111.0,1,9.0,98.0,CVT,Bensin,Air-cooled,47.8,173476.0,12002.0,2017,50.26,Hemat
Roda4,MPV,1713.5,4,124.0,1441.4,CVT,Diesel,Liquid-cooled,54.6,412618.0,11056.0,2015,9.0,Boros
Roda4,City Car,1379.5,3,95.0,1036.2,CVT,Bensin,Liquid-cooled,92.2,381821.0,10273.0,2020,13.0,Boros
Roda4,SUV,1540.6,4,116.0,1236.4,DCT,Hybrid,Liquid-cooled,99.5,398703.0,14334.0,2017,12.38,Hemat
Roda4,City Car,1429.2,3,99.1,1100.0,Automatic,Bensin,Liquid-cooled,18.8,171017.0,12299.0,2026,13.0,Boros
Roda2,Matic,158.2,1,16.0,119.0,CVT,Bensin,Air-cooled,32.5,295454.0,10360.0,2022,35.0,Boros
Roda4,City Car,1246.4,4,88.4,928.4,Automatic,Bensin,Liquid-cooled,23.4,368296.0,12772.0,2021,13.0,Boros
Roda2,Matic,128.4,1,12.7,106.6,CVT,Bensin,Liquid-cooled,62.1,234897.0,10966.0,2026,38.42,Boros
Roda4,MPV,1797.2,4,126.8,1498.3,Automatic,Diesel,Liquid-cooled,40.0,316954.0,8664.0,2024,9.0,Boros
Roda2,Matic,132.0,1,11.5,110.1,CVT,Bensin,Air-cooled,12.4,272221.0,12502.0,2026,44.0,Hemat
Roda2,Matic,116.8,1,9.5,99.4,CVT,Bensin,Air-cooled,51.7,285595.0,12377.0,2017,50.77,Hemat
Roda2,Matic,129.1,1,11.8,105.1,CVT,Bensin,Liquid-cooled,50.8,200591.0,10756.0,2022,46.58,Hemat
Roda4,SUV,1606.8,4,113.8,1238.2,CVT,Hybrid,Liquid-cooled,48.4,556822.0,14477.0,2019,14.17,Hemat
Roda2,Bebek,119.5,1,9.2,95.9,Manual,Bensin,Air-cooled,60.5,202601.0,13702.0,2015,42.0,Boros
Roda4,SUV,1714.0,4,118.7,1325.9,DCT,Hybrid,Liquid-cooled,67.0,100347.0,14061.0,2024,14.72,Hemat
Roda2,Sport,198.5,2,22.2,149.1,Manual,Bensin,Liquid-cooled,26.9,271673.0,12488.0,2016,28.0,Boros
Roda4,MPV,1773.4,4,121.0,1485.7,CVT,Bensin,Liquid-cooled,69.9,323079.0,10213.0,2018,9.0,Boros
Roda4,City Car,1017.0,3,67.3,906.0,Automatic,Bensin,Liquid-cooled,65.0,542633.0,12414.0,2022,18.74,Hemat
Roda2,Sport,165.6,1,18.4,126.4,Manual,Bensin,Liquid-cooled,17.5,50060.0,12718.0,2022,38.95,Hemat
Roda2,Sport,157.9,2,17.9,132.6,Manual,Bensin,Liquid-cooled,35.9,250969.0,11250.0,2025,41.46,Hemat
Roda4,City Car,1124.1,3,82.5,905.2,Automatic,Bensin,Liquid-cooled,22.3,401756.0,12681.0,2018,13.0,Boros
Roda2,Bebek,115.8,1,8.6,93.5,Manual,Bensin,Air-cooled,57.5,130775.0,13852.0,2021,44.65,Boros
Roda4,City Car,1114.1,4,74.6,843.0,CVT,Bensin,Liquid-cooled,17.4,330487.0,12225.0,2020,17.61,Hemat
Roda4,City Car,1176.8,4,69.7,920.7,CVT,Bensin,Liquid-cooled,19.8,587816.0,11658.0,2018,14.35,Boros
Roda2,Sport Besar,285.5,2,25.0,160.0,Manual,Bensin,Liquid-cooled,56.0,147622.0,10530.0,2026,24.11,Hemat
Roda4,SUV,1675.5,4,109.8,1352.0,CVT,Bensin,Liquid-cooled,79.1,371554.0,13147.0,2018,10.25,Boros
Roda4,MPV,1314.6,4,85.0,1161.7,Automatic,Bensin,Liquid-cooled,63.6,593964.0,13762.0,2020,12.22,Hemat
Roda4,City Car,1435.6,4,104.6,1023.6,CVT,Bensin,Liquid-cooled,39.7,293846.0,12214.0,2025,13.0,Boros
Roda2,Sport,233.1,1,27.0,155.6,Manual,Bensin,Liquid-cooled,71.0,150916.0,13177.0,2026,28.0,Boros
Roda4,City Car,1247.1,3,81.2,958.7,Manual,Bensin,Liquid-cooled,95.3,530722.0,13373.0,2015,14.62,Boros
Roda4,City Car,1081.9,3,68.3,845.8,Manual,Bensin,Liquid-cooled,65.3,121664.0,11727.0,2025,14.96,Boros
Roda4,SUV,1741.5,4,129.9,1320.5,Manual,Diesel,Liquid-cooled,39.0,374691.0,10154.0,2016,8.82,Boros
Roda2,Bebek,115.6,1,9.2,90.0,Manual,Bensin,Air-cooled,36.9,56298.0,13272.0,2018,48.73,Hemat
Roda4,City Car,1375.1,3,100.4,1045.0,CVT,Bensin,Liquid-cooled,29.8,157604.0,11877.0,2020,13.0,Boros
Roda2,Sport,211.6,1,22.0,148.7,Manual,Bensin,Liquid-cooled,78.2,79189.0,11898.0,2022,28.0,Boros
Roda4,MPV,1348.9,4,87.2,1103.6,CVT,Diesel,Liquid-cooled,94.5,134078.0,11622.0,2018,16.52,Hemat
Roda4,City Car,1143.4,4,77.3,914.1,Manual,Bensin,Liquid-cooled,31.9,572171.0,11505.0,2026,16.79,Hemat
Roda2,Sport,208.0,2,23.6,153.0,Manual,Bensin,Liquid-cooled,22.2,77416.0,12012.0,2019,28.0,Boros
Roda2,Sport,169.6,1,19.3,135.5,Manual,Bensin,Liquid-cooled,41.4,59870.0,11073.0,2021,35.67,Hemat
Roda4,MPV,1470.3,4,107.3,1266.7,Automatic,Diesel,Liquid-cooled,88.2,146765.0,12109.0,2015,11.49,Boros
Roda2,Matic,155.3,1,15.3,120.6,CVT,Bensin,Air-cooled,63.8,72302.0,10824.0,2016,35.0,Boros
Roda2,Sport,234.2,1,27.6,169.7,Manual,Bensin,Liquid-cooled,22.8,250467.0,11471.0,2022,28.0,Boros
Roda4,MPV,1696.3,4,117.0,1375.8,CVT,Bensin,Liquid-cooled,37.6,242235.0,12110.0,2018,9.0,Boros
Roda2,Bebek,139.7,1,11.6,103.0,Manual,Bensin,Air-cooled,10.4,284273.0,13206.0,2019,42.0,Boros
Roda2,Matic,132.9,1,11.3,113.4,CVT,Bensin,Liquid-cooled,49.1,217375.0,10104.0,2026,35.0,Boros
Roda4,MPV,1405.3,4,89.8,1229.8,Automatic,Diesel,Liquid-cooled,24.4,445135.0,12470.0,2017,14.16,Hemat
Roda4,SUV,1672.4,4,124.8,1284.6,Automatic,Hybrid,Liquid-cooled,21.3,382226.0,14349.0,2017,10.8,Boros
Roda4,City Car,1460.2,4,105.0,1100.0,CVT,Bensin,Liquid-cooled,95.3,111601.0,13098.0,2019,13.0,Boros
Roda4,MPV,1705.0,4,118.4,1375.5,Manual,Diesel,Liquid-cooled,27.4,146355.0,9089.0,2017,9.47,Boros
Roda4,SUV,1925.0,4,141.6,1496.5,Automatic,Diesel,Liquid-cooled,31.7,289550.0,10824.0,2025,8.62,Boros
Roda2,Sport Besar,276.0,3,25.0,174.8,Manual,Bensin,Liquid-cooled,30.0,84238.0,10609.0,2020,24.46,Hemat
Roda2,Sport Besar,322.5,3,31.4,186.6,Manual,Bensin,Liquid-cooled,40.3,150315.0,11006.0,2026,23.35,Hemat
Roda2,Bebek,131.9,1,9.9,100.1,Manual,Bensin,Air-cooled,79.4,236805.0,12886.0,2020,42.0,Boros
Roda2,Bebek,129.3,1,9.7,104.9,Manual,Bensin,Air-cooled,36.5,134362.0,13509.0,2017,42.0,Boros
Roda4,MPV,1354.8,4,90.4,1153.3,CVT,Bensin,Liquid-cooled,88.2,277317.0,10187.0,2020,12.86,Hemat
Roda4,MPV,1577.2,4,115.9,1302.3,CVT,Diesel,Liquid-cooled,59.8,354887.0,10111.0,2015,12.09,Hemat
Roda4,SUV,1797.0,4,135.5,1443.8,Automatic,Hybrid,Liquid-cooled,39.7,484525.0,14167.0,2019,10.44,Boros
Roda4,MPV,1585.2,4,102.6,1346.6,Manual,Diesel,Liquid-cooled,31.4,146878.0,9013.0,2015,9.17,Boros
Roda2,Matic,129.2,1,12.1,108.5,CVT,Bensin,Liquid-cooled,49.1,81486.0,10738.0,2021,39.67,Boros
Roda4,SUV,1945.8,4,147.2,1578.9,DCT,Diesel,Liquid-cooled,83.4,115785.0,9795.0,2020,8.0,Boros
Roda4,SUV,1970.3,4,142.6,1563.4,CVT,Hybrid,Liquid-cooled,33.1,162040.0,14270.0,2017,8.0,Boros
Roda4,SUV,1941.5,4,143.5,1554.6,Manual,Diesel,Liquid-cooled,57.7,455178.0,9896.0,2015,8.0,Boros
Roda2,Sport Besar,391.9,4,26.5,192.3,Manual,Bensin,Liquid-cooled,15.7,52394.0,12207.0,2022,18.24,Boros
Roda4,MPV,1773.0,4,127.6,1406.1,Manual,Diesel,Liquid-cooled,17.7,266338.0,8098.0,2023,9.91,Boros
Roda4,MPV,1411.2,4,101.6,1188.2,Manual,Bensin,Liquid-cooled,36.6,250138.0,11549.0,2022,13.14,Hemat
Roda2,Matic,146.4,1,13.4,112.4,CVT,Bensin,Liquid-cooled,46.0,195590.0,11816.0,2020,36.55,Boros
Roda2,Bebek,143.0,1,12.0,109.3,Manual,Bensin,Air-cooled,18.8,195430.0,12989.0,2026,42.0,Boros
Roda4,City Car,1192.3,3,73.6,927.4,Manual,Bensin,Liquid-cooled,77.6,525462.0,10385.0,2016,13.0,Boros
Roda4,City Car,1432.6,4,97.3,1090.6,Manual,Bensin,Liquid-cooled,87.5,151716.0,10539.0,2020,13.0,Boros
Roda2,Matic,127.8,1,10.6,105.8,CVT,Bensin,Air-cooled,37.8,115731.0,11464.0,2016,47.59,Hemat
Roda4,MPV,1530.0,4,99.9,1295.3,Automatic,Diesel,Liquid-cooled,93.5,320944.0,9292.0,2019,12.99,Hemat
Roda2,Sport,248.9,1,30.0,161.6,Manual,Bensin,Liquid-cooled,62.8,282689.0,12695.0,2024,28.0,Boros
Roda4,MPV,1366.7,4,91.4,1100.0,Manual,Diesel,Liquid-cooled,42.5,308399.0,11179.0,2021,14.7,Hemat
Roda4,SUV,1802.5,4,128.3,1420.6,CVT,Bensin,Liquid-cooled,26.9,576658.0,11739.0,2019,9.25,Boros
Roda4,SUV,1657.6,4,116.7,1371.5,Automatic,Diesel,Liquid-cooled,62.8,590255.0,9685.0,2022,11.51,Hemat
Roda2,Bebek,121.3,1,10.3,95.8,Manual,Bensin,Air-cooled,46.8,170409.0,10690.0,2021,43.2,Boros
Roda2,Sport,209.1,2,26.4,147.6,Manual,Bensin,Liquid-cooled,18.5,116424.0,13260.0,2015,28.0,Boros
Roda2,Sport Besar,474.2,4,50.7,210.7,Manual,Bensin,Liquid-cooled,48.3,109242.0,10435.0,2023,16.0,Boros
Roda4,City Car,1043.1,3,68.7,824.2,CVT,Bensin,Liquid-cooled,30.7,256008.0,11657.0,2016,17.18,Hemat
Roda2,Matic,121.0,1,11.1,107.8,CVT,Bensin,Liquid-cooled,26.7,120132.0,13200.0,2015,35.69,Boros
Roda2,Sport,169.0,2,17.5,130.0,Manual,Bensin,Liquid-cooled,39.3,216431.0,10213.0,2017,29.58,Boros
Roda4,MPV,1677.8,4,119.5,1401.8,Manual,Bensin,Liquid-cooled,52.0,366694.0,11368.0,2024,9.0,Boros
Roda4,SUV,1597.6,4,100.0,1226.0,Automatic,Bensin,Liquid-cooled,41.5,345683.0,11223.0,2026,9.79,Boros
Roda2,Matic,130.6,1,11.2,107.0,CVT,Bensin,Liquid-cooled,16.0,292382.0,10151.0,2024,40.96,Boros
Roda4,MPV,1716.8,4,123.2,1466.3,CVT,Bensin,Liquid-cooled,90.6,393588.0,12911.0,2019,9.0,Boros
Roda2,Matic,144.6,1,15.9,115.0,CVT,Bensin,Liquid-cooled,49.3,53401.0,11606.0,2015,35.0,Boros
Roda4,SUV,1604.9,4,112.0,1284.4,DCT,Diesel,Liquid-cooled,46.1,510622.0,8948.0,2015,10.6,Boros
Roda2,Sport Besar,648.0,4,64.0,234.1,Manual,Bensin,Liquid-cooled,77.6,145818.0,13721.0,2018,16.0,Boros
Roda4,SUV,1778.2,4,124.2,1333.2,Automatic,Bensin,Liquid-cooled,96.3,564838.0,11069.0,2018,8.78,Boros
Roda4,SUV,1605.3,4,110.6,1320.6,DCT,Bensin,Liquid-cooled,78.2,203448.0,13522.0,2017,10.45,Boros
Roda4,SUV,1843.5,4,132.6,1519.1,Automatic,Hybrid,Liquid-cooled,59.6,153871.0,14377.0,2025,10.39,Boros
Roda2,Sport,197.8,2,22.5,145.7,Manual,Bensin,Liquid-cooled,57.7,143203.0,13423.0,2023,28.2,Boros
Roda4,MPV,1489.9,4,100.2,1246.8,Automatic,Bensin,Liquid-cooled,34.6,475774.0,13386.0,2025,9.0,Boros
Roda4,MPV,1401.4,4,95.5,1197.3,CVT,Bensin,Liquid-cooled,72.0,542048.0,12695.0,2023,12.51,Hemat
Roda4,SUV,1799.2,4,134.4,1466.5,Manual,Hybrid,Liquid-cooled,41.8,159350.0,14064.0,2021,9.39,Boros
Roda4,MPV,1359.4,4,88.0,1100.0,Automatic,Bensin,Liquid-cooled,64.0,127771.0,10685.0,2021,12.59,Hemat
Roda2,Sport Besar,533.4,4,55.8,230.1,Manual,Bensin,Liquid-cooled,72.3,189686.0,13601.0,2015,16.0,Boros
Roda2,Sport Besar,540.2,4,56.8,217.4,Manual,Bensin,Liquid-cooled,13.9,96605.0,10009.0,2019,16.0,Boros
Roda4,MPV,1397.3,4,87.6,1200.3,CVT,Diesel,Liquid-cooled,84.9,176918.0,10308.0,2018,15.88,Hemat
Roda4,City Car,1121.8,3,72.6,814.8,Automatic,Bensin,Liquid-cooled,59.8,373860.0,13614.0,2022,18.06,Hemat
Roda2,Sport Besar,631.3,3,69.7,250.0,Manual,Bensin,Liquid-cooled,14.2,206802.0,10801.0,2023,16.0,Boros
Roda4,City Car,1008.1,3,67.2,800.0,CVT,Bensin,Liquid-cooled,65.1,142470.0,13167.0,2018,18.97,Hemat
Roda2,Bebek,101.1,1,7.0,91.0,Manual,Bensin,Air-cooled,55.3,82087.0,12536.0,2025,56.33,Hemat
Roda2,Bebek,103.6,1,7.0,92.8,Manual,Bensin,Air-cooled,66.2,190469.0,12889.0,2024,50.81,Hemat
Roda2,Sport Besar,330.2,2,36.2,166.4,Manual,Bensin,Liquid-cooled,38.6,160691.0,10984.0,2021,25.05,Hemat
Roda4,MPV,1399.6,4,96.6,1224.1,Automatic,Bensin,Liquid-cooled,53.9,412017.0,13736.0,2018,11.0,Boros
Roda4,SUV,1681.1,4,117.0,1231.0,Manual,Bensin,Liquid-cooled,38.7,303486.0,12259.0,2026,11.22,Hemat
Roda2,Sport,227.5,1,27.4,156.6,Manual,Bensin,Liquid-cooled,15.0,162918.0,13784.0,2026,28.0,Boros
Roda4,City Car,1048.7,4,67.0,852.0,Manual,Bensin,Liquid-cooled,53.0,159831.0,13658.0,2026,16.56,Hemat
Roda2,Matic,120.4,1,10.7,100.6,CVT,Bensin,Air-cooled,33.2,294310.0,13367.0,2025,47.53,Hemat
Roda4,SUV,1626.1,4,113.7,1327.0,CVT,Diesel,Liquid-cooled,38.9,152268.0,8406.0,2016,11.42,Hemat
Roda2,Sport,235.0,2,29.2,155.5,Manual,Bensin,Liquid-cooled,48.1,251245.0,11212.0,2025,28.0,Boros
Roda4,MPV,1485.9,4,100.2,1318.0,Automatic,Bensin,Liquid-cooled,19.4,381738.0,11629.0,2015,9.75,Boros
Roda4,City Car,1166.4,4,77.4,943.1,CVT,Bensin,Liquid-cooled,54.9,517612.0,10393.0,2018,16.97,Hemat
Roda2,Sport,245.9,1,30.0,170.0,Manual,Bensin,Liquid-cooled,40.3,217480.0,11012.0,2017,28.0,Boros
Roda4,MPV,1560.1,4,109.3,1289.1,Manual,Bensin,Liquid-cooled,68.4,543937.0,11576.0,2019,9.99,Boros
Roda4,SUV,1918.9,4,142.1,1567.2,Manual,Hybrid,Liquid-cooled,78.4,378131.0,14245.0,2024,8.0,Boros
Roda4,MPV,1405.8,4,95.7,1189.8,Manual,Bensin,Liquid-cooled,83.8,365055.0,10556.0,2020,11.61,Boros
Roda4,SUV,1548.0,4,107.0,1237.4,Manual,Hybrid,Liquid-cooled,26.6,489768.0,13914.0,2022,14.14,Hemat
Roda2,Sport Besar,457.6,2,49.7,221.4,Manual,Bensin,Liquid-cooled,31.1,69306.0,13332.0,2015,16.0,Boros
Roda2,Bebek,148.8,1,12.0,110.0,Manual,Bensin,Air-cooled,54.8,262626.0,12889.0,2017,42.0,Boros
Roda2,Sport,174.9,1,19.6,133.0,Manual,Bensin,Liquid-cooled,36.6,271097.0,10983.0,2023,29.88,Boros
Roda4,MPV,1717.2,4,116.9,1433.0,Automatic,Diesel,Liquid-cooled,15.3,120420.0,7431.0,2026,9.0,Boros
Roda2,Sport,194.0,1,21.2,131.8,Manual,Bensin,Liquid-cooled,38.1,251537.0,10449.0,2025,31.76,Boros
Roda2,Matic,134.4,1,13.1,110.0,CVT,Bensin,Liquid-cooled,74.8,104448.0,12704.0,2019,35.0,Boros
Roda4,MPV,1494.6,4,102.3,1227.3,Manual,Diesel,Liquid-cooled,28.8,337348.0,12223.0,2024,14.05,Hemat
Roda4,MPV,1448.2,4,93.7,1199.5,Automatic,Bensin,Liquid-cooled,58.4,521246.0,13599.0,2021,11.94,Boros
Roda4,SUV,1969.4,4,146.3,1586.2,Manual,Hybrid,Liquid-cooled,94.1,310072.0,13962.0,2020,8.0,Boros
Roda2,Matic,132.0,1,11.5,106.8,CVT,Bensin,Liquid-cooled,55.2,61193.0,12114.0,2021,38.3,Boros
Roda2,Sport Besar,258.3,4,29.0,176.9,Manual,Bensin,Liquid-cooled,24.2,221833.0,10380.0,2016,20.24,Boros
Roda2,Matic,157.9,1,16.0,124.5,CVT,Bensin,Air-cooled,13.6,53205.0,13103.0,2020,35.0,Boros
Roda2,Matic,127.5,1,11.5,102.4,CVT,Bensin,Air-cooled,43.0,226661.0,13668.0,2020,43.26,Hemat
Roda4,City Car,1089.4,3,74.9,828.0,Automatic,Bensin,Liquid-cooled,75.9,524907.0,11612.0,2025,16.06,Hemat
Roda4,City Car,1363.3,4,98.0,991.8,Automatic,Bensin,Liquid-cooled,43.8,403052.0,13422.0,2016,13.0,Boros
Roda2,Matic,157.9,1,15.7,119.7,CVT,Bensin,Liquid-cooled,68.4,249941.0,11347.0,2018,35.0,Boros
Roda4,MPV,1552.0,4,103.3,1297.2,Manual,Bensin,Liquid-cooled,90.0,198498.0,11402.0,2023,9.0,Boros
Roda4,MPV,1786.9,4,130.0,1490.5,Manual,Diesel,Liquid-cooled,59.2,256927.0,13154.0,2016,9.0,Boros
Roda2,Sport Besar,421.0,2,43.8,200.8,Manual,Bensin,Liquid-cooled,55.7,184875.0,12372.0,2018,16.0,Boros
Roda4,MPV,1713.7,4,123.5,1385.4,Manual,Bensin,Liquid-cooled,20.9,190819.0,10590.0,2019,9.0,Boros
Roda2,Bebek,127.1,1,10.1,101.3,Manual,Bensin,Air-cooled,49.6,222221.0,13406.0,2020,50.71,Hemat
Roda4,City Car,1106.3,3,77.9,866.4,CVT,Bensin,Liquid-cooled,30.3,259866.0,12392.0,2023,19.32,Hemat
Roda2,Matic,131.2,1,12.2,110.8,CVT,Bensin,Liquid-cooled,45.4,149660.0,10467.0,2023,36.2,Boros
Roda2,Bebek,141.5,1,10.2,107.6,Manual,Bensin,Air-cooled,66.8,135462.0,11691.0,2026,42.0,Boros
Roda2,Sport,168.4,2,19.1,135.9,Manual,Bensin,Liquid-cooled,49.7,248424.0,10237.0,2025,37.8,Hemat
Roda2,Bebek,147.1,1,10.7,109.7,Manual,Bensin,Air-cooled,24.5,118490.0,10837.0,2024,42.0,Boros
Roda2,Matic,117.6,1,9.8,97.3,CVT,Bensin,Air-cooled,47.7,248042.0,11930.0,2023,47.67,Hemat
Roda4,SUV,1671.0,4,113.3,1334.2,Manual,Bensin,Liquid-cooled,67.8,298773.0,13082.0,2019,10.12,Boros
Roda4,SUV,1670.3,4,117.7,1386.9,Manual,Bensin,Liquid-cooled,36.4,269897.0,11815.0,2025,9.99,Boros
Roda2,Sport Besar,568.8,4,55.1,232.6,Manual,Bensin,Liquid-cooled,35.8,198504.0,12704.0,2023,16.11,Boros
Roda4,SUV,1880.1,4,134.3,1457.1,Manual,Hybrid,Liquid-cooled,25.7,470164.0,14492.0,2018,10.52,Boros
Roda2,Matic,124.6,1,9.8,105.7,CVT,Bensin,Air-cooled,65.1,133504.0,13243.0,2022,51.09,Hemat
Roda4,City Car,1008.0,4,65.0,800.0,Manual,Bensin,Liquid-cooled,50.0,170765.0,10421.0,2018,17.65,Hemat
Roda4,SUV,1687.5,4,118.9,1409.5,CVT,Bensin,Liquid-cooled,52.9,313130.0,12403.0,2017,10.78,Boros
Roda4,City Car,1495.5,3,103.9,1041.7,Manual,Bensin,Liquid-cooled,81.0,511915.0,10286.0,2023,13.0,Boros
Roda4,SUV,1754.9,4,118.1,1366.8,CVT,Diesel,Liquid-cooled,53.1,260287.0,12431.0,2020,12.11,Hemat
Roda2,Matic,154.0,1,15.2,123.0,CVT,Bensin,Liquid-cooled,76.4,299654.0,10918.0,2019,35.0,Boros
Roda2,Bebek,116.4,1,8.2,95.4,Manual,Bensin,Air-cooled,42.0,239880.0,10803.0,2020,54.88,Hemat
Roda2,Sport,248.2,2,28.1,170.0,Manual,Bensin,Liquid-cooled,71.0,105208.0,13087.0,2020,28.0,Boros
Roda2,Matic,146.5,1,15.1,115.3,CVT,Bensin,Air-cooled,72.2,146895.0,12247.0,2022,35.0,Boros
Roda2,Bebek,135.6,1,10.3,102.9,Manual,Bensin,Air-cooled,13.4,170894.0,10057.0,2026,42.0,Boros
Roda4,City Car,1283.3,3,85.9,962.0,Manual,Bensin,Liquid-cooled,74.4,453450.0,11767.0,2024,13.0,Boros
Roda2,Sport,233.8,1,27.2,158.4,Manual,Bensin,Liquid-cooled,39.2,216246.0,10818.0,2021,28.0,Boros
Roda4,City Car,1102.0,4,73.5,815.3,Automatic,Bensin,Liquid-cooled,64.0,122877.0,12576.0,2016,15.31,Hemat
Roda4,SUV,1583.6,4,105.4,1290.2,CVT,Bensin,Liquid-cooled,24.6,281256.0,10240.0,2023,12.78,Hemat
Roda4,City Car,1060.0,4,75.2,848.1,CVT,Bensin,Liquid-cooled,89.5,515701.0,11978.0,2022,19.29,Hemat
Roda2,Matic,133.1,1,11.8,107.4,CVT,Bensin,Liquid-cooled,66.7,71894.0,12472.0,2023,40.81,Boros
Roda4,MPV,1599.5,4,105.1,1346.3,Manual,Bensin,Liquid-cooled,82.1,575977.0,12433.0,2016,10.3,Boros
Roda2,Sport,216.8,1,24.0,152.0,Manual,Bensin,Liquid-cooled,71.2,50273.0,12068.0,2020,28.0,Boros
Roda2,Sport,174.0,1,16.4,129.4,Manual,Bensin,Liquid-cooled,37.3,127066.0,12826.0,2015,31.47,Boros
Roda2,Sport Besar,550.1,3,49.8,219.5,Manual,Bensin,Liquid-cooled,56.7,266725.0,11328.0,2026,16.1,Boros
Roda2,Matic,134.3,1,12.3,112.9,CVT,Bensin,Air-cooled,43.1,173984.0,13156.0,2024,35.49,Boros
Roda2,Sport Besar,398.4,3,42.8,203.3,Manual,Bensin,Liquid-cooled,51.4,79133.0,12899.0,2024,20.32,Boros
Roda4,SUV,1869.8,4,135.0,1518.5,DCT,Bensin,Liquid-cooled,33.7,333000.0,13338.0,2020,8.0,Boros
Roda4,City Car,1266.8,3,81.4,971.9,Automatic,Bensin,Liquid-cooled,77.4,270416.0,13515.0,2018,13.0,Boros
Roda4,MPV,1393.9,4,101.5,1243.7,CVT,Bensin,Liquid-cooled,36.7,135841.0,11514.0,2015,10.75,Boros
Roda4,City Car,1260.0,4,92.4,950.3,CVT,Bensin,Liquid-cooled,73.0,477531.0,13793.0,2020,13.0,Boros
Roda4,City Car,1097.2,4,71.2,855.9,Automatic,Bensin,Liquid-cooled,46.8,337567.0,11643.0,2022,17.51,Hemat
Roda4,SUV,1566.3,4,100.0,1354.9,DCT,Hybrid,Liquid-cooled,47.4,594042.0,14305.0,2024,14.7,Hemat
Roda4,City Car,1028.7,3,69.4,852.1,Manual,Bensin,Liquid-cooled,56.0,344319.0,12410.0,2015,16.01,Hemat
Roda4,MPV,1523.8,4,103.6,1276.0,Automatic,Diesel,Liquid-cooled,82.2,412318.0,8984.0,2019,13.63,Hemat
Roda2,Matic,122.2,1,11.5,104.2,CVT,Bensin,Air-cooled,24.9,206256.0,13163.0,2024,41.53,Boros
Roda2,Sport,177.1,2,17.3,135.9,Manual,Bensin,Liquid-cooled,77.9,199323.0,10925.0,2022,28.0,Boros
Roda2,Matic,121.0,1,11.0,102.2,CVT,Bensin,Air-cooled,37.5,291206.0,12230.0,2023,54.04,Hemat
Roda4,MPV,1450.8,4,94.2,1243.0,CVT,Diesel,Liquid-cooled,31.5,287057.0,9176.0,2020,15.16,Hemat
Roda4,City Car,1471.3,3,97.6,1037.9,CVT,Bensin,Liquid-cooled,18.6,597884.0,11401.0,2022,13.0,Boros
Roda2,Matic,140.5,1,12.9,114.1,CVT,Bensin,Air-cooled,60.2,269077.0,11062.0,2017,43.75,Hemat
Roda2,Bebek,101.5,1,7.2,90.0,Manual,Bensin,Air-cooled,46.5,274144.0,10766.0,2022,64.38,Hemat
Roda4,MPV,1435.8,4,94.8,1228.1,CVT,Diesel,Liquid-cooled,53.0,195665.0,6961.0,2021,14.5,Hemat
Roda4,SUV,1611.4,4,111.7,1276.9,Manual,Bensin,Liquid-cooled,39.1,533505.0,10128.0,2018,9.74,Boros
Roda4,SUV,1692.3,4,116.0,1354.2,CVT,Bensin,Liquid-cooled,94.6,137108.0,10813.0,2015,10.67,Boros
Roda2,Sport,182.7,2,21.3,133.3,Manual,Bensin,Liquid-cooled,22.4,251280.0,13299.0,2017,32.58,Boros
Roda2,Bebek,121.3,1,8.6,95.3,Manual,Bensin,Air-cooled,52.7,122158.0,12267.0,2015,44.42,Boros
Roda4,City Car,1328.0,4,83.9,1038.5,Manual,Bensin,Liquid-cooled,93.2,145513.0,12682.0,2024,13.0,Boros
Roda4,SUV,1774.6,4,125.6,1455.8,CVT,Hybrid,Liquid-cooled,68.0,464275.0,14475.0,2021,11.33,Hemat
Roda2,Sport Besar,498.2,3,52.2,213.9,Manual,Bensin,Liquid-cooled,68.7,170580.0,13515.0,2020,19.96,Boros
Roda2,Matic,116.5,1,10.5,95.0,CVT,Bensin,Liquid-cooled,78.4,156710.0,11528.0,2020,49.15,Hemat
Roda2,Bebek,139.1,1,11.6,106.0,Manual,Bensin,Air-cooled,19.9,280157.0,10365.0,2020,42.0,Boros
Roda2,Sport,167.6,2,18.0,120.0,Manual,Bensin,Liquid-cooled,46.2,130813.0,13462.0,2016,36.69,Hemat
Roda4,MPV,1443.3,4,97.1,1174.7,Manual,Diesel,Liquid-cooled,79.1,462828.0,9794.0,2024,13.26,Hemat
Roda2,Matic,121.6,1,11.0,100.9,CVT,Bensin,Air-cooled,39.6,113077.0,13835.0,2018,41.34,Boros
Roda4,MPV,1738.0,4,125.0,1465.9,CVT,Diesel,Liquid-cooled,57.7,104395.0,6994.0,2018,9.18,Boros
Roda4,MPV,1659.0,4,113.5,1357.4,Manual,Bensin,Liquid-cooled,47.2,343612.0,10677.0,2019,9.0,Boros
Roda4,SUV,1601.2,4,108.6,1287.2,CVT,Hybrid,Liquid-cooled,23.2,214675.0,14047.0,2017,12.08,Hemat
Roda4,MPV,1448.8,4,93.3,1241.4,Automatic,Bensin,Liquid-cooled,84.6,137902.0,12239.0,2019,10.4,Boros
Roda4,City Car,1025.8,4,65.0,811.4,Automatic,Bensin,Liquid-cooled,23.8,315004.0,13227.0,2019,18.59,Hemat
Roda4,MPV,1300.1,4,91.4,1142.5,Manual,Diesel,Liquid-cooled,67.4,432577.0,6970.0,2016,15.21,Hemat
Roda2,Sport Besar,349.6,3,40.9,185.6,Manual,Bensin,Liquid-cooled,62.3,285390.0,11653.0,2019,22.06,Hemat
Roda4,MPV,1391.3,4,107.5,1234.7,Manual,Bensin,Liquid-cooled,22.9,433046.0,11888.0,2022,10.22,Boros
Roda2,Sport,193.6,2,22.5,140.0,Manual,Bensin,Liquid-cooled,70.5,57320.0,11715.0,2020,32.5,Boros
Roda2,Matic,133.5,1,12.1,112.5,CVT,Bensin,Liquid-cooled,79.3,118137.0,13412.0,2017,35.0,Boros
Roda2,Matic,124.5,1,11.1,106.1,CVT,Bensin,Liquid-cooled,57.1,258958.0,10718.0,2015,37.56,Boros
Roda4,City Car,1212.4,3,74.0,952.4,CVT,Bensin,Liquid-cooled,91.1,291578.0,11103.0,2015,14.79,Boros
Roda4,City Car,1188.3,4,85.9,875.6,Automatic,Bensin,Liquid-cooled,56.8,516367.0,12855.0,2026,13.97,Boros
Roda4,City Car,1365.6,3,88.9,1008.2,Manual,Bensin,Liquid-cooled,89.6,562408.0,11986.0,2015,13.0,Boros
Roda2,Matic,155.7,1,15.8,119.1,CVT,Bensin,Air-cooled,21.5,233988.0,11175.0,2026,37.57,Boros
Roda2,Bebek,147.2,1,12.0,109.3,Manual,Bensin,Air-cooled,51.3,51609.0,13013.0,2025,42.0,Boros
Roda4,SUV,1987.0,4,141.9,1600.0,CVT,Hybrid,Liquid-cooled,97.6,338866.0,14472.0,2019,8.0,Boros
Roda4,MPV,1643.8,4,111.8,1419.5,Manual,Diesel,Liquid-cooled,74.7,274286.0,11586.0,2017,9.72,Boros
Roda4,MPV,1440.9,4,99.3,1224.1,CVT,Bensin,Liquid-cooled,72.5,218775.0,12259.0,2018,11.12,Boros
Roda4,SUV,1703.9,4,117.9,1384.5,CVT,Hybrid,Liquid-cooled,77.1,432245.0,14418.0,2026,13.48,Hemat
Roda2,Matic,125.9,1,12.2,101.1,CVT,Bensin,Liquid-cooled,10.6,229032.0,11343.0,2023,39.19,Boros
Roda2,Sport Besar,379.0,2,44.7,182.8,Manual,Bensin,Liquid-cooled,69.0,274776.0,10678.0,2017,17.2,Boros
Roda2,Sport Besar,632.2,2,69.2,234.6,Manual,Bensin,Liquid-cooled,36.9,77466.0,11887.0,2025,16.0,Boros
Roda4,SUV,1978.8,4,150.0,1600.0,DCT,Hybrid,Liquid-cooled,45.2,179213.0,14237.0,2022,8.09,Boros
Roda4,SUV,1695.0,4,114.7,1372.0,CVT,Bensin,Liquid-cooled,34.7,124931.0,10224.0,2019,9.99,Boros
Roda4,SUV,1524.1,4,100.0,1241.1,DCT,Bensin,Liquid-cooled,19.7,438678.0,12057.0,2022,12.21,Hemat
Roda4,MPV,1332.4,4,85.0,1100.0,Automatic,Diesel,Liquid-cooled,38.4,254945.0,11773.0,2019,13.79,Hemat
Roda2,Matic,146.7,1,14.3,114.7,CVT,Bensin,Liquid-cooled,18.2,153848.0,10728.0,2016,38.76,Boros
Roda4,SUV,1876.3,4,140.0,1572.3,DCT,Diesel,Liquid-cooled,86.2,268644.0,9508.0,2016,8.0,Boros
Roda4,City Car,1206.4,3,83.0,975.8,Manual,Bensin,Liquid-cooled,37.6,129719.0,12121.0,2016,13.0,Boros
Roda4,MPV,1666.0,4,121.0,1362.0,Automatic,Diesel,Liquid-cooled,97.6,541707.0,10404.0,2024,9.0,Boros
Roda2,Matic,153.0,1,15.3,121.3,CVT,Bensin,Liquid-cooled,39.6,119689.0,11837.0,2021,35.0,Boros
Roda2,Sport,208.7,1,24.0,155.6,Manual,Bensin,Liquid-cooled,15.2,116126.0,10782.0,2018,28.0,Boros
Roda2,Matic,148.8,1,14.5,118.3,CVT,Bensin,Liquid-cooled,61.2,218787.0,10948.0,2022,35.0,Boros
Roda4,SUV,1990.4,4,148.6,1587.7,CVT,Bensin,Liquid-cooled,85.0,174172.0,11019.0,2020,8.0,Boros
Roda4,MPV,1303.6,4,85.0,1100.0,Manual,Diesel,Liquid-cooled,61.6,146041.0,8014.0,2017,16.15,Hemat
Roda4,City Car,1463.9,4,102.4,1042.0,Automatic,Bensin,Liquid-cooled,57.4,259778.0,11963.0,2020,13.0,Boros
Roda4,SUV,1578.7,4,111.8,1200.0,Manual,Hybrid,Liquid-cooled,97.2,169370.0,14184.0,2023,12.89,Hemat
Roda4,SUV,1980.4,4,141.9,1552.1,DCT,Bensin,Liquid-cooled,51.6,271037.0,11656.0,2015,8.0,Boros
Roda2,Sport,158.0,2,15.6,131.9,Manual,Bensin,Liquid-cooled,16.1,173825.0,13630.0,2016,32.62,Boros
Roda2,Matic,136.9,1,12.0,108.4,CVT,Bensin,Air-cooled,50.7,227289.0,13354.0,2023,39.65,Boros
Roda4,MPV,1754.2,4,125.6,1469.6,CVT,Diesel,Liquid-cooled,60.1,296931.0,7670.0,2016,9.0,Boros
Roda4,City Car,1160.5,4,76.1,905.9,Automatic,Bensin,Liquid-cooled,26.8,372952.0,13875.0,2023,17.66,Hemat
Roda2,Bebek,117.7,1,8.9,100.0,Manual,Bensin,Air-cooled,33.1,236184.0,11608.0,2020,44.26,Boros
Roda4,City Car,1204.7,4,78.9,916.2,Automatic,Bensin,Liquid-cooled,19.6,481283.0,11312.0,2021,14.32,Boros
Roda2,Bebek,139.8,1,10.4,105.3,Manual,Bensin,Air-cooled,61.6,242150.0,10950.0,2019,42.0,Boros
Roda4,City Car,1100.1,4,68.9,873.2,CVT,Bensin,Liquid-cooled,38.0,330714.0,10116.0,2023,14.48,Boros
Roda2,Matic,150.1,1,15.2,121.0,CVT,Bensin,Liquid-cooled,25.4,265552.0,12897.0,2023,35.0,Boros
Roda2,Sport Besar,542.0,2,57.5,232.5,Manual,Bensin,Liquid-cooled,31.0,263803.0,11973.0,2017,16.0,Boros
Roda2,Sport Besar,304.6,4,26.5,179.5,Manual,Bensin,Liquid-cooled,30.6,63370.0,11964.0,2020,21.5,Boros
Roda4,MPV,1644.1,4,116.9,1391.1,Automatic,Bensin,Liquid-cooled,91.2,290912.0,13899.0,2021,9.0,Boros
Roda2,Bebek,136.0,1,10.5,106.6,Manual,Bensin,Air-cooled,53.7,67944.0,12662.0,2018,42.0,Boros
Roda2,Sport Besar,437.7,3,44.0,197.6,Manual,Bensin,Liquid-cooled,58.0,169454.0,10318.0,2022,19.78,Boros
Roda2,Matic,154.5,1,14.7,124.6,CVT,Bensin,Liquid-cooled,77.2,208267.0,12161.0,2016,35.0,Boros
Roda2,Bebek,117.4,1,8.8,96.0,Manual,Bensin,Air-cooled,42.3,101583.0,11421.0,2019,55.36,Hemat
Roda2,Sport Besar,602.5,3,70.0,241.7,Manual,Bensin,Liquid-cooled,29.6,66314.0,12012.0,2018,16.0,Boros
Roda4,City Car,1073.0,3,70.9,854.7,Automatic,Bensin,Liquid-cooled,21.5,166674.0,10046.0,2022,19.14,Hemat
Roda2,Sport,164.2,1,16.8,120.0,Manual,Bensin,Liquid-cooled,78.6,138647.0,13855.0,2026,40.59,Hemat
Roda4,SUV,1625.8,4,111.2,1263.2,Automatic,Hybrid,Liquid-cooled,49.2,369745.0,13971.0,2015,13.16,Hemat
Roda2,Sport Besar,389.9,4,41.0,199.8,Manual,Bensin,Liquid-cooled,59.7,146429.0,13560.0,2024,22.57,Hemat
Roda2,Matic,114.3,1,10.3,95.3,CVT,Bensin,Air-cooled,68.5,60915.0,10923.0,2019,50.68,Hemat
Roda4,MPV,1683.4,4,117.3,1437.2,Manual,Bensin,Liquid-cooled,87.8,203911.0,11642.0,2023,9.0,Boros
Roda2,Matic,116.0,1,10.2,103.6,CVT,Bensin,Air-cooled,11.9,255960.0,10778.0,2019,51.95,Hemat
Roda4,City Car,1442.4,3,95.7,1051.0,Manual,Bensin,Liquid-cooled,91.4,474288.0,13681.0,2019,13.0,Boros
Roda4,City Car,1051.5,4,76.2,834.3,Automatic,Bensin,Liquid-cooled,26.2,441300.0,13631.0,2018,15.94,Hemat
Roda2,Bebek,130.4,1,9.6,101.5,Manual,Bensin,Air-cooled,60.4,154497.0,10346.0,2016,42.0,Boros
Roda2,Bebek,135.8,1,11.2,105.0,Manual,Bensin,Air-cooled,34.0,106838.0,11652.0,2024,42.0,Boros
Roda2,Sport,222.3,2,29.5,158.2,Manual,Bensin,Liquid-cooled,53.7,57219.0,11704.0,2021,28.0,Boros
Roda2,Sport Besar,302.5,4,28.3,169.6,Manual,Bensin,Liquid-cooled,31.8,196935.0,13339.0,2020,25.65,Hemat
Roda4,City Car,1428.0,4,99.5,1062.7,CVT,Bensin,Liquid-cooled,45.8,316177.0,10450.0,2018,13.0,Boros
Roda4,SUV,1871.8,4,136.2,1522.9,Automatic,Diesel,Liquid-cooled,83.1,286680.0,9214.0,2018,8.0,Boros
Roda4,City Car,1375.1,4,105.0,1005.6,Manual,Bensin,Liquid-cooled,49.5,410106.0,11586.0,2019,13.0,Boros
Roda4,SUV,1736.2,4,134.2,1400.8,Automatic,Diesel,Liquid-cooled,79.6,539697.0,7918.0,2026,9.16,Boros
Roda2,Sport Besar,382.3,2,42.5,187.4,Manual,Bensin,Liquid-cooled,54.8,79197.0,11814.0,2018,21.66,Boros
Roda4,City Car,1059.6,3,73.5,826.2,CVT,Bensin,Liquid-cooled,17.7,227370.0,11669.0,2022,18.5,Hemat
Roda4,SUV,1882.8,4,128.4,1471.9,Automatic,Bensin,Liquid-cooled,60.1,363059.0,13773.0,2025,8.0,Boros
Roda2,Matic,134.8,1,12.7,113.2,CVT,Bensin,Air-cooled,76.0,258048.0,12431.0,2015,35.0,Boros
Roda4,City Car,1015.7,4,66.9,800.2,Manual,Bensin,Liquid-cooled,70.5,173788.0,11905.0,2026,16.2,Hemat
Roda4,SUV,1772.0,4,128.6,1425.5,DCT,Diesel,Liquid-cooled,87.1,496801.0,9196.0,2016,8.2,Boros
Roda2,Sport,155.4,1,15.2,123.9,Manual,Bensin,Liquid-cooled,64.2,238064.0,13515.0,2018,33.44,Hemat
Roda4,MPV,1763.4,4,122.1,1472.7,Manual,Diesel,Liquid-cooled,28.0,476957.0,8177.0,2017,9.0,Boros
Roda4,City Car,1446.2,3,99.5,1071.1,CVT,Bensin,Liquid-cooled,34.0,366203.0,12051.0,2025,13.0,Boros
Roda4,SUV,1980.1,4,140.7,1555.6,CVT,Bensin,Liquid-cooled,68.4,326077.0,13679.0,2015,8.0,Boros
Roda4,SUV,1769.5,4,125.9,1358.6,DCT,Diesel,Liquid-cooled,51.3,494524.0,7473.0,2019,9.84,Boros
Roda2,Matic,149.8,1,13.8,118.1,CVT,Bensin,Liquid-cooled,23.3,102880.0,12172.0,2023,35.0,Boros
Roda2,Sport,240.0,2,30.0,164.4,Manual,Bensin,Liquid-cooled,76.0,163150.0,11950.0,2016,28.0,Boros
Roda4,City Car,1115.2,3,70.8,864.9,Manual,Bensin,Liquid-cooled,68.1,285945.0,10441.0,2026,13.56,Boros
Roda2,Bebek,129.8,1,9.4,102.8,Manual,Bensin,Air-cooled,23.8,234357.0,11117.0,2022,42.0,Boros
Roda2,Sport Besar,390.4,3,45.3,175.5,Manual,Bensin,Liquid-cooled,37.9,87716.0,11799.0,2015,18.01,Boros
Roda4,SUV,1874.5,4,132.4,1464.2,Manual,Hybrid,Liquid-cooled,77.1,244624.0,14165.0,2018,10.29,Boros
Roda4,SUV,1758.9,4,126.6,1415.1,Automatic,Diesel,Liquid-cooled,90.1,352951.0,10110.0,2018,10.15,Boros
Roda2,Sport,214.7,1,24.9,158.2,Manual,Bensin,Liquid-cooled,27.1,253193.0,13116.0,2018,28.0,Boros
Roda4,SUV,1918.7,4,142.2,1559.3,Manual,Bensin,Liquid-cooled,43.4,544202.0,10385.0,2020,8.0,Boros
Roda4,SUV,1700.1,4,117.7,1320.1,Manual,Bensin,Liquid-cooled,55.3,434876.0,11223.0,2015,9.67,Boros
Roda2,Sport,186.6,1,23.1,131.4,Manual,Bensin,Liquid-cooled,41.9,236817.0,13574.0,2022,28.93,Boros
Roda4,MPV,1592.2,4,107.6,1302.4,Manual,Diesel,Liquid-cooled,35.0,314962.0,8295.0,2018,9.41,Boros
Roda2,Matic,111.6,1,9.0,96.4,CVT,Bensin,Air-cooled,38.2,212693.0,12055.0,2025,49.87,Hemat
Roda4,SUV,1706.7,4,109.8,1349.6,DCT,Bensin,Liquid-cooled,23.4,307218.0,11476.0,2021,8.73,Boros
Roda4,MPV,1796.9,4,130.0,1500.0,Manual,Diesel,Liquid-cooled,36.4,232719.0,7434.0,2021,9.0,Boros
Roda4,SUV,1526.7,4,108.9,1231.6,Automatic,Hybrid,Liquid-cooled,18.9,571574.0,14219.0,2015,14.18,Hemat
Roda4,MPV,1313.1,4,86.3,1100.0,Manual,Bensin,Liquid-cooled,78.1,315426.0,12361.0,2021,14.64,Hemat
Roda4,MPV,1500.8,4,104.2,1333.5,Automatic,Bensin,Liquid-cooled,38.6,300681.0,12367.0,2024,11.57,Boros
Roda2,Sport Besar,301.7,2,29.5,176.6,Manual,Bensin,Liquid-cooled,14.2,89816.0,11372.0,2018,23.76,Hemat
Roda2,Bebek,121.6,1,8.6,98.5,Manual,Bensin,Air-cooled,50.4,135517.0,13159.0,2017,50.11,Hemat
Roda2,Sport,163.2,1,17.3,120.1,Manual,Bensin,Liquid-cooled,30.4,253477.0,10848.0,2020,34.89,Hemat
Roda2,Bebek,102.8,1,7.7,93.2,Manual,Bensin,Air-cooled,77.7,207030.0,13630.0,2023,48.77,Hemat
Roda4,City Car,1418.6,4,98.6,1044.7,Manual,Bensin,Liquid-cooled,47.8,312320.0,12606.0,2023,13.0,Boros
Roda2,Sport,153.7,2,15.0,120.0,Manual,Bensin,Liquid-cooled,73.3,218763.0,11132.0,2021,40.05,Hemat
Roda4,City Car,1484.1,4,98.2,1100.0,Manual,Bensin,Liquid-cooled,23.1,229360.0,13316.0,2017,13.0,Boros
Roda2,Bebek,144.8,1,10.9,107.8,Manual,Bensin,Air-cooled,21.2,93256.0,11040.0,2026,42.0,Boros
Roda2,Bebek,134.2,1,10.6,102.8,Manual,Bensin,Air-cooled,23.2,120449.0,11043.0,2022,42.0,Boros
Roda2,Bebek,109.7,1,7.9,92.9,Manual,Bensin,Air-cooled,26.5,257672.0,12125.0,2026,55.33,Hemat
Roda2,Bebek,126.1,1,9.8,100.3,Manual,Bensin,Air-cooled,62.4,102069.0,10800.0,2023,42.0,Boros
Roda4,City Car,1138.6,4,77.2,902.2,Manual,Bensin,Liquid-cooled,28.0,571295.0,10829.0,2017,13.12,Boros
Roda4,City Car,1253.0,3,86.8,970.4,Manual,Bensin,Liquid-cooled,28.0,329732.0,10433.0,2023,14.62,Boros
Roda2,Sport,248.9,2,29.4,170.0,Manual,Bensin,Liquid-cooled,69.5,278999.0,10440.0,2017,28.0,Boros
Roda4,City Car,1086.9,3,68.0,841.2,Automatic,Bensin,Liquid-cooled,69.9,166505.0,10357.0,2020,14.94,Boros
Roda4,MPV,1664.2,4,123.9,1429.0,CVT,Diesel,Liquid-cooled,22.5,476808.0,8916.0,2017,9.28,Boros
Roda4,MPV,1461.4,4,98.5,1259.9,Automatic,Bensin,Liquid-cooled,56.9,521718.0,11985.0,2020,10.1,Boros
Roda2,Bebek,106.9,1,7.8,94.0,Manual,Bensin,Air-cooled,15.4,273971.0,13096.0,2015,50.21,Hemat
Roda2,Bebek,130.1,1,11.6,99.8,Manual,Bensin,Air-cooled,19.5,232003.0,13171.0,2025,42.0,Boros
Roda2,Sport Besar,424.3,2,42.1,202.2,Manual,Bensin,Liquid-cooled,76.3,110259.0,10477.0,2024,19.97,Boros
Roda2,Matic,118.1,1,10.4,102.4,CVT,Bensin,Air-cooled,48.3,227324.0,10195.0,2017,43.85,Hemat
Roda2,Matic,139.0,1,12.1,116.6,CVT,Bensin,Liquid-cooled,35.8,228793.0,11441.0,2023,41.21,Boros
Roda2,Matic,150.5,1,12.7,124.5,CVT,Bensin,Liquid-cooled,75.1,234281.0,12201.0,2025,35.0,Boros
Roda4,City Car,1426.5,3,95.1,1080.6,Manual,Bensin,Liquid-cooled,80.5,501208.0,12967.0,2024,13.0,Boros
Roda4,MPV,1473.0,4,102.3,1215.7,Manual,Bensin,Liquid-cooled,83.3,369557.0,11753.0,2023,11.03,Boros
Roda2,Sport,184.4,2,21.8,135.9,Manual,Bensin,Liquid-cooled,43.8,97282.0,13656.0,2017,29.44,Boros
Roda2,Matic,126.8,1,10.6,106.6,CVT,Bensin,Liquid-cooled,46.8,258684.0,10129.0,2020,41.06,Boros
Roda4,SUV,1950.4,4,147.5,1592.7,Manual,Diesel,Liquid-cooled,56.1,589393.0,8919.0,2022,8.0,Boros
Roda4,City Car,1168.2,3,74.8,905.9,Manual,Bensin,Liquid-cooled,18.2,258396.0,11843.0,2020,13.94,Boros
Roda4,City Car,1119.4,3,77.6,853.1,Automatic,Bensin,Liquid-cooled,26.7,568903.0,13180.0,2016,13.0,Boros
Roda2,Sport,205.6,2,24.5,142.0,Manual,Bensin,Liquid-cooled,54.2,244768.0,12968.0,2022,30.01,Boros
Roda4,SUV,1923.6,4,145.6,1504.6,Manual,Hybrid,Liquid-cooled,51.2,562615.0,14114.0,2022,9.7,Boros
Roda4,SUV,1913.5,4,137.4,1542.8,Automatic,Hybrid,Liquid-cooled,64.2,396130.0,14326.0,2019,8.0,Boros
Roda4,MPV,1784.3,4,129.0,1464.5,Automatic,Bensin,Liquid-cooled,35.5,128873.0,10158.0,2020,9.0,Boros
Roda2,Matic,113.2,1,9.0,99.7,CVT,Bensin,Liquid-cooled,45.3,254383.0,11482.0,2021,44.95,Hemat
Roda4,City Car,1149.2,3,73.8,904.2,CVT,Bensin,Liquid-cooled,37.2,546933.0,12688.0,2021,14.93,Boros
Roda2,Bebek,117.9,1,8.7,99.1,Manual,Bensin,Air-cooled,41.6,228446.0,13509.0,2022,49.43,Hemat
Roda2,Sport,193.7,1,19.3,145.0,Manual,Bensin,Liquid-cooled,15.1,298514.0,13393.0,2025,35.61,Hemat
Roda2,Sport,248.1,2,30.0,170.0,Manual,Bensin,Liquid-cooled,63.8,69817.0,12560.0,2020,28.0,Boros
Roda4,MPV,1679.1,4,115.9,1436.0,Automatic,Diesel,Liquid-cooled,68.5,447099.0,8233.0,2021,10.94,Boros
Roda4,MPV,1577.6,4,114.5,1325.6,Manual,Diesel,Liquid-cooled,38.4,273142.0,10132.0,2020,9.0,Boros
Roda4,SUV,1669.0,4,122.1,1403.5,CVT,Bensin,Liquid-cooled,16.6,457842.0,13482.0,2026,11.19,Hemat
Roda2,Sport,245.1,1,30.0,168.5,Manual,Bensin,Liquid-cooled,11.5,161261.0,13855.0,2019,28.0,Boros
Roda4,MPV,1555.1,4,107.6,1307.1,Manual,Bensin,Liquid-cooled,39.8,572566.0,13464.0,2015,9.0,Boros
Roda2,Sport,235.0,2,28.9,163.2,Manual,Bensin,Liquid-cooled,16.1,240511.0,10700.0,2016,28.0,Boros
Roda2,Matic,112.1,1,9.3,98.7,CVT,Bensin,Liquid-cooled,33.8,125290.0,12255.0,2020,44.54,Hemat
Roda4,MPV,1511.2,4,104.5,1293.8,CVT,Diesel,Liquid-cooled,64.7,461609.0,9403.0,2017,13.0,Hemat
Roda2,Sport,185.8,2,20.6,141.9,Manual,Bensin,Liquid-cooled,34.5,71545.0,10725.0,2017,30.35,Boros
Roda4,City Car,1286.9,3,85.8,940.7,CVT,Bensin,Liquid-cooled,32.1,436386.0,12764.0,2026,14.01,Boros
Roda4,City Car,1118.3,3,74.3,876.3,CVT,Bensin,Liquid-cooled,33.4,229872.0,13382.0,2017,14.68,Boros
Roda2,Matic,128.1,1,12.2,108.5,CVT,Bensin,Liquid-cooled,74.8,187970.0,13083.0,2025,37.39,Boros
Roda4,City Car,1259.3,4,80.2,997.0,Automatic,Bensin,Liquid-cooled,65.1,161036.0,10834.0,2017,13.0,Boros
Roda4,SUV,1589.5,4,100.0,1259.1,DCT,Diesel,Liquid-cooled,77.7,120456.0,8374.0,2023,12.03,Hemat
Roda4,MPV,1710.1,4,116.0,1456.9,CVT,Diesel,Liquid-cooled,16.0,338548.0,12317.0,2019,9.0,Boros
Roda2,Matic,116.4,1,9.7,102.5,CVT,Bensin,Liquid-cooled,10.7,219467.0,11861.0,2023,44.24,Hemat
Roda2,Matic,144.4,1,13.0,109.8,CVT,Bensin,Liquid-cooled,51.3,63845.0,10198.0,2015,36.11,Boros
Roda2,Bebek,101.5,1,7.1,91.9,Manual,Bensin,Air-cooled,67.9,189422.0,10213.0,2024,58.79,Hemat
Roda4,SUV,1901.7,4,140.5,1517.3,CVT,Hybrid,Liquid-cooled,40.7,422224.0,14362.0,2025,10.48,Boros
Roda2,Bebek,107.0,1,7.3,90.0,Manual,Bensin,Air-cooled,45.8,242361.0,13646.0,2024,56.88,Hemat
Roda4,SUV,1980.7,4,150.0,1547.3,CVT,Hybrid,Liquid-cooled,68.2,269999.0,14275.0,2017,8.0,Boros
Roda2,Matic,121.4,1,9.3,101.5,CVT,Bensin,Liquid-cooled,46.0,256723.0,10297.0,2018,45.24,Hemat
Roda2,Matic,132.7,1,12.6,110.7,CVT,Bensin,Liquid-cooled,61.8,267682.0,12473.0,2021,35.0,Boros
Roda4,City Car,1258.1,3,80.9,963.5,Automatic,Bensin,Liquid-cooled,83.9,475144.0,12470.0,2018,13.0,Boros
Roda4,SUV,1973.5,4,144.3,1600.0,CVT,Bensin,Liquid-cooled,49.5,436809.0,10724.0,2025,8.0,Boros
Roda2,Matic,148.6,1,13.2,120.4,CVT,Bensin,Liquid-cooled,30.1,138533.0,10113.0,2020,35.0,Boros
Roda4,SUV,1666.0,4,116.9,1393.6,Manual,Hybrid,Liquid-cooled,50.6,395467.0,14114.0,2020,11.91,Hemat
Roda2,Sport Besar,369.9,2,43.2,175.1,Manual,Bensin,Liquid-cooled,77.9,215044.0,10769.0,2025,20.85,Boros
Roda4,City Car,1024.7,4,71.0,800.0,CVT,Bensin,Liquid-cooled,86.5,496234.0,11499.0,2022,18.05,Hemat
Roda2,Matic,114.9,1,9.3,95.0,CVT,Bensin,Liquid-cooled,79.5,289798.0,10023.0,2023,53.13,Hemat
Roda2,Bebek,142.4,1,10.4,106.9,Manual,Bensin,Air-cooled,28.9,119381.0,13640.0,2020,42.0,Boros
Roda4,MPV,1744.9,4,128.8,1460.5,Manual,Diesel,Liquid-cooled,68.9,432213.0,11580.0,2023,9.0,Boros
Roda4,SUV,1813.8,4,132.8,1442.8,Automatic,Bensin,Liquid-cooled,86.5,218373.0,13408.0,2020,8.0,Boros
Roda2,Matic,139.0,1,12.1,111.9,CVT,Bensin,Liquid-cooled,72.0,150540.0,13201.0,2018,35.0,Boros
Roda2,Bebek,114.0,1,8.4,96.5,Manual,Bensin,Air-cooled,49.7,147761.0,11954.0,2020,45.92,Boros
Roda2,Matic,137.7,1,12.9,110.1,CVT,Bensin,Liquid-cooled,35.9,67789.0,13487.0,2026,37.48,Boros
Roda4,SUV,1667.1,4,115.6,1307.3,Manual,Hybrid,Liquid-cooled,39.3,340475.0,14022.0,2023,11.72,Hemat
Roda4,MPV,1495.9,4,103.7,1300.8,Automatic,Diesel,Liquid-cooled,88.8,260849.0,11487.0,2021,11.1,Boros
Roda2,Matic,133.4,1,11.8,108.1,CVT,Bensin,Liquid-cooled,54.0,141307.0,12088.0,2025,42.3,Hemat
Roda4,MPV,1545.4,4,97.8,1339.1,CVT,Diesel,Liquid-cooled,34.5,497712.0,12812.0,2017,12.96,Hemat
Roda2,Sport,216.3,2,24.6,155.3,Manual,Bensin,Liquid-cooled,63.6,193771.0,11017.0,2019,28.0,Boros
Roda4,SUV,1923.6,4,139.8,1502.5,Automatic,Diesel,Liquid-cooled,88.9,322376.0,11394.0,2023,8.28,Boros
Roda2,Sport Besar,463.3,3,57.7,214.5,Manual,Bensin,Liquid-cooled,30.9,118862.0,12246.0,2025,17.49,Boros
Roda4,SUV,1701.0,4,117.3,1336.0,CVT,Bensin,Liquid-cooled,99.3,313875.0,11490.0,2017,10.08,Boros
Roda4,MPV,1624.0,4,112.0,1319.0,Automatic,Bensin,Liquid-cooled,92.1,535936.0,10868.0,2021,9.0,Boros
Roda2,Matic,122.7,1,11.1,106.1,CVT,Bensin,Liquid-cooled,72.8,270523.0,11656.0,2021,37.0,Boros
Roda2,Sport,176.8,2,18.7,127.1,Manual,Bensin,Liquid-cooled,73.6,72938.0,11291.0,2023,35.18,Hemat
Roda4,SUV,1634.5,4,111.2,1258.9,DCT,Diesel,Liquid-cooled,91.0,524507.0,11697.0,2026,12.25,Hemat
Roda4,SUV,1784.7,4,122.4,1455.4,CVT,Hybrid,Liquid-cooled,54.8,399125.0,13961.0,2025,13.13,Hemat
Roda2,Bebek,112.1,1,8.1,93.9,Manual,Bensin,Air-cooled,45.4,244432.0,13347.0,2022,50.05,Hemat
Roda4,SUV,1516.6,4,100.0,1231.1,CVT,Hybrid,Liquid-cooled,46.1,413718.0,14318.0,2016,15.27,Hemat
Roda4,MPV,1721.0,4,119.5,1437.4,CVT,Diesel,Liquid-cooled,80.5,295194.0,10233.0,2023,9.0,Boros
Roda2,Sport Besar,507.0,2,56.7,211.0,Manual,Bensin,Liquid-cooled,22.7,120151.0,12044.0,2021,16.0,Boros
Roda2,Sport Besar,560.9,3,49.0,220.8,Manual,Bensin,Liquid-cooled,62.7,234301.0,10087.0,2018,17.01,Boros
Roda4,SUV,1610.6,4,109.9,1299.3,Manual,Bensin,Liquid-cooled,27.5,517197.0,10990.0,2024,10.4,Boros
Roda2,Bebek,143.1,1,11.1,109.0,Manual,Bensin,Air-cooled,55.1,212542.0,11422.0,2024,42.0,Boros
Roda2,Matic,141.4,1,12.0,113.7,CVT,Bensin,Liquid-cooled,28.7,192975.0,13762.0,2017,35.0,Boros
Roda2,Sport,243.8,1,30.0,170.0,Manual,Bensin,Liquid-cooled,79.2,152302.0,12661.0,2015,28.0,Boros
Roda4,City Car,1415.3,3,92.2,1002.6,Manual,Bensin,Liquid-cooled,24.3,509747.0,13730.0,2024,13.0,Boros
Roda2,Sport,231.1,2,28.5,162.6,Manual,Bensin,Liquid-cooled,52.1,226401.0,11540.0,2018,28.0,Boros
Roda4,MPV,1385.5,4,90.3,1126.7,CVT,Diesel,Liquid-cooled,54.8,273673.0,8168.0,2021,15.84,Hemat
Roda4,MPV,1346.5,4,85.0,1100.0,CVT,Diesel,Liquid-cooled,81.5,207717.0,9895.0,2017,16.47,Hemat
Roda4,SUV,1778.1,4,126.2,1485.1,Automatic,Hybrid,Liquid-cooled,41.4,224447.0,14084.0,2021,9.63,Boros
Roda2,Sport,172.5,2,19.1,130.3,Manual,Bensin,Liquid-cooled,73.8,73378.0,12158.0,2024,28.0,Boros
Roda2,Matic,156.3,1,14.7,125.0,CVT,Bensin,Liquid-cooled,40.2,282036.0,12035.0,2018,35.0,Boros
Roda4,SUV,1970.7,4,145.7,1600.0,Manual,Diesel,Liquid-cooled,73.1,222666.0,10424.0,2026,8.15,Boros
Roda4,SUV,1560.5,4,105.5,1219.1,Automatic,Diesel,Liquid-cooled,77.6,322218.0,11044.0,2018,11.7,Hemat
Roda2,Bebek,142.5,1,11.5,108.4,Manual,Bensin,Air-cooled,26.7,282523.0,10413.0,2025,42.0,Boros
Roda4,SUV,1988.3,4,147.4,1600.0,CVT,Bensin,Liquid-cooled,61.8,152713.0,11858.0,2021,8.0,Boros
Roda4,City Car,1121.0,3,74.8,859.2,Automatic,Bensin,Liquid-cooled,82.2,467336.0,12064.0,2016,16.31,Hemat
Roda4,City Car,1389.5,4,95.5,1071.0,CVT,Bensin,Liquid-cooled,20.3,195073.0,11371.0,2021,13.0,Boros
Roda4,City Car,1086.4,3,71.2,842.7,Manual,Bensin,Liquid-cooled,69.4,194799.0,11081.0,2023,17.65,Hemat
Roda4,SUV,1869.2,4,139.7,1496.5,Automatic,Hybrid,Liquid-cooled,86.5,401205.0,14010.0,2025,8.62,Boros
Roda4,City Car,1270.6,3,88.5,927.4,Automatic,Bensin,Liquid-cooled,27.0,541706.0,10019.0,2026,13.0,Boros
Roda2,Sport,216.0,1,24.2,153.7,Manual,Bensin,Liquid-cooled,58.3,235001.0,11990.0,2018,28.0,Boros
Roda2,Bebek,112.1,1,7.9,93.3,Manual,Bensin,Air-cooled,26.0,217925.0,12411.0,2018,46.06,Boros
Roda4,MPV,1593.8,4,121.3,1338.0,Automatic,Diesel,Liquid-cooled,85.9,165833.0,10615.0,2025,10.39,Boros
Roda4,SUV,1524.6,4,110.1,1200.0,DCT,Bensin,Liquid-cooled,95.6,307580.0,10586.0,2021,10.73,Boros
Roda4,City Car,1376.1,4,103.5,1043.2,Automatic,Bensin,Liquid-cooled,51.1,107003.0,13290.0,2021,13.0,Boros
Roda2,Matic,129.3,1,13.5,111.6,CVT,Bensin,Air-cooled,35.4,207392.0,12628.0,2023,41.32,Boros
Roda4,MPV,1591.3,4,114.6,1305.3,CVT,Bensin,Liquid-cooled,71.3,127466.0,13136.0,2025,11.73,Boros
Roda2,Sport,228.6,1,28.0,152.8,Manual,Bensin,Liquid-cooled,17.5,118316.0,11569.0,2017,28.0,Boros
Roda2,Bebek,147.6,1,11.7,110.0,Manual,Bensin,Air-cooled,14.7,116999.0,13558.0,2018,42.0,Boros
Roda4,City Car,1137.8,4,69.3,867.3,Manual,Bensin,Liquid-cooled,89.9,121444.0,11977.0,2018,15.14,Hemat
Roda2,Bebek,112.8,1,8.8,97.2,Manual,Bensin,Air-cooled,47.9,250965.0,11985.0,2026,48.57,Hemat
Roda2,Matic,139.9,1,13.2,112.2,CVT,Bensin,Air-cooled,31.6,297973.0,10151.0,2016,35.0,Boros
Roda2,Matic,155.6,1,14.9,116.9,CVT,Bensin,Liquid-cooled,59.7,180098.0,11519.0,2023,35.0,Boros
Roda4,MPV,1516.1,4,99.4,1254.6,CVT,Bensin,Liquid-cooled,59.7,152035.0,10027.0,2017,10.78,Boros
Roda4,SUV,1616.7,4,104.6,1219.9,Manual,Hybrid,Liquid-cooled,24.3,430910.0,14296.0,2015,12.97,Hemat
Roda4,MPV,1705.3,4,112.9,1442.1,CVT,Bensin,Liquid-cooled,42.9,406150.0,13277.0,2019,9.0,Boros
Roda2,Sport,168.0,2,18.2,124.0,Manual,Bensin,Liquid-cooled,78.5,68496.0,10845.0,2023,35.49,Hemat
Roda2,Sport Besar,552.3,4,57.9,237.6,Manual,Bensin,Liquid-cooled,69.6,133202.0,13616.0,2019,16.67,Boros
Roda2,Bebek,114.2,1,8.5,94.0,Manual,Bensin,Air-cooled,62.8,161363.0,12310.0,2018,42.0,Boros
Roda2,Matic,147.2,1,14.4,111.7,CVT,Bensin,Liquid-cooled,75.6,91360.0,12532.0,2016,35.0,Boros
Roda2,Bebek,121.6,1,9.2,95.2,Manual,Bensin,Air-cooled,22.2,186720.0,12786.0,2021,42.96,Boros
Roda2,Sport,191.0,1,20.3,133.9,Manual,Bensin,Liquid-cooled,56.9,76267.0,13475.0,2015,31.16,Boros
Roda2,Matic,137.0,1,12.8,108.4,CVT,Bensin,Liquid-cooled,42.2,98442.0,11184.0,2021,42.14,Hemat
Roda4,SUV,1527.9,4,102.1,1202.0,CVT,Diesel,Liquid-cooled,65.9,509412.0,10083.0,2026,14.01,Hemat
Roda2,Sport,216.2,2,26.0,154.1,Manual,Bensin,Liquid-cooled,30.7,128264.0,10486.0,2025,28.0,Boros
Roda2,Matic,127.8,1,12.0,104.2,CVT,Bensin,Air-cooled,35.9,121200.0,13556.0,2017,42.21,Hemat
Roda4,MPV,1679.2,4,118.8,1399.1,Automatic,Bensin,Liquid-cooled,15.3,172240.0,12083.0,2021,9.0,Boros
Roda2,Sport Besar,331.2,2,44.8,182.7,Manual,Bensin,Liquid-cooled,10.1,114564.0,13630.0,2026,25.32,Hemat
Roda4,MPV,1404.5,4,95.6,1129.3,Manual,Diesel,Liquid-cooled,75.0,233497.0,8806.0,2026,15.49,Hemat
Roda4,MPV,1550.0,4,110.4,1283.7,CVT,Diesel,Liquid-cooled,92.2,107945.0,7235.0,2020,11.09,Boros
Roda4,MPV,1446.0,4,105.8,1241.7,Manual,Bensin,Liquid-cooled,68.4,540969.0,12127.0,2020,12.25,Hemat
Roda2,Bebek,107.4,1,7.0,93.2,Manual,Bensin,Air-cooled,36.9,216567.0,13856.0,2023,59.39,Hemat
Roda2,Bebek,121.3,1,8.8,99.9,Manual,Bensin,Air-cooled,29.9,160758.0,12407.0,2023,49.24,Hemat
Roda2,Bebek,135.9,1,10.0,106.9,Manual,Bensin,Air-cooled,58.3,286374.0,12465.0,2022,42.0,Boros
Roda4,MPV,1567.8,4,115.7,1386.5,CVT,Diesel,Liquid-cooled,20.5,224865.0,12096.0,2022,12.99,Hemat
Roda2,Bebek,101.8,1,7.8,90.3,Manual,Bensin,Air-cooled,17.0,148315.0,12405.0,2016,51.19,Hemat
Roda2,Matic,134.9,1,12.5,112.5,CVT,Bensin,Air-cooled,11.0,206195.0,10456.0,2024,38.66,Boros
Roda4,MPV,1545.2,4,115.6,1203.2,CVT,Bensin,Liquid-cooled,46.0,243021.0,12285.0,2020,11.19,Boros
Roda4,SUV,1655.9,4,115.6,1389.6,DCT,Hybrid,Liquid-cooled,21.0,435768.0,14064.0,2015,11.42,Hemat
Roda4,MPV,1688.9,4,121.6,1432.4,Automatic,Diesel,Liquid-cooled,64.5,509838.0,8340.0,2020,9.0,Boros
Roda4,MPV,1519.9,4,114.0,1221.8,CVT,Diesel,Liquid-cooled,63.4,117087.0,8661.0,2023,15.05,Hemat
Roda2,Sport Besar,507.9,2,50.5,211.8,Manual,Bensin,Liquid-cooled,57.0,72563.0,10802.0,2021,16.0,Boros
Roda4,MPV,1423.8,4,95.9,1227.2,Automatic,Diesel,Liquid-cooled,50.5,123956.0,10623.0,2020,14.57,Hemat
Roda4,MPV,1650.2,4,110.2,1393.3,Manual,Bensin,Liquid-cooled,97.6,447075.0,10299.0,2025,9.0,Boros
Roda2,Sport,247.6,2,30.0,170.0,Manual,Bensin,Liquid-cooled,60.9,68846.0,10191.0,2025,28.0,Boros
Roda2,Matic,155.6,1,15.4,121.1,CVT,Bensin,Liquid-cooled,17.2,63022.0,11701.0,2015,35.0,Boros
Roda2,Bebek,102.6,1,8.1,92.8,Manual,Bensin,Air-cooled,56.6,250089.0,12584.0,2016,52.68,Hemat
Roda4,City Car,1073.0,4,71.6,807.6,Automatic,Bensin,Liquid-cooled,73.7,262941.0,11809.0,2025,17.04,Hemat
Roda4,City Car,1101.4,3,70.4,823.9,Manual,Bensin,Liquid-cooled,83.3,350137.0,11087.0,2017,15.74,Hemat
Roda2,Matic,143.6,1,15.1,115.4,CVT,Bensin,Liquid-cooled,24.1,251889.0,10210.0,2016,35.0,Boros
Roda2,Sport Besar,383.8,4,38.1,182.2,Manual,Bensin,Liquid-cooled,62.4,266573.0,12912.0,2025,24.08,Hemat
Roda2,Matic,142.1,1,14.9,114.9,CVT,Bensin,Liquid-cooled,10.1,189991.0,12304.0,2019,35.0,Boros
Roda4,MPV,1495.5,4,93.3,1235.8,Manual,Diesel,Liquid-cooled,97.7,280767.0,8212.0,2015,12.05,Hemat
Roda4,City Car,1150.5,4,75.1,896.2,Manual,Bensin,Liquid-cooled,83.7,372960.0,11332.0,2024,17.44,Hemat
Roda4,SUV,1521.6,4,106.5,1224.0,CVT,Diesel,Liquid-cooled,78.9,215116.0,8756.0,2017,13.79,Hemat
Roda2,Matic,152.0,1,15.4,121.3,CVT,Bensin,Liquid-cooled,13.4,142906.0,11065.0,2015,35.0,Boros
Roda2,Bebek,131.1,1,10.3,102.5,Manual,Bensin,Air-cooled,37.5,263555.0,13015.0,2021,42.0,Boros
Roda4,SUV,1602.8,4,105.5,1251.0,DCT,Bensin,Liquid-cooled,37.4,122598.0,13352.0,2016,10.19,Boros
Roda2,Matic,123.7,1,11.1,106.5,CVT,Bensin,Liquid-cooled,65.3,82549.0,10317.0,2015,40.85,Boros
Roda4,MPV,1655.4,4,119.2,1324.8,Automatic,Diesel,Liquid-cooled,48.9,573525.0,9411.0,2017,9.0,Boros
Roda2,Matic,126.5,1,10.5,102.8,CVT,Bensin,Air-cooled,32.2,219326.0,11129.0,2020,45.94,Hemat
Roda4,MPV,1729.7,4,130.0,1439.4,CVT,Bensin,Liquid-cooled,30.5,379548.0,11527.0,2018,9.0,Boros
Roda2,Matic,124.4,1,10.7,101.5,CVT,Bensin,Air-cooled,24.4,155919.0,12589.0,2018,43.26,Hemat
Roda4,MPV,1695.7,4,120.8,1361.0,CVT,Bensin,Liquid-cooled,80.9,506796.0,11192.0,2017,9.35,Boros
Roda2,Matic,156.9,1,15.8,124.4,CVT,Bensin,Liquid-cooled,31.2,149620.0,11236.0,2024,35.0,Boros
Roda4,City Car,1286.2,4,91.0,928.1,Automatic,Bensin,Liquid-cooled,58.8,585091.0,10627.0,2024,13.0,Boros
Roda2,Sport,171.1,1,20.3,131.6,Manual,Bensin,Liquid-cooled,15.0,103173.0,10584.0,2015,31.01,Boros
Roda2,Bebek,117.1,1,7.6,100.9,Manual,Bensin,Air-cooled,19.7,210219.0,10709.0,2025,50.53,Hemat
Roda4,SUV,1965.2,4,143.2,1600.0,Manual,Hybrid,Liquid-cooled,56.2,556703.0,14228.0,2026,8.52,Boros
Roda4,MPV,1798.0,4,127.1,1482.3,Manual,Bensin,Liquid-cooled,92.9,471180.0,12271.0,2024,9.0,Boros
Roda2,Sport,205.4,1,24.6,142.8,Manual,Bensin,Liquid-cooled,56.7,146248.0,13130.0,2023,29.52,Boros
Roda2,Matic,111.1,1,9.5,102.9,CVT,Bensin,Liquid-cooled,28.1,239185.0,13023.0,2023,50.43,Hemat
Roda4,City Car,1480.8,3,105.0,1055.0,CVT,Bensin,Liquid-cooled,58.6,597785.0,12675.0,2023,13.0,Boros
Roda4,City Car,1322.6,4,89.6,999.1,CVT,Bensin,Liquid-cooled,71.2,326027.0,10985.0,2024,13.0,Boros
Roda4,SUV,1522.8,4,100.0,1204.2,DCT,Diesel,Liquid-cooled,48.5,497639.0,12391.0,2025,13.98,Hemat
Roda2,Matic,144.5,1,13.5,116.6,CVT,Bensin,Air-cooled,24.3,221478.0,12185.0,2016,35.0,Boros
Roda4,MPV,1339.5,4,88.7,1121.3,Manual,Bensin,Liquid-cooled,69.8,543555.0,13234.0,2015,10.94,Boros
Roda2,Bebek,117.5,1,8.3,96.5,Manual,Bensin,Air-cooled,24.1,223298.0,13204.0,2021,47.47,Boros
Roda2,Sport,237.4,1,28.6,170.0,Manual,Bensin,Liquid-cooled,29.3,126073.0,11287.0,2024,28.0,Boros
Roda4,City Car,1480.9,3,103.9,1087.7,Manual,Bensin,Liquid-cooled,40.5,402678.0,10962.0,2016,13.0,Boros
Roda2,Matic,127.9,1,11.7,108.3,CVT,Bensin,Liquid-cooled,10.0,266344.0,13207.0,2020,36.98,Boros
Roda4,SUV,1978.7,4,149.5,1514.2,Automatic,Diesel,Liquid-cooled,32.6,546080.0,12209.0,2022,8.0,Boros
Roda2,Matic,124.7,1,10.9,103.7,CVT,Bensin,Air-cooled,16.6,118942.0,10800.0,2016,43.44,Hemat
Roda4,City Car,1249.6,3,82.3,976.9,CVT,Bensin,Liquid-cooled,83.6,526662.0,11726.0,2018,13.0,Boros
Roda4,SUV,1963.3,4,138.5,1563.4,CVT,Bensin,Liquid-cooled,62.8,407493.0,13306.0,2021,8.0,Boros
Roda4,MPV,1491.3,4,99.8,1216.7,Manual,Bensin,Liquid-cooled,47.6,551976.0,11929.0,2017,10.96,Boros
Roda4,MPV,1470.6,4,108.5,1281.8,Manual,Diesel,Liquid-cooled,65.7,536738.0,8771.0,2024,13.52,Hemat
Roda2,Matic,121.7,1,11.4,104.6,CVT,Bensin,Air-cooled,43.6,143302.0,11924.0,2016,38.46,Boros
Roda2,Sport Besar,438.9,3,44.1,209.0,Manual,Bensin,Liquid-cooled,70.7,129110.0,12922.0,2016,18.22,Boros
Roda4,City Car,1205.6,3,80.9,984.6,Automatic,Bensin,Liquid-cooled,60.1,156807.0,10608.0,2017,13.37,Boros
Roda2,Sport Besar,404.1,3,49.2,196.8,Manual,Bensin,Liquid-cooled,24.7,254553.0,13410.0,2026,18.28,Boros
Roda4,City Car,1253.5,4,86.9,998.9,Manual,Bensin,Liquid-cooled,26.5,335915.0,12099.0,2025,13.0,Boros
Roda4,City Car,1291.4,4,82.4,974.6,CVT,Bensin,Liquid-cooled,41.1,501919.0,13682.0,2016,13.0,Boros
Roda4,SUV,1537.2,4,100.0,1207.3,Automatic,Diesel,Liquid-cooled,20.3,517394.0,7578.0,2024,12.12,Hemat
Roda2,Bebek,129.5,1,10.7,104.4,Manual,Bensin,Air-cooled,59.1,101006.0,12551.0,2024,42.0,Boros
Roda2,Matic,122.9,1,9.7,102.2,CVT,Bensin,Liquid-cooled,15.8,51409.0,10116.0,2017,48.36,Hemat
Roda4,City Car,1392.1,3,92.8,1036.4,Automatic,Bensin,Liquid-cooled,39.7,294093.0,12504.0,2017,13.0,Boros
Roda4,SUV,1727.5,4,124.5,1402.7,Automatic,Diesel,Liquid-cooled,74.8,406053.0,12861.0,2024,8.96,Boros
Roda2,Matic,134.1,1,12.1,111.9,CVT,Bensin,Liquid-cooled,47.9,131819.0,12737.0,2022,43.46,Hemat
Roda4,SUV,1900.3,4,133.3,1565.7,Manual,Bensin,Liquid-cooled,65.9,213770.0,11915.0,2022,8.0,Boros
Roda4,City Car,1285.1,3,88.8,993.3,CVT,Bensin,Liquid-cooled,78.5,432259.0,12498.0,2022,13.0,Boros
Roda2,Matic,149.2,1,15.3,120.9,CVT,Bensin,Air-cooled,20.5,245666.0,12294.0,2017,35.0,Boros
Roda4,MPV,1355.1,4,85.0,1100.8,Manual,Diesel,Liquid-cooled,56.2,202869.0,9702.0,2019,16.71,Hemat
Roda2,Matic,134.3,1,11.8,101.9,CVT,Bensin,Air-cooled,45.1,201268.0,12184.0,2023,35.9,Boros
Roda2,Sport,249.0,1,30.0,170.0,Manual,Bensin,Liquid-cooled,50.9,294767.0,12231.0,2016,28.0,Boros
Roda2,Matic,122.6,1,10.6,105.7,CVT,Bensin,Air-cooled,69.4,52490.0,13655.0,2015,44.83,Hemat
Roda2,Bebek,100.7,1,8.0,90.0,Manual,Bensin,Air-cooled,63.2,175111.0,12115.0,2024,58.54,Hemat
Roda4,City Car,1370.6,3,88.7,1017.8,CVT,Bensin,Liquid-cooled,37.9,338226.0,11125.0,2018,13.0,Boros
Roda4,SUV,1837.1,4,136.0,1518.0,Manual,Hybrid,Liquid-cooled,44.4,575946.0,14083.0,2025,9.82,Boros
Roda2,Bebek,111.5,1,8.0,92.8,Manual,Bensin,Air-cooled,18.3,288486.0,13376.0,2024,45.7,Boros
Roda2,Matic,121.2,1,11.5,102.8,CVT,Bensin,Liquid-cooled,38.6,152203.0,11238.0,2026,49.87,Hemat
Roda2,Sport Besar,274.2,4,25.0,174.3,Manual,Bensin,Liquid-cooled,29.3,208341.0,13808.0,2025,27.01,Hemat
Roda4,MPV,1433.2,4,97.1,1271.1,Automatic,Bensin,Liquid-cooled,61.6,445880.0,12311.0,2015,10.85,Boros
Roda4,City Car,1192.2,3,75.4,816.1,Automatic,Bensin,Liquid-cooled,21.9,288666.0,11740.0,2016,13.17,Boros
Roda2,Bebek,107.7,1,9.2,90.0,Manual,Bensin,Air-cooled,35.8,163567.0,12140.0,2015,43.69,Boros
Roda4,City Car,1015.1,3,69.3,809.0,Automatic,Bensin,Liquid-cooled,25.8,184645.0,12610.0,2018,14.0,Boros
Roda2,Sport Besar,357.4,3,36.0,193.0,Manual,Bensin,Liquid-cooled,19.3,129344.0,11487.0,2025,18.31,Boros
Roda2,Matic,116.4,1,9.9,100.8,CVT,Bensin,Air-cooled,36.8,239297.0,11192.0,2019,51.8,Hemat
Roda2,Matic,134.9,1,11.3,111.8,CVT,Bensin,Air-cooled,56.2,278614.0,10351.0,2023,42.31,Hemat
Roda4,City Car,1285.8,3,84.3,960.0,CVT,Bensin,Liquid-cooled,25.0,247950.0,12821.0,2018,13.49,Boros
Roda2,Bebek,103.3,1,7.0,90.7,Manual,Bensin,Air-cooled,50.4,224439.0,10024.0,2026,56.17,Hemat
Roda4,MPV,1772.6,4,127.9,1500.0,CVT,Diesel,Liquid-cooled,67.6,453376.0,10679.0,2018,9.0,Boros
Roda2,Matic,137.1,1,12.5,111.6,CVT,Bensin,Air-cooled,45.1,140450.0,10666.0,2023,37.84,Boros
Roda2,Bebek,142.4,1,11.3,109.4,Manual,Bensin,Air-cooled,79.2,163500.0,12684.0,2022,42.0,Boros
Roda2,Matic,155.5,1,14.8,121.9,CVT,Bensin,Liquid-cooled,75.9,237624.0,10005.0,2019,35.0,Boros
Roda4,City Car,1476.7,4,99.2,1090.3,Automatic,Bensin,Liquid-cooled,87.4,353058.0,13833.0,2017,13.0,Boros
Roda4,City Car,1499.6,3,104.1,1100.0,Manual,Bensin,Liquid-cooled,24.9,227450.0,11487.0,2016,13.0,Boros
Roda4,MPV,1622.5,4,115.4,1395.3,Automatic,Diesel,Liquid-cooled,99.8,504215.0,10861.0,2016,9.0,Boros
Roda2,Sport,209.2,2,22.1,155.8,Manual,Bensin,Liquid-cooled,51.6,120861.0,12611.0,2016,28.0,Boros
Roda2,Matic,128.2,1,12.3,107.7,CVT,Bensin,Air-cooled,59.6,244669.0,12199.0,2024,36.22,Boros
Roda2,Matic,153.7,1,14.6,120.4,CVT,Bensin,Air-cooled,43.2,137786.0,11408.0,2020,35.0,Boros
Roda4,MPV,1550.7,4,100.0,1267.6,Manual,Diesel,Liquid-cooled,51.6,550659.0,8902.0,2016,11.16,Boros
Roda4,MPV,1489.0,4,93.2,1193.0,Automatic,Bensin,Liquid-cooled,86.5,288132.0,13579.0,2021,12.59,Hemat
Roda4,SUV,1585.7,4,105.7,1212.6,Automatic,Diesel,Liquid-cooled,90.4,156254.0,9601.0,2018,12.07,Hemat
Roda4,SUV,1671.4,4,128.5,1307.3,DCT,Diesel,Liquid-cooled,85.5,498470.0,7097.0,2015,10.37,Boros
Roda4,MPV,1312.1,4,85.0,1100.0,Manual,Bensin,Liquid-cooled,94.3,444244.0,11703.0,2015,10.78,Boros
Roda4,MPV,1535.2,4,103.1,1286.0,CVT,Diesel,Liquid-cooled,43.8,581207.0,8521.0,2022,13.0,Hemat
Roda2,Sport Besar,348.8,2,40.4,185.1,Manual,Bensin,Liquid-cooled,23.3,69241.0,12285.0,2021,22.59,Hemat
Roda2,Matic,113.8,1,10.8,100.3,CVT,Bensin,Liquid-cooled,40.5,237168.0,13229.0,2026,49.57,Hemat
Roda2,Sport,234.7,1,28.4,154.7,Manual,Bensin,Liquid-cooled,61.7,287096.0,10054.0,2026,28.0,Boros
Roda2,Matic,123.2,1,10.6,105.4,CVT,Bensin,Liquid-cooled,23.1,244286.0,13613.0,2023,45.4,Hemat
Roda4,City Car,1043.2,4,76.8,833.8,Manual,Bensin,Liquid-cooled,83.6,405934.0,11919.0,2024,17.63,Hemat
Roda2,Sport,167.5,1,18.2,123.5,Manual,Bensin,Liquid-cooled,19.2,58811.0,11541.0,2023,35.96,Hemat
Roda4,SUV,1801.4,4,130.3,1402.7,Automatic,Hybrid,Liquid-cooled,88.8,206708.0,14112.0,2020,10.09,Boros
Roda4,SUV,1954.2,4,133.2,1597.4,Manual,Hybrid,Liquid-cooled,47.7,288714.0,14443.0,2019,8.96,Boros
Roda2,Sport,212.0,1,22.9,153.7,Manual,Bensin,Liquid-cooled,78.2,107204.0,11025.0,2020,28.0,Boros
Roda4,MPV,1676.8,4,122.5,1412.2,Manual,Diesel,Liquid-cooled,93.5,576494.0,10642.0,2019,10.03,Boros
Roda4,MPV,1749.3,4,117.0,1498.3,Automatic,Bensin,Liquid-cooled,20.4,533039.0,11623.0,2024,9.0,Boros
Roda2,Bebek,104.3,1,7.0,91.7,Manual,Bensin,Air-cooled,31.7,149330.0,11664.0,2015,53.87,Hemat
Roda4,City Car,1368.4,4,94.8,995.7,Automatic,Bensin,Liquid-cooled,26.3,151596.0,11795.0,2024,13.0,Boros
Roda2,Bebek,135.2,1,10.5,103.7,Manual,Bensin,Air-cooled,49.6,175978.0,10053.0,2020,42.0,Boros
Roda4,SUV,1721.4,4,120.8,1407.1,DCT,Diesel,Liquid-cooled,29.7,253572.0,12508.0,2025,12.59,Hemat
Roda4,SUV,1663.5,4,115.6,1353.1,Manual,Diesel,Liquid-cooled,83.2,463197.0,8908.0,2015,11.35,Hemat
Roda4,City Car,1280.9,4,91.0,941.3,Automatic,Bensin,Liquid-cooled,49.8,517046.0,13102.0,2018,13.0,Boros
Roda2,Bebek,147.2,1,12.0,106.3,Manual,Bensin,Air-cooled,25.3,64986.0,10511.0,2020,42.0,Boros
Roda4,SUV,1908.0,4,137.2,1546.5,DCT,Bensin,Liquid-cooled,74.6,318055.0,10818.0,2021,8.0,Boros
Roda4,SUV,1557.3,4,103.6,1233.5,CVT,Diesel,Liquid-cooled,52.6,242842.0,9969.0,2019,13.11,Hemat
Roda4,MPV,1594.9,4,106.6,1341.3,Automatic,Bensin,Liquid-cooled,43.2,339181.0,10109.0,2018,9.0,Boros
Roda2,Matic,126.7,1,11.1,104.9,CVT,Bensin,Air-cooled,31.1,54643.0,13466.0,2019,41.89,Boros
Roda4,SUV,1566.5,4,112.5,1200.0,DCT,Diesel,Liquid-cooled,96.3,517846.0,10697.0,2019,12.49,Hemat
Roda4,SUV,1526.7,4,103.5,1200.0,DCT,Hybrid,Liquid-cooled,19.4,514704.0,14243.0,2021,14.71,Hemat
Roda4,MPV,1774.9,4,123.8,1480.2,Automatic,Diesel,Liquid-cooled,30.8,107710.0,9408.0,2025,9.0,Boros
Roda2,Matic,117.3,1,10.4,100.3,CVT,Bensin,Air-cooled,48.0,249753.0,10141.0,2019,44.48,Hemat
Roda2,Sport,245.2,1,28.7,162.1,Manual,Bensin,Liquid-cooled,50.3,294263.0,13800.0,2016,28.0,Boros
Roda4,City Car,1373.6,3,93.6,1009.1,Manual,Bensin,Liquid-cooled,83.2,271379.0,13723.0,2021,13.0,Boros
Roda2,Bebek,120.3,1,8.5,100.3,Manual,Bensin,Air-cooled,68.6,204882.0,12197.0,2021,47.78,Boros
Roda4,MPV,1305.9,4,85.0,1161.8,Automatic,Bensin,Liquid-cooled,49.9,559239.0,11283.0,2017,13.47,Hemat
Roda2,Matic,112.3,1,9.6,95.1,CVT,Bensin,Air-cooled,61.7,290302.0,10455.0,2023,54.36,Hemat
Roda2,Matic,126.2,1,9.9,104.3,CVT,Bensin,Air-cooled,17.1,62288.0,10021.0,2019,39.89,Boros
Roda4,City Car,1112.3,4,72.1,887.7,Automatic,Bensin,Liquid-cooled,22.8,267864.0,11139.0,2025,15.44,Hemat
Roda2,Matic,114.0,1,9.5,95.6,CVT,Bensin,Air-cooled,68.2,156820.0,11647.0,2017,46.29,Hemat
Roda4,SUV,1627.5,4,116.6,1339.9,Automatic,Bensin,Liquid-cooled,92.3,514934.0,10210.0,2019,8.61,Boros
Roda4,MPV,1304.5,4,86.5,1100.0,Manual,Bensin,Liquid-cooled,66.9,591400.0,13317.0,2016,13.61,Hemat
Roda2,Bebek,128.9,1,10.5,102.7,Manual,Bensin,Air-cooled,56.2,252299.0,12624.0,2024,42.0,Boros
Roda2,Bebek,149.2,1,11.9,109.5,Manual,Bensin,Air-cooled,67.2,103378.0,11973.0,2018,42.0,Boros
Roda2,Sport Besar,433.2,4,38.9,210.5,Manual,Bensin,Liquid-cooled,78.0,246493.0,11438.0,2020,18.45,Boros
Roda4,SUV,1792.7,4,126.5,1455.2,Manual,Hybrid,Liquid-cooled,26.9,489205.0,14400.0,2023,10.65,Boros
Roda2,Matic,141.6,1,13.4,110.7,CVT,Bensin,Liquid-cooled,24.6,226749.0,11109.0,2024,36.9,Boros
Roda4,City Car,1492.2,3,105.0,1089.7,Automatic,Bensin,Liquid-cooled,54.0,566899.0,11873.0,2024,13.0,Boros
Roda4,MPV,1681.8,4,115.1,1390.3,Manual,Diesel,Liquid-cooled,61.5,330193.0,6919.0,2019,10.32,Boros
Roda2,Matic,116.6,1,9.2,96.0,CVT,Bensin,Liquid-cooled,39.1,272040.0,11431.0,2026,49.09,Hemat
Roda2,Sport,187.8,1,21.9,140.5,Manual,Bensin,Liquid-cooled,42.7,63927.0,13582.0,2018,28.0,Boros
Roda2,Matic,130.9,1,12.1,106.1,CVT,Bensin,Air-cooled,33.3,197836.0,12791.0,2019,40.2,Boros
Roda2,Sport Besar,331.6,2,40.5,179.0,Manual,Bensin,Liquid-cooled,35.6,110775.0,12482.0,2025,24.62,Hemat
Roda4,MPV,1341.6,4,85.0,1160.7,Automatic,Bensin,Liquid-cooled,96.9,560880.0,12337.0,2018,13.05,Hemat
Roda4,MPV,1717.1,4,126.4,1392.5,CVT,Bensin,Liquid-cooled,27.4,270437.0,13330.0,2025,9.03,Boros
Roda4,MPV,1556.3,4,109.9,1277.0,Manual,Diesel,Liquid-cooled,36.8,137403.0,13103.0,2015,10.16,Boros
Roda2,Matic,153.7,1,14.3,121.3,CVT,Bensin,Liquid-cooled,29.7,104767.0,13612.0,2021,35.0,Boros
Roda2,Bebek,133.5,1,10.5,101.8,Manual,Bensin,Air-cooled,30.1,112472.0,11389.0,2015,42.0,Boros
Roda2,Sport,186.7,1,22.3,135.0,Manual,Bensin,Liquid-cooled,35.5,181397.0,10458.0,2026,28.0,Boros
Roda2,Sport,206.8,1,22.3,139.5,Manual,Bensin,Liquid-cooled,20.9,98349.0,12548.0,2015,28.0,Boros
Roda4,City Car,1196.7,3,75.4,916.1,CVT,Bensin,Liquid-cooled,46.9,368280.0,13727.0,2024,17.13,Hemat
Roda4,MPV,1661.5,4,114.0,1356.2,CVT,Bensin,Liquid-cooled,82.7,464296.0,12296.0,2022,9.34,Boros
Roda4,SUV,1661.9,4,118.9,1318.3,Manual,Bensin,Liquid-cooled,48.2,404271.0,11420.0,2020,9.45,Boros
Roda4,City Car,1024.7,3,66.5,802.0,Automatic,Bensin,Liquid-cooled,84.0,389882.0,12696.0,2023,18.19,Hemat
Roda2,Matic,145.2,1,13.3,115.7,CVT,Bensin,Air-cooled,31.4,164897.0,10728.0,2019,35.0,Boros
Roda2,Sport Besar,395.8,3,42.0,185.8,Manual,Bensin,Liquid-cooled,13.8,177932.0,13763.0,2019,19.3,Boros
Roda2,Sport Besar,310.8,3,25.0,177.4,Manual,Bensin,Liquid-cooled,61.1,212897.0,10223.0,2015,21.97,Boros
Roda2,Sport Besar,538.9,3,62.5,214.0,Manual,Bensin,Liquid-cooled,70.1,224311.0,13884.0,2015,16.0,Boros
Roda4,MPV,1703.4,4,122.5,1367.8,Automatic,Diesel,Liquid-cooled,21.9,376296.0,7903.0,2020,9.36,Boros
Roda2,Sport Besar,539.7,2,50.1,233.5,Manual,Bensin,Liquid-cooled,33.6,259959.0,10666.0,2026,16.42,Boros
Roda4,SUV,1666.2,4,116.5,1332.6,Automatic,Hybrid,Liquid-cooled,35.2,596893.0,14034.0,2017,11.58,Hemat
Roda4,City Car,1407.5,4,100.7,1039.9,CVT,Bensin,Liquid-cooled,60.7,268078.0,13806.0,2017,13.0,Boros
Roda2,Bebek,122.6,1,9.7,100.8,Manual,Bensin,Air-cooled,30.8,69297.0,10663.0,2022,42.0,Boros
Roda4,City Car,1191.1,3,80.1,919.7,Manual,Bensin,Liquid-cooled,30.9,323263.0,10172.0,2018,13.67,Boros
Roda4,City Car,1484.3,4,101.9,1089.8,Manual,Bensin,Liquid-cooled,71.6,308380.0,10164.0,2024,13.0,Boros
Roda4,City Car,1075.7,4,74.5,899.0,Automatic,Bensin,Liquid-cooled,68.9,557686.0,12002.0,2019,13.04,Boros
Roda4,MPV,1627.1,4,113.7,1312.1,Automatic,Bensin,Liquid-cooled,29.5,319674.0,13617.0,2017,9.0,Boros
Roda4,SUV,1837.7,4,132.1,1430.6,CVT,Diesel,Liquid-cooled,77.6,283674.0,12785.0,2024,11.79,Hemat
Roda4,MPV,1309.1,4,89.3,1131.5,CVT,Diesel,Liquid-cooled,60.0,299519.0,7600.0,2020,17.32,Hemat
Roda2,Matic,151.1,1,14.9,117.6,CVT,Bensin,Air-cooled,47.4,216746.0,10911.0,2022,35.0,Boros
Roda2,Bebek,135.0,1,10.4,101.3,Manual,Bensin,Air-cooled,65.8,234867.0,12518.0,2026,42.0,Boros
Roda2,Bebek,103.4,1,8.2,90.1,Manual,Bensin,Air-cooled,53.7,212126.0,11043.0,2017,57.0,Hemat
Roda4,City Car,1483.2,3,97.4,1080.0,Manual,Bensin,Liquid-cooled,40.6,173603.0,10029.0,2021,13.0,Boros
Roda4,SUV,1519.6,4,104.6,1200.0,CVT,Diesel,Liquid-cooled,89.2,311304.0,12764.0,2019,12.4,Hemat
Roda4,MPV,1352.5,4,88.6,1102.4,Manual,Bensin,Liquid-cooled,75.9,207709.0,10917.0,2022,14.02,Hemat
Roda4,City Car,1225.4,4,86.5,950.0,Manual,Bensin,Liquid-cooled,42.1,367542.0,11365.0,2023,13.58,Boros
Roda2,Sport Besar,343.5,2,30.6,174.0,Manual,Bensin,Liquid-cooled,26.4,96920.0,10044.0,2026,25.22,Hemat
Roda4,City Car,1450.6,4,99.9,1068.9,CVT,Bensin,Liquid-cooled,89.8,484776.0,13828.0,2019,13.0,Boros
Roda2,Bebek,106.9,1,7.5,94.6,Manual,Bensin,Air-cooled,21.0,286891.0,12991.0,2023,45.12,Boros
Roda2,Sport Besar,524.4,2,60.7,209.7,Manual,Bensin,Liquid-cooled,55.7,158254.0,11609.0,2023,16.35,Boros
Roda4,SUV,1852.7,4,139.4,1447.4,CVT,Diesel,Liquid-cooled,44.4,112866.0,7362.0,2018,9.32,Boros
Roda4,SUV,1877.8,4,140.5,1534.5,DCT,Bensin,Liquid-cooled,32.7,187791.0,11418.0,2017,8.0,Boros
Roda4,SUV,1922.9,4,148.4,1570.3,CVT,Hybrid,Liquid-cooled,76.6,597844.0,14197.0,2015,8.0,Boros
Roda4,MPV,1675.4,4,125.7,1444.3,CVT,Bensin,Liquid-cooled,93.5,118065.0,13763.0,2021,9.21,Boros
Roda4,MPV,1368.0,4,89.4,1141.5,Manual,Diesel,Liquid-cooled,83.0,231382.0,9469.0,2016,11.78,Boros
Roda2,Bebek,130.1,1,10.8,103.1,Manual,Bensin,Air-cooled,21.0,60934.0,10432.0,2026,42.0,Boros
Roda4,City Car,1159.0,4,78.7,880.0,CVT,Bensin,Liquid-cooled,71.0,237511.0,12568.0,2021,13.0,Boros
Roda4,SUV,1543.6,4,105.1,1252.0,Manual,Bensin,Liquid-cooled,61.6,148103.0,11725.0,2020,11.37,Hemat
Roda2,Sport Besar,497.9,2,52.3,201.6,Manual,Bensin,Liquid-cooled,41.2,163548.0,10878.0,2021,17.1,Boros
Roda4,MPV,1422.3,4,101.6,1236.5,CVT,Bensin,Liquid-cooled,30.6,357510.0,13103.0,2022,10.53,Boros
Roda4,City Car,1491.8,4,105.0,1097.9,Automatic,Bensin,Liquid-cooled,35.0,231380.0,13828.0,2018,13.0,Boros
Roda4,City Car,1264.0,3,85.4,950.7,CVT,Bensin,Liquid-cooled,54.1,436048.0,12749.0,2024,13.0,Boros
Roda2,Matic,156.2,1,16.0,121.6,CVT,Bensin,Liquid-cooled,38.8,213450.0,13881.0,2016,35.0,Boros
Roda2,Matic,144.4,1,14.1,118.5,CVT,Bensin,Liquid-cooled,52.4,100146.0,11341.0,2025,35.0,Boros
Roda2,Bebek,105.4,1,7.3,92.8,Manual,Bensin,Air-cooled,16.7,56868.0,11574.0,2021,55.27,Hemat
Roda4,City Car,1408.6,4,97.2,1018.5,Automatic,Bensin,Liquid-cooled,47.6,189245.0,13246.0,2019,13.0,Boros
Roda2,Sport Besar,416.7,2,38.7,183.6,Manual,Bensin,Liquid-cooled,47.3,152299.0,12555.0,2022,19.08,Boros
Roda2,Bebek,147.5,1,11.4,109.2,Manual,Bensin,Air-cooled,16.4,200610.0,12159.0,2019,42.0,Boros
Roda4,MPV,1624.9,4,121.2,1373.2,Automatic,Diesel,Liquid-cooled,35.8,248308.0,10901.0,2025,9.0,Boros
Roda4,MPV,1430.9,4,100.1,1211.6,CVT,Diesel,Liquid-cooled,66.6,338007.0,9805.0,2025,14.94,Hemat
Roda2,Sport Besar,313.6,3,31.3,161.8,Manual,Bensin,Liquid-cooled,27.7,225369.0,13601.0,2023,23.5,Hemat
Roda2,Matic,138.8,1,12.9,112.4,CVT,Bensin,Liquid-cooled,56.7,60962.0,11274.0,2019,35.0,Boros
Roda4,SUV,1936.7,4,137.4,1520.8,Manual,Bensin,Liquid-cooled,62.8,169103.0,11357.0,2022,8.0,Boros
Roda4,City Car,1163.9,3,77.7,909.5,Automatic,Bensin,Liquid-cooled,44.8,576675.0,10381.0,2025,13.0,Boros
Roda2,Sport,224.0,2,24.2,155.5,Manual,Bensin,Liquid-cooled,59.5,114586.0,13045.0,2023,28.0,Boros
Roda4,SUV,1619.1,4,110.3,1372.7,CVT,Hybrid,Liquid-cooled,58.0,156634.0,14313.0,2020,10.51,Boros
Roda4,SUV,1895.2,4,146.5,1588.9,DCT,Diesel,Liquid-cooled,22.2,121743.0,10447.0,2015,8.0,Boros
Roda2,Bebek,143.9,1,11.7,107.7,Manual,Bensin,Air-cooled,74.2,244453.0,13207.0,2023,42.0,Boros
Roda2,Sport Besar,528.1,3,55.6,226.0,Manual,Bensin,Liquid-cooled,70.9,82261.0,10421.0,2022,16.0,Boros
Roda2,Sport,157.9,1,16.0,131.2,Manual,Bensin,Liquid-cooled,45.8,278812.0,10194.0,2021,29.87,Boros
Roda4,City Car,1058.5,4,65.0,800.0,Automatic,Bensin,Liquid-cooled,55.9,598052.0,11497.0,2024,17.09,Hemat
Roda2,Bebek,135.4,1,10.3,104.4,Manual,Bensin,Air-cooled,14.1,68674.0,13324.0,2015,42.0,Boros
Roda4,SUV,1795.0,4,132.0,1388.8,DCT,Bensin,Liquid-cooled,76.9,339063.0,13310.0,2017,8.0,Boros
Roda4,City Car,1401.1,3,99.4,1056.9,CVT,Bensin,Liquid-cooled,22.1,272555.0,10182.0,2020,13.0,Boros
Roda4,MPV,1624.2,4,116.2,1347.9,Manual,Bensin,Liquid-cooled,96.0,447639.0,12849.0,2024,9.0,Boros
Roda2,Sport Besar,358.1,3,28.6,180.3,Manual,Bensin,Liquid-cooled,41.4,236669.0,12161.0,2023,23.01,Hemat
Roda4,SUV,1927.0,4,146.1,1520.2,Manual,Hybrid,Liquid-cooled,53.4,571140.0,14084.0,2025,10.19,Boros
Roda2,Bebek,120.2,1,8.8,101.0,Manual,Bensin,Air-cooled,21.6,234508.0,10323.0,2016,42.0,Boros
Roda2,Sport Besar,414.1,3,44.4,200.9,Manual,Bensin,Liquid-cooled,41.4,208995.0,10033.0,2024,19.8,Boros
Roda2,Bebek,115.4,1,8.8,91.6,Manual,Bensin,Air-cooled,19.1,191355.0,11725.0,2026,56.77,Hemat
Roda4,SUV,1507.4,4,100.2,1217.6,CVT,Hybrid,Liquid-cooled,41.1,107761.0,14444.0,2023,14.44,Hemat
Roda2,Matic,112.8,1,9.5,99.2,CVT,Bensin,Air-cooled,68.4,140197.0,12388.0,2016,45.79,Hemat
Roda2,Sport Besar,516.4,4,52.5,233.7,Manual,Bensin,Liquid-cooled,40.3,249688.0,12966.0,2024,17.88,Boros
Roda2,Bebek,115.1,1,9.8,98.6,Manual,Bensin,Air-cooled,22.2,226857.0,12776.0,2018,43.42,Boros
Roda4,City Car,1240.6,3,87.8,956.9,CVT,Bensin,Liquid-cooled,62.8,262786.0,12065.0,2017,13.0,Boros
Roda2,Bebek,107.9,1,7.8,91.9,Manual,Bensin,Air-cooled,68.4,139584.0,13560.0,2015,44.4,Boros
Roda4,SUV,1884.1,4,139.5,1555.4,CVT,Bensin,Liquid-cooled,81.2,338661.0,12440.0,2021,8.41,Boros
Roda2,Sport Besar,299.7,2,31.0,166.1,Manual,Bensin,Liquid-cooled,53.4,260264.0,12848.0,2023,24.14,Hemat
Roda4,MPV,1498.5,4,107.8,1242.0,Manual,Diesel,Liquid-cooled,91.5,274992.0,7207.0,2015,10.73,Boros
Roda4,City Car,1256.2,3,97.4,1018.8,Manual,Bensin,Liquid-cooled,89.9,304372.0,10927.0,2015,13.0,Boros
Roda2,Bebek,110.4,1,7.3,91.3,Manual,Bensin,Air-cooled,70.1,96506.0,12153.0,2026,62.36,Hemat
Roda4,SUV,1506.4,4,100.0,1238.4,Manual,Hybrid,Liquid-cooled,61.1,466764.0,14392.0,2017,14.63,Hemat
Roda4,SUV,1730.6,4,121.3,1390.4,CVT,Hybrid,Liquid-cooled,54.1,539251.0,14420.0,2017,11.6,Hemat
Roda4,City Car,1253.9,3,83.2,968.2,Automatic,Bensin,Liquid-cooled,75.2,295611.0,13819.0,2017,13.0,Boros
Roda4,City Car,1328.9,3,91.2,1010.1,Manual,Bensin,Liquid-cooled,68.5,146292.0,12955.0,2017,13.0,Boros
Roda4,SUV,1915.1,4,148.8,1472.8,CVT,Bensin,Liquid-cooled,62.1,380401.0,13140.0,2023,9.73,Boros
Roda4,MPV,1793.9,4,130.0,1445.1,Automatic,Diesel,Liquid-cooled,23.3,266432.0,13064.0,2018,9.0,Boros
Roda2,Bebek,107.0,1,7.8,95.8,Manual,Bensin,Air-cooled,29.3,101062.0,10065.0,2015,50.59,Hemat
Roda2,Sport Besar,352.7,2,30.5,188.2,Manual,Bensin,Liquid-cooled,66.0,238412.0,13306.0,2015,20.34,Boros
Roda4,MPV,1412.8,4,97.5,1166.2,Automatic,Diesel,Liquid-cooled,84.1,476049.0,8041.0,2023,13.85,Hemat
Roda4,SUV,1661.3,4,115.1,1298.1,CVT,Bensin,Liquid-cooled,86.1,576273.0,11161.0,2015,8.18,Boros
Roda2,Sport Besar,457.5,4,50.7,205.9,Manual,Bensin,Liquid-cooled,45.5,255918.0,10789.0,2021,19.29,Boros
Roda2,Matic,148.9,1,12.9,118.4,CVT,Bensin,Air-cooled,58.5,267742.0,11335.0,2019,35.0,Boros
Roda2,Sport,222.4,2,27.9,159.2,Manual,Bensin,Liquid-cooled,43.8,146624.0,12052.0,2018,28.0,Boros
Roda2,Bebek,149.1,1,11.8,110.0,Manual,Bensin,Air-cooled,24.9,74255.0,10251.0,2017,42.0,Boros
Roda2,Matic,151.6,1,15.2,118.1,CVT,Bensin,Liquid-cooled,44.6,204672.0,10256.0,2021,35.0,Boros
Roda4,City Car,1441.1,4,96.7,1067.7,Manual,Bensin,Liquid-cooled,42.9,380645.0,12833.0,2022,13.0,Boros
Roda4,City Car,1442.0,3,100.4,1077.4,Automatic,Bensin,Liquid-cooled,28.8,180479.0,11787.0,2018,13.0,Boros
Roda4,SUV,1990.1,4,150.0,1547.3,CVT,Diesel,Liquid-cooled,91.1,574991.0,9703.0,2018,8.31,Boros
Roda2,Matic,141.4,1,13.0,115.7,CVT,Bensin,Liquid-cooled,70.4,218515.0,10837.0,2025,38.2,Boros
Roda2,Bebek,118.5,1,9.6,97.1,Manual,Bensin,Air-cooled,36.5,257842.0,13285.0,2025,44.99,Boros
Roda2,Sport Besar,587.2,2,62.3,223.7,Manual,Bensin,Liquid-cooled,73.2,77477.0,13288.0,2019,16.0,Boros
Roda2,Sport,230.0,1,28.2,167.7,Manual,Bensin,Liquid-cooled,30.7,278017.0,12900.0,2017,28.0,Boros
Roda2,Matic,145.2,1,14.6,113.7,CVT,Bensin,Air-cooled,32.3,62818.0,11543.0,2015,35.0,Boros
Roda2,Matic,129.3,1,11.2,114.6,CVT,Bensin,Air-cooled,53.3,176395.0,11261.0,2016,40.58,Boros
Roda4,SUV,1807.3,4,129.3,1362.2,DCT,Hybrid,Liquid-cooled,66.3,532941.0,14256.0,2015,10.59,Boros
Roda4,SUV,1853.2,4,134.2,1456.9,Automatic,Bensin,Liquid-cooled,43.4,202769.0,11262.0,2020,8.0,Boros
Roda4,SUV,1856.7,4,136.7,1448.2,Manual,Diesel,Liquid-cooled,97.0,527592.0,8977.0,2017,10.3,Boros
Roda4,City Car,1049.1,4,65.0,800.0,Manual,Bensin,Liquid-cooled,58.7,209106.0,11926.0,2025,19.08,Hemat
Roda4,SUV,1790.2,4,122.9,1296.6,DCT,Bensin,Liquid-cooled,38.8,116164.0,12582.0,2021,8.0,Boros
Roda2,Sport,247.1,1,30.0,168.4,Manual,Bensin,Liquid-cooled,52.4,263432.0,10260.0,2016,28.0,Boros
Roda2,Sport Besar,407.3,2,41.8,200.2,Manual,Bensin,Liquid-cooled,36.6,267169.0,12846.0,2016,18.42,Boros
Roda2,Sport,178.3,1,20.5,139.2,Manual,Bensin,Liquid-cooled,24.5,106917.0,10035.0,2026,34.28,Hemat
Roda2,Matic,153.1,1,15.3,122.7,CVT,Bensin,Liquid-cooled,75.4,183685.0,12706.0,2017,35.0,Boros
Roda2,Bebek,109.5,1,7.8,92.3,Manual,Bensin,Air-cooled,64.2,233813.0,13110.0,2026,57.08,Hemat
Roda2,Bebek,136.6,1,10.1,106.0,Manual,Bensin,Air-cooled,54.5,60390.0,10807.0,2017,42.0,Boros
Roda4,SUV,1959.8,4,142.1,1570.8,Manual,Hybrid,Liquid-cooled,81.7,363453.0,14345.0,2019,8.0,Boros
Roda2,Matic,147.9,1,15.5,121.2,CVT,Bensin,Air-cooled,11.7,149877.0,13845.0,2021,35.0,Boros
Roda4,SUV,1550.9,4,103.2,1212.9,DCT,Bensin,Liquid-cooled,68.9,179403.0,12808.0,2022,12.49,Hemat
Roda2,Sport,201.5,1,21.0,145.2,Manual,Bensin,Liquid-cooled,63.1,268183.0,11097.0,2025,28.0,Boros
Roda4,SUV,1550.2,4,105.0,1285.6,Manual,Hybrid,Liquid-cooled,50.1,396695.0,14314.0,2021,11.76,Hemat
Roda2,Sport,221.1,1,26.4,146.6,Manual,Bensin,Liquid-cooled,22.6,101146.0,10047.0,2016,28.0,Boros
Roda4,SUV,1634.1,4,123.2,1268.6,DCT,Diesel,Liquid-cooled,67.1,356921.0,7620.0,2015,11.86,Hemat
Roda2,Matic,115.5,1,10.9,95.6,CVT,Bensin,Air-cooled,40.3,173994.0,13849.0,2025,48.13,Hemat
Roda4,SUV,1836.3,4,126.0,1468.1,Automatic,Bensin,Liquid-cooled,38.1,268085.0,10959.0,2017,8.0,Boros
Roda4,SUV,1857.0,4,142.1,1555.2,Manual,Hybrid,Liquid-cooled,64.0,584601.0,14285.0,2020,9.0,Boros
Roda2,Bebek,146.6,1,11.0,109.1,Manual,Bensin,Air-cooled,46.0,113339.0,13852.0,2024,42.0,Boros
Roda2,Matic,154.9,1,16.0,124.0,CVT,Bensin,Liquid-cooled,13.7,202362.0,10486.0,2018,35.0,Boros
Roda4,City Car,1468.6,3,98.6,1100.0,CVT,Bensin,Liquid-cooled,21.8,424595.0,11421.0,2025,13.0,Boros
Roda2,Matic,115.4,1,9.5,95.1,CVT,Bensin,Air-cooled,18.3,212273.0,12212.0,2023,50.49,Hemat
Roda4,SUV,1936.4,4,145.1,1543.3,DCT,Diesel,Liquid-cooled,81.7,493705.0,8063.0,2026,8.0,Boros
Roda4,MPV,1730.8,4,129.8,1385.7,CVT,Diesel,Liquid-cooled,37.6,554169.0,9284.0,2019,9.0,Boros
Roda4,City Car,1035.9,4,71.1,812.1,Automatic,Bensin,Liquid-cooled,46.8,166197.0,11638.0,2018,17.68,Hemat
Roda4,City Car,1339.8,4,100.7,994.5,CVT,Bensin,Liquid-cooled,22.9,500123.0,10934.0,2020,13.0,Boros
Roda2,Sport,239.8,1,28.2,161.4,Manual,Bensin,Liquid-cooled,39.5,71836.0,10452.0,2024,28.0,Boros
Roda4,SUV,1835.9,4,139.7,1467.7,CVT,Bensin,Liquid-cooled,47.9,365122.0,10565.0,2015,8.0,Boros
Roda2,Bebek,108.5,1,8.2,90.3,Manual,Bensin,Air-cooled,62.9,136893.0,12593.0,2021,45.14,Boros
Roda4,SUV,1838.0,4,124.6,1504.8,Manual,Bensin,Liquid-cooled,88.1,485891.0,12900.0,2016,8.0,Boros
Roda4,City Car,1045.1,4,66.9,805.8,CVT,Bensin,Liquid-cooled,92.8,283785.0,12043.0,2017,16.33,Hemat
Roda2,Bebek,116.4,1,9.3,99.7,Manual,Bensin,Air-cooled,36.6,187125.0,12326.0,2019,42.0,Boros
Roda2,Matic,122.7,1,10.3,102.4,CVT,Bensin,Liquid-cooled,22.6,198638.0,11664.0,2021,51.12,Hemat
Roda2,Matic,143.4,1,14.1,115.1,CVT,Bensin,Air-cooled,64.8,182688.0,12300.0,2021,35.0,Boros
Roda4,MPV,1469.9,4,99.2,1209.6,Manual,Bensin,Liquid-cooled,74.3,276016.0,10406.0,2024,11.06,Boros
Roda2,Sport Besar,357.3,4,32.3,185.4,Manual,Bensin,Liquid-cooled,79.5,194992.0,12209.0,2024,20.74,Boros
Roda2,Sport Besar,285.4,3,25.7,160.0,Manual,Bensin,Liquid-cooled,29.5,94879.0,10285.0,2017,26.9,Hemat
Roda4,City Car,1035.5,3,65.4,817.1,CVT,Bensin,Liquid-cooled,61.5,465735.0,11354.0,2022,20.5,Hemat
Roda2,Matic,129.7,1,10.4,105.8,CVT,Bensin,Liquid-cooled,54.0,196049.0,12472.0,2022,40.91,Boros
Roda4,SUV,1548.4,4,104.7,1200.0,Automatic,Hybrid,Liquid-cooled,51.4,559159.0,14164.0,2017,14.22,Hemat
Roda4,SUV,1806.0,4,130.6,1440.0,Manual,Diesel,Liquid-cooled,39.5,594935.0,8597.0,2015,9.07,Boros
Roda4,MPV,1436.1,4,102.0,1141.0,Automatic,Diesel,Liquid-cooled,66.9,402918.0,10039.0,2026,14.42,Hemat
Roda4,City Car,1290.8,3,96.1,994.9,Manual,Bensin,Liquid-cooled,42.9,353807.0,10790.0,2021,13.0,Boros
Roda2,Matic,149.4,1,13.8,121.2,CVT,Bensin,Air-cooled,74.6,216568.0,10919.0,2024,35.0,Boros
Roda4,MPV,1498.7,4,104.0,1242.8,Manual,Diesel,Liquid-cooled,20.4,463196.0,10009.0,2015,11.85,Boros
Roda4,City Car,1427.3,3,96.1,1070.1,Manual,Bensin,Liquid-cooled,96.6,487510.0,12086.0,2024,13.0,Boros
Roda4,City Car,1273.1,3,89.2,981.9,Automatic,Bensin,Liquid-cooled,24.3,284336.0,12146.0,2019,13.0,Boros
Roda4,SUV,1797.5,4,129.5,1445.5,Manual,Diesel,Liquid-cooled,70.7,267967.0,7053.0,2022,9.34,Boros
Roda4,MPV,1445.3,4,98.8,1208.5,CVT,Diesel,Liquid-cooled,31.7,318953.0,9969.0,2022,14.05,Hemat
Roda2,Sport Besar,576.1,3,70.0,238.2,Manual,Bensin,Liquid-cooled,51.1,101383.0,12378.0,2018,16.0,Boros
Roda4,MPV,1679.6,4,123.7,1463.2,CVT,Bensin,Liquid-cooled,35.9,232382.0,11701.0,2023,9.0,Boros
Roda2,Matic,135.1,1,12.8,111.3,CVT,Bensin,Liquid-cooled,80.0,173248.0,10813.0,2018,36.89,Boros
Roda2,Bebek,116.3,1,9.4,93.4,Manual,Bensin,Air-cooled,38.4,179071.0,12265.0,2022,49.32,Hemat
Roda2,Bebek,146.7,1,11.7,104.7,Manual,Bensin,Air-cooled,20.4,296658.0,13764.0,2026,42.0,Boros
Roda4,MPV,1377.7,4,96.1,1173.9,CVT,Bensin,Liquid-cooled,43.8,484713.0,11297.0,2023,15.32,Hemat
Roda4,MPV,1451.6,4,101.0,1274.6,Automatic,Diesel,Liquid-cooled,92.9,367120.0,7518.0,2016,13.49,Hemat
Roda4,City Car,1156.0,3,74.7,876.8,Automatic,Bensin,Liquid-cooled,30.9,508382.0,11608.0,2018,13.84,Boros
Roda4,MPV,1611.4,4,118.1,1390.0,Automatic,Bensin,Liquid-cooled,49.9,539227.0,10249.0,2016,9.0,Boros
Roda2,Sport Besar,649.1,3,70.0,249.4,Manual,Bensin,Liquid-cooled,68.7,199113.0,13659.0,2018,16.0,Boros
Roda4,MPV,1774.3,4,126.9,1432.4,CVT,Bensin,Liquid-cooled,77.9,395964.0,10272.0,2018,9.0,Boros
Roda2,Sport Besar,623.1,3,64.6,248.5,Manual,Bensin,Liquid-cooled,77.9,180723.0,10731.0,2023,16.0,Boros
Roda4,SUV,1703.5,4,115.2,1376.3,Manual,Bensin,Liquid-cooled,69.9,559639.0,10647.0,2017,9.38,Boros
Roda2,Bebek,127.6,1,10.3,99.5,Manual,Bensin,Air-cooled,17.3,249979.0,10696.0,2022,42.0,Boros
Roda2,Sport Besar,411.5,2,43.5,188.7,Manual,Bensin,Liquid-cooled,38.4,186559.0,10879.0,2025,18.13,Boros
Roda2,Matic,127.1,1,12.1,106.4,CVT,Bensin,Liquid-cooled,27.0,297918.0,10770.0,2017,43.81,Hemat
Roda4,City Car,1484.4,4,99.3,1065.4,Manual,Bensin,Liquid-cooled,88.6,241947.0,10398.0,2019,13.0,Boros
Roda4,City Car,1243.9,3,78.3,979.4,Automatic,Bensin,Liquid-cooled,62.4,123233.0,11535.0,2016,13.0,Boros
Roda2,Matic,123.7,1,11.1,101.0,CVT,Bensin,Air-cooled,24.5,275059.0,12040.0,2019,43.48,Hemat
Roda4,City Car,1326.8,3,93.1,996.1,Manual,Bensin,Liquid-cooled,58.4,382022.0,10088.0,2020,13.14,Boros
Roda2,Matic,128.6,1,12.4,109.1,CVT,Bensin,Liquid-cooled,29.4,101320.0,11420.0,2025,43.43,Hemat
Roda4,SUV,1521.9,4,106.4,1270.7,Automatic,Diesel,Liquid-cooled,94.4,529267.0,9654.0,2019,11.31,Hemat
Roda4,City Car,1393.5,4,95.0,1037.8,Manual,Bensin,Liquid-cooled,70.7,322282.0,13786.0,2018,13.0,Boros
Roda4,City Car,1398.9,4,99.3,1009.0,CVT,Bensin,Liquid-cooled,58.9,338413.0,11178.0,2020,13.0,Boros
Roda4,SUV,1796.2,4,131.5,1450.0,Manual,Hybrid,Liquid-cooled,31.9,181705.0,13932.0,2017,9.24,Boros
Roda2,Sport,164.2,1,15.5,132.2,Manual,Bensin,Liquid-cooled,73.8,120826.0,10107.0,2016,36.26,Hemat
Roda4,MPV,1633.7,4,113.6,1356.8,Manual,Bensin,Liquid-cooled,71.2,490983.0,11180.0,2024,9.0,Boros
Roda2,Matic,126.9,1,11.8,106.5,CVT,Bensin,Air-cooled,26.9,105598.0,13713.0,2026,52.91,Hemat
Roda2,Bebek,140.1,1,11.5,105.0,Manual,Bensin,Air-cooled,56.3,188250.0,12330.0,2021,42.0,Boros
Roda4,City Car,1135.1,3,74.1,924.2,Manual,Bensin,Liquid-cooled,35.7,389741.0,11879.0,2023,15.63,Hemat
Roda2,Sport,197.2,1,21.9,139.7,Manual,Bensin,Liquid-cooled,15.6,102291.0,11216.0,2017,28.0,Boros
Roda2,Matic,123.3,1,10.3,107.9,CVT,Bensin,Air-cooled,77.1,119290.0,13406.0,2016,38.4,Boros
Roda4,SUV,1739.0,4,120.2,1350.2,Automatic,Hybrid,Liquid-cooled,70.1,472091.0,14016.0,2020,10.44,Boros
Roda2,Sport,224.3,1,26.2,162.6,Manual,Bensin,Liquid-cooled,73.1,111264.0,12187.0,2016,28.0,Boros
Roda4,SUV,1622.1,4,118.1,1296.3,Manual,Bensin,Liquid-cooled,69.6,450569.0,11544.0,2023,11.96,Hemat
Roda4,City Car,1365.8,3,89.1,994.1,CVT,Bensin,Liquid-cooled,41.1,592094.0,11230.0,2019,13.38,Boros
Roda2,Sport Besar,597.1,3,65.2,243.1,Manual,Bensin,Liquid-cooled,77.1,262625.0,13203.0,2019,16.0,Boros
Roda2,Sport Besar,485.5,3,51.8,211.6,Manual,Bensin,Liquid-cooled,55.3,230963.0,11647.0,2025,16.0,Boros
Roda4,City Car,1485.7,3,103.7,1100.0,Automatic,Bensin,Liquid-cooled,44.1,575750.0,10198.0,2026,13.0,Boros
Roda4,MPV,1793.4,4,130.0,1479.5,Manual,Diesel,Liquid-cooled,40.5,279804.0,7083.0,2026,9.0,Boros
Roda4,City Car,1484.9,4,102.6,1100.0,Manual,Bensin,Liquid-cooled,42.9,403146.0,12138.0,2020,13.0,Boros
Roda4,SUV,1806.0,4,128.7,1355.4,DCT,Diesel,Liquid-cooled,35.1,594377.0,12621.0,2019,9.64,Boros
Roda2,Matic,150.2,1,15.4,119.1,CVT,Bensin,Liquid-cooled,15.8,208705.0,10844.0,2018,35.0,Boros
Roda4,City Car,1152.5,4,69.5,890.0,Manual,Bensin,Liquid-cooled,30.9,201981.0,12340.0,2021,15.19,Hemat
Roda4,City Car,1308.6,3,86.4,977.7,Automatic,Bensin,Liquid-cooled,57.8,375293.0,12662.0,2020,13.0,Boros
Roda4,City Car,1473.6,4,103.1,1032.8,CVT,Bensin,Liquid-cooled,18.7,495442.0,12268.0,2023,13.0,Boros
Roda2,Sport,186.4,2,20.5,129.0,Manual,Bensin,Liquid-cooled,15.5,116370.0,12663.0,2023,35.78,Hemat
Roda2,Matic,125.5,1,11.6,104.6,CVT,Bensin,Liquid-cooled,18.6,124029.0,13457.0,2019,44.26,Hemat
Roda4,City Car,1407.7,4,94.5,1042.4,Automatic,Bensin,Liquid-cooled,46.0,274336.0,10514.0,2017,13.0,Boros
Roda4,MPV,1718.1,4,120.1,1435.8,Automatic,Diesel,Liquid-cooled,75.4,168631.0,6810.0,2025,9.0,Boros
Roda4,City Car,1344.9,4,88.6,945.0,Automatic,Bensin,Liquid-cooled,79.5,431250.0,13273.0,2024,13.0,Boros
Roda4,SUV,1816.4,4,130.9,1486.1,CVT,Diesel,Liquid-cooled,53.5,348811.0,9028.0,2026,8.79,Boros
Roda4,MPV,1695.1,4,123.8,1452.6,Manual,Diesel,Liquid-cooled,87.9,239978.0,10385.0,2022,9.0,Boros
Roda2,Bebek,146.8,1,11.1,107.2,Manual,Bensin,Air-cooled,44.6,146912.0,12468.0,2021,42.0,Boros
Roda2,Bebek,113.3,1,8.6,97.9,Manual,Bensin,Air-cooled,56.7,52607.0,10996.0,2016,44.2,Boros
Roda4,SUV,1902.4,4,140.9,1542.6,Automatic,Diesel,Liquid-cooled,81.2,457973.0,8754.0,2016,8.0,Boros
Roda4,City Car,1478.8,4,97.1,1073.6,CVT,Bensin,Liquid-cooled,80.0,152373.0,13149.0,2023,13.0,Boros
Roda2,Sport Besar,285.0,4,25.0,172.3,Manual,Bensin,Liquid-cooled,27.7,169108.0,11632.0,2019,24.4,Hemat
Roda2,Sport Besar,481.5,4,54.9,221.7,Manual,Bensin,Liquid-cooled,49.5,181775.0,11282.0,2023,16.6,Boros
Roda4,City Car,1045.7,4,71.5,841.9,Automatic,Bensin,Liquid-cooled,47.2,551135.0,10144.0,2022,16.29,Hemat
Roda4,SUV,1560.1,4,106.9,1302.6,Manual,Diesel,Liquid-cooled,57.1,286010.0,10471.0,2017,11.67,Hemat
Roda2,Sport Besar,643.5,4,67.9,248.5,Manual,Bensin,Liquid-cooled,67.8,257199.0,11626.0,2024,16.0,Boros
Roda2,Bebek,132.6,1,9.9,101.5,Manual,Bensin,Air-cooled,54.6,255017.0,10162.0,2025,42.0,Boros
Roda4,MPV,1732.0,4,126.8,1492.4,CVT,Diesel,Liquid-cooled,15.8,593315.0,11709.0,2026,9.33,Boros
Roda2,Sport Besar,292.7,2,27.1,180.9,Manual,Bensin,Liquid-cooled,31.4,146803.0,13769.0,2019,24.8,Hemat
Roda2,Bebek,100.6,1,7.2,90.0,Manual,Bensin,Air-cooled,55.2,174833.0,11037.0,2026,59.76,Hemat
Roda2,Matic,116.9,1,10.7,100.5,CVT,Bensin,Air-cooled,56.7,178511.0,11417.0,2024,45.55,Hemat
Roda2,Matic,151.5,1,13.9,120.3,CVT,Bensin,Liquid-cooled,56.6,159727.0,13717.0,2018,35.0,Boros
Roda2,Sport,210.2,1,24.7,150.5,Manual,Bensin,Liquid-cooled,38.0,67095.0,12333.0,2018,28.0,Boros
Roda2,Matic,122.8,1,10.2,103.6,CVT,Bensin,Air-cooled,42.1,219244.0,11939.0,2023,46.13,Hemat
Roda2,Sport,197.2,1,23.4,144.4,Manual,Bensin,Liquid-cooled,40.1,120039.0,13281.0,2021,28.0,Boros
Roda2,Sport Besar,291.3,4,25.0,174.1,Manual,Bensin,Liquid-cooled,32.3,282358.0,12896.0,2021,25.92,Hemat
Roda2,Bebek,141.1,1,10.6,106.9,Manual,Bensin,Air-cooled,20.0,243837.0,11058.0,2018,42.0,Boros
Roda2,Matic,110.2,1,9.9,95.0,CVT,Bensin,Air-cooled,43.1,220476.0,12472.0,2025,57.02,Hemat
Roda4,City Car,1020.3,3,71.4,800.0,Automatic,Bensin,Liquid-cooled,65.6,406784.0,12082.0,2015,14.8,Boros
Roda4,City Car,1259.6,4,85.9,933.5,Manual,Bensin,Liquid-cooled,63.2,312072.0,13786.0,2023,14.56,Boros
Roda2,Matic,157.8,1,15.5,121.8,CVT,Bensin,Liquid-cooled,75.4,86932.0,13158.0,2018,35.0,Boros
Roda2,Sport Besar,319.5,2,35.3,173.6,Manual,Bensin,Liquid-cooled,43.1,56438.0,13007.0,2016,22.4,Hemat
Roda2,Sport,151.2,2,15.0,124.9,Manual,Bensin,Liquid-cooled,20.1,131103.0,10638.0,2017,35.56,Hemat
Roda4,MPV,1578.6,4,108.9,1324.6,Manual,Diesel,Liquid-cooled,23.8,122570.0,7679.0,2015,11.59,Boros
Roda2,Matic,121.0,1,11.1,105.8,CVT,Bensin,Air-cooled,32.3,289132.0,13077.0,2023,42.31,Hemat
Roda2,Sport Besar,357.3,3,35.3,189.3,Manual,Bensin,Liquid-cooled,21.7,131682.0,10274.0,2017,16.8,Boros
Roda2,Matic,141.8,1,12.8,113.3,CVT,Bensin,Liquid-cooled,63.2,155083.0,13680.0,2021,35.23,Boros
Roda2,Matic,122.7,1,11.4,108.2,CVT,Bensin,Liquid-cooled,24.1,248586.0,11400.0,2024,40.8,Boros
Roda4,SUV,1576.8,4,109.9,1356.7,Manual,Bensin,Liquid-cooled,52.7,319632.0,12877.0,2025,10.76,Boros
Roda4,MPV,1578.7,4,115.6,1256.6,Manual,Bensin,Liquid-cooled,53.5,138968.0,12111.0,2017,9.0,Boros
Roda2,Matic,155.5,1,15.8,124.6,CVT,Bensin,Liquid-cooled,52.8,277482.0,13084.0,2016,35.0,Boros
Roda2,Bebek,125.4,1,9.6,99.6,Manual,Bensin,Air-cooled,70.0,218312.0,11592.0,2015,42.0,Boros
Roda2,Matic,134.5,1,12.6,107.3,CVT,Bensin,Liquid-cooled,37.2,182787.0,13486.0,2021,35.0,Boros
Roda2,Bebek,149.6,1,10.8,108.6,Manual,Bensin,Air-cooled,16.9,215076.0,12981.0,2024,42.0,Boros
Roda2,Sport Besar,516.5,4,47.6,227.8,Manual,Bensin,Liquid-cooled,37.1,125058.0,13696.0,2017,20.6,Boros
Roda4,MPV,1315.8,4,85.0,1101.7,CVT,Bensin,Liquid-cooled,31.9,411472.0,12580.0,2022,15.25,Hemat
Roda2,Matic,126.5,1,11.2,107.1,CVT,Bensin,Air-cooled,54.9,253354.0,11363.0,2018,47.62,Hemat
Roda4,MPV,1794.8,4,122.8,1500.0,CVT,Bensin,Liquid-cooled,63.4,493785.0,11644.0,2018,9.0,Boros
Roda2,Sport,154.8,2,15.6,121.7,Manual,Bensin,Liquid-cooled,63.4,262291.0,12291.0,2015,36.89,Hemat
Roda2,Sport,231.9,2,29.7,170.0,Manual,Bensin,Liquid-cooled,30.3,292270.0,10201.0,2017,28.0,Boros
Roda4,MPV,1526.3,4,106.1,1194.1,Manual,Bensin,Liquid-cooled,41.8,423116.0,11744.0,2019,11.5,Boros
Roda4,MPV,1721.6,4,128.7,1477.9,Manual,Bensin,Liquid-cooled,17.6,263591.0,13745.0,2025,9.0,Boros
Roda2,Matic,149.7,1,14.7,112.1,CVT,Bensin,Liquid-cooled,62.6,73747.0,11251.0,2019,35.0,Boros
Roda4,MPV,1553.9,4,107.7,1339.2,Automatic,Diesel,Liquid-cooled,57.0,185194.0,7548.0,2017,13.18,Hemat
Roda4,MPV,1402.4,4,92.9,1207.7,Manual,Diesel,Liquid-cooled,96.9,289049.0,11336.0,2015,12.65,Hemat
Roda2,Sport Besar,570.0,3,63.2,211.4,Manual,Bensin,Liquid-cooled,11.0,169863.0,10504.0,2015,16.0,Boros
Roda4,MPV,1311.6,4,86.7,1112.4,Manual,Diesel,Liquid-cooled,42.0,295803.0,8828.0,2015,15.0,Hemat
Roda2,Bebek,131.7,1,9.7,104.4,Manual,Bensin,Air-cooled,65.4,220140.0,11168.0,2022,42.0,Boros
Roda2,Bebek,126.1,1,9.3,101.5,Manual,Bensin,Air-cooled,65.5,96307.0,13579.0,2022,42.0,Boros
Roda4,SUV,1679.3,4,123.2,1316.9,Manual,Hybrid,Liquid-cooled,96.6,120511.0,14445.0,2023,11.98,Hemat
Roda4,City Car,1449.7,3,101.6,1063.4,CVT,Bensin,Liquid-cooled,49.5,560185.0,13869.0,2018,13.0,Boros
Roda4,SUV,1797.8,4,130.5,1405.3,Manual,Hybrid,Liquid-cooled,93.0,216223.0,14129.0,2026,9.46,Boros
Roda4,MPV,1705.0,4,123.4,1500.0,Automatic,Diesel,Liquid-cooled,46.5,145046.0,8866.0,2016,9.0,Boros
Roda2,Bebek,121.1,1,9.0,94.7,Manual,Bensin,Air-cooled,73.7,252006.0,10843.0,2024,52.43,Hemat
Roda4,City Car,1131.6,4,75.2,872.7,CVT,Bensin,Liquid-cooled,98.6,512451.0,10296.0,2016,13.0,Boros
Roda2,Sport Besar,415.9,3,43.0,177.3,Manual,Bensin,Liquid-cooled,34.2,126389.0,12628.0,2018,19.62,Boros
Roda2,Sport Besar,607.9,4,66.6,237.5,Manual,Bensin,Liquid-cooled,28.7,53837.0,11588.0,2021,16.0,Boros
Roda2,Sport,179.5,1,17.6,137.1,Manual,Bensin,Liquid-cooled,57.6,70903.0,12283.0,2016,31.56,Boros
Roda2,Sport,209.2,1,25.7,144.1,Manual,Bensin,Liquid-cooled,12.7,94309.0,12537.0,2021,28.73,Boros
Roda2,Bebek,150.0,1,11.4,110.0,Manual,Bensin,Air-cooled,38.1,298462.0,13433.0,2018,42.0,Boros
Roda2,Sport,199.7,1,23.9,144.7,Manual,Bensin,Liquid-cooled,60.3,275655.0,12416.0,2022,28.0,Boros
Roda4,City Car,1480.7,3,103.2,1059.4,CVT,Bensin,Liquid-cooled,80.8,549385.0,13513.0,2023,13.0,Boros
Roda4,City Car,1233.6,4,91.5,950.8,Manual,Bensin,Liquid-cooled,31.1,246887.0,10747.0,2018,13.0,Boros
Roda4,MPV,1749.9,4,130.0,1482.9,CVT,Diesel,Liquid-cooled,28.3,360871.0,10593.0,2020,9.0,Boros
Roda2,Matic,139.4,1,13.0,117.9,CVT,Bensin,Liquid-cooled,25.9,195965.0,11449.0,2024,35.0,Boros
Roda2,Sport Besar,633.7,2,64.8,250.0,Manual,Bensin,Liquid-cooled,30.0,299279.0,11069.0,2022,16.0,Boros
Roda2,Matic,123.6,1,10.2,102.7,CVT,Bensin,Air-cooled,63.8,171475.0,12964.0,2018,42.12,Hemat
Roda4,SUV,1569.5,4,100.0,1338.1,Manual,Hybrid,Liquid-cooled,61.6,114502.0,14105.0,2020,13.1,Hemat
Roda2,Bebek,121.0,1,9.6,96.9,Manual,Bensin,Air-cooled,18.4,135470.0,10358.0,2019,42.0,Boros
Roda4,SUV,1732.1,4,124.6,1368.2,DCT,Hybrid,Liquid-cooled,66.4,351197.0,14441.0,2015,10.43,Boros
Roda4,MPV,1559.4,4,105.1,1278.3,Automatic,Bensin,Liquid-cooled,19.0,411973.0,11849.0,2015,10.29,Boros
Roda4,MPV,1791.3,4,125.0,1500.0,CVT,Bensin,Liquid-cooled,78.4,368182.0,12794.0,2018,9.0,Boros
Roda2,Sport,226.7,1,28.0,160.0,Manual,Bensin,Liquid-cooled,55.2,251384.0,13691.0,2021,28.0,Boros
Roda4,MPV,1374.8,4,94.5,1195.6,CVT,Bensin,Liquid-cooled,97.1,406815.0,10879.0,2021,11.39,Boros
Roda4,City Car,1211.7,3,83.4,923.8,Automatic,Bensin,Liquid-cooled,46.2,560662.0,12349.0,2024,13.0,Boros
Roda2,Bebek,142.2,1,11.1,103.3,Manual,Bensin,Air-cooled,50.0,178167.0,11145.0,2019,42.0,Boros
Roda4,City Car,1150.0,3,78.5,870.6,CVT,Bensin,Liquid-cooled,50.5,558300.0,10165.0,2016,14.65,Boros
Roda2,Sport,207.3,1,21.9,150.0,Manual,Bensin,Liquid-cooled,16.9,269535.0,12093.0,2024,30.11,Boros
Roda4,SUV,1605.8,4,110.0,1323.7,Manual,Bensin,Liquid-cooled,69.8,185335.0,13857.0,2020,9.68,Boros
Roda4,MPV,1359.7,4,85.0,1116.4,CVT,Bensin,Liquid-cooled,51.3,421648.0,12580.0,2015,14.43,Hemat
Roda4,MPV,1307.7,4,85.0,1146.7,Manual,Diesel,Liquid-cooled,39.4,463804.0,8126.0,2021,14.21,Hemat
Roda4,MPV,1474.7,4,95.3,1217.6,Automatic,Bensin,Liquid-cooled,20.8,478616.0,10703.0,2025,10.12,Boros
Roda4,MPV,1658.7,4,114.4,1371.8,CVT,Diesel,Liquid-cooled,67.9,328086.0,12782.0,2015,11.52,Boros
Roda4,MPV,1580.1,4,112.5,1264.1,Manual,Diesel,Liquid-cooled,91.8,218802.0,11265.0,2022,12.47,Hemat
Roda2,Bebek,110.3,1,8.3,97.4,Manual,Bensin,Air-cooled,44.6,193324.0,13269.0,2023,57.52,Hemat
Roda2,Sport Besar,579.8,3,63.3,242.0,Manual,Bensin,Liquid-cooled,62.1,91256.0,12681.0,2023,16.0,Boros
Roda2,Matic,149.2,1,15.5,113.8,CVT,Bensin,Liquid-cooled,52.6,88163.0,13239.0,2023,35.0,Boros
Roda2,Sport,204.5,1,27.4,150.0,Manual,Bensin,Liquid-cooled,70.1,125257.0,13670.0,2023,28.0,Boros
Roda2,Bebek,131.8,1,9.9,103.7,Manual,Bensin,Air-cooled,49.1,252938.0,12893.0,2024,42.0,Boros
Roda4,City Car,1354.1,4,89.2,1010.5,Automatic,Bensin,Liquid-cooled,40.9,495225.0,13145.0,2025,13.0,Boros
Roda4,City Car,1247.2,4,83.9,932.6,Automatic,Bensin,Liquid-cooled,70.8,597786.0,10671.0,2025,15.03,Hemat
Roda4,SUV,1547.2,4,100.5,1264.3,Automatic,Hybrid,Liquid-cooled,54.8,435339.0,14194.0,2023,14.12,Hemat
Roda4,MPV,1377.5,4,85.0,1227.1,Automatic,Diesel,Liquid-cooled,59.1,368619.0,8772.0,2015,11.93,Boros
Roda2,Bebek,134.2,1,10.5,108.5,Manual,Bensin,Air-cooled,34.4,282382.0,13239.0,2017,42.0,Boros
Roda2,Matic,118.5,1,10.7,97.5,CVT,Bensin,Air-cooled,69.5,103213.0,12608.0,2015,42.75,Hemat
Roda4,SUV,1890.3,4,131.3,1528.1,Automatic,Hybrid,Liquid-cooled,78.7,503722.0,14403.0,2021,8.98,Boros
Roda4,MPV,1492.5,4,97.9,1248.0,Automatic,Bensin,Liquid-cooled,40.7,355944.0,10472.0,2026,12.22,Hemat
Roda2,Bebek,117.3,1,8.4,99.0,Manual,Bensin,Air-cooled,19.3,145563.0,12415.0,2020,47.31,Boros
Roda4,SUV,1790.8,4,133.1,1458.0,CVT,Hybrid,Liquid-cooled,64.0,208196.0,14282.0,2026,12.98,Hemat
Roda4,MPV,1515.9,4,99.6,1255.4,Manual,Bensin,Liquid-cooled,29.2,228894.0,12060.0,2023,11.44,Boros
Roda2,Bebek,103.5,1,7.0,93.2,Manual,Bensin,Air-cooled,28.9,112198.0,13674.0,2021,53.34,Hemat
Roda4,City Car,1033.0,3,65.0,800.0,Manual,Bensin,Liquid-cooled,37.2,391921.0,10291.0,2025,16.92,Hemat
Roda2,Sport,205.4,2,22.0,143.8,Manual,Bensin,Liquid-cooled,47.5,258179.0,11087.0,2018,28.0,Boros
Roda4,SUV,1792.8,4,134.0,1457.3,Manual,Bensin,Liquid-cooled,18.4,354720.0,12885.0,2025,8.0,Boros
Roda4,City Car,1058.3,3,65.0,847.1,Manual,Bensin,Liquid-cooled,20.9,228203.0,12062.0,2016,17.38,Hemat
Roda2,Matic,151.5,1,14.5,120.9,CVT,Bensin,Liquid-cooled,52.2,122424.0,11688.0,2015,35.0,Boros
Roda4,SUV,1971.5,4,150.0,1589.2,Automatic,Hybrid,Liquid-cooled,76.0,128792.0,14028.0,2026,8.0,Boros
Roda4,City Car,1000.9,3,68.1,800.0,CVT,Bensin,Liquid-cooled,20.3,479885.0,11822.0,2022,16.7,Hemat
Roda2,Sport,208.5,2,24.5,145.3,Manual,Bensin,Liquid-cooled,52.4,73541.0,13447.0,2022,28.0,Boros
Roda2,Sport,159.1,1,19.1,123.9,Manual,Bensin,Liquid-cooled,73.5,50563.0,11040.0,2019,34.38,Hemat
Roda4,SUV,1568.9,4,113.0,1216.8,DCT,Hybrid,Liquid-cooled,40.3,492342.0,14212.0,2026,15.16,Hemat
Roda2,Matic,138.6,1,12.1,117.7,CVT,Bensin,Liquid-cooled,60.0,83172.0,12878.0,2024,36.35,Boros
Roda4,SUV,1504.7,4,100.0,1200.0,Automatic,Hybrid,Liquid-cooled,90.9,173814.0,13969.0,2015,12.63,Hemat
Roda4,City Car,1068.9,3,70.4,861.2,CVT,Bensin,Liquid-cooled,22.8,221655.0,10816.0,2018,16.26,Hemat
Roda4,SUV,1903.7,4,142.0,1567.6,CVT,Hybrid,Liquid-cooled,87.4,484472.0,13937.0,2020,8.94,Boros
Roda2,Bebek,106.7,1,7.4,93.3,Manual,Bensin,Air-cooled,31.1,274936.0,12451.0,2020,50.86,Hemat
Roda4,SUV,1516.2,4,101.9,1275.6,DCT,Diesel,Liquid-cooled,38.8,168470.0,10795.0,2022,12.61,Hemat
Roda2,Bebek,108.6,1,8.0,95.4,Manual,Bensin,Air-cooled,15.9,210765.0,12974.0,2023,43.95,Boros
Roda4,SUV,1652.4,4,119.9,1289.7,Manual,Diesel,Liquid-cooled,24.0,221607.0,11791.0,2018,8.8,Boros
Roda4,City Car,1383.0,3,93.1,1025.9,Automatic,Bensin,Liquid-cooled,32.4,486679.0,10873.0,2024,13.0,Boros
Roda4,City Car,1443.1,4,101.4,1036.5,Automatic,Bensin,Liquid-cooled,72.1,568820.0,10875.0,2023,13.0,Boros
Roda4,SUV,1672.7,4,118.6,1333.8,DCT,Hybrid,Liquid-cooled,48.6,219443.0,13920.0,2015,12.36,Hemat
Roda2,Sport,162.9,2,15.3,125.1,Manual,Bensin,Liquid-cooled,59.4,87051.0,12694.0,2016,31.35,Boros
Roda4,MPV,1461.3,4,97.3,1299.6,Automatic,Bensin,Liquid-cooled,74.0,361355.0,13743.0,2021,12.18,Hemat
Roda2,Sport Besar,275.8,2,28.7,166.3,Manual,Bensin,Liquid-cooled,61.5,194277.0,10635.0,2021,25.68,Hemat
Roda2,Matic,132.3,1,12.8,107.0,CVT,Bensin,Liquid-cooled,43.9,104606.0,12351.0,2024,35.0,Boros
Roda2,Matic,137.6,1,12.9,110.6,CVT,Bensin,Air-cooled,35.5,102483.0,13027.0,2016,35.0,Boros
Roda4,MPV,1689.0,4,119.5,1375.0,Manual,Bensin,Liquid-cooled,93.1,489463.0,12559.0,2022,9.99,Boros
Roda2,Matic,154.8,1,15.0,120.3,CVT,Bensin,Air-cooled,41.6,154834.0,10283.0,2018,35.0,Boros
Roda2,Bebek,132.6,1,10.1,102.6,Manual,Bensin,Air-cooled,60.6,263924.0,13238.0,2022,44.47,Boros
Roda2,Matic,134.7,1,11.6,107.6,CVT,Bensin,Liquid-cooled,79.2,165590.0,10290.0,2016,35.0,Boros
Roda2,Sport Besar,490.5,3,40.6,209.5,Manual,Bensin,Liquid-cooled,17.4,76624.0,13760.0,2025,17.82,Boros
Roda2,Bebek,114.8,1,8.7,94.1,Manual,Bensin,Air-cooled,61.6,293648.0,10204.0,2016,44.95,Boros
Roda2,Matic,114.9,1,9.6,95.0,CVT,Bensin,Liquid-cooled,51.6,122716.0,11039.0,2025,48.31,Hemat
Roda4,MPV,1724.4,4,117.5,1500.0,Manual,Bensin,Liquid-cooled,49.1,276734.0,13493.0,2018,9.0,Boros
Roda2,Matic,121.4,1,9.9,101.9,CVT,Bensin,Liquid-cooled,53.1,87698.0,13260.0,2018,45.27,Hemat
Roda4,SUV,1509.9,4,109.3,1206.2,Automatic,Bensin,Liquid-cooled,50.8,401075.0,12570.0,2026,10.86,Boros
Roda4,SUV,1876.1,4,142.0,1471.0,Automatic,Hybrid,Liquid-cooled,85.7,200394.0,14339.0,2023,9.05,Boros
Roda2,Sport Besar,506.6,4,58.1,227.8,Manual,Bensin,Liquid-cooled,44.4,232276.0,11470.0,2023,16.0,Boros
Roda4,SUV,1759.6,4,126.5,1392.8,Automatic,Bensin,Liquid-cooled,30.9,179085.0,12370.0,2023,8.0,Boros
Roda4,MPV,1305.3,4,86.9,1145.3,Automatic,Diesel,Liquid-cooled,51.0,493566.0,8197.0,2018,14.87,Hemat
Roda2,Sport,208.3,1,22.2,147.5,Manual,Bensin,Liquid-cooled,31.2,83006.0,13196.0,2017,29.52,Boros
Roda4,SUV,1908.3,4,142.0,1485.6,DCT,Bensin,Liquid-cooled,95.4,414630.0,10987.0,2025,8.0,Boros
Roda2,Matic,120.3,1,9.8,101.3,CVT,Bensin,Liquid-cooled,34.2,93152.0,10010.0,2025,41.91,Boros
Roda4,City Car,1460.4,4,102.7,1070.9,Manual,Bensin,Liquid-cooled,24.5,569119.0,12083.0,2021,13.0,Boros
Roda4,MPV,1506.1,4,104.2,1261.9,Automatic,Bensin,Liquid-cooled,16.0,461866.0,12717.0,2017,9.67,Boros
Roda4,MPV,1549.3,4,110.9,1323.6,Manual,Diesel,Liquid-cooled,50.1,304709.0,10848.0,2017,11.32,Boros
Roda4,SUV,1646.5,4,104.0,1403.2,Manual,Hybrid,Liquid-cooled,70.7,127102.0,14420.0,2018,13.09,Hemat
Roda4,SUV,1775.4,4,126.2,1436.2,DCT,Hybrid,Liquid-cooled,29.0,554985.0,14360.0,2016,11.64,Hemat
Roda2,Bebek,120.0,1,9.2,92.7,Manual,Bensin,Air-cooled,21.7,296544.0,13201.0,2017,43.4,Boros
Roda4,MPV,1372.3,4,86.0,1162.8,Automatic,Bensin,Liquid-cooled,23.2,324961.0,11148.0,2017,11.95,Boros
Roda4,MPV,1622.9,4,111.0,1416.2,Automatic,Diesel,Liquid-cooled,64.4,528305.0,10975.0,2020,9.0,Boros
Roda2,Sport,191.5,2,19.7,137.2,Manual,Bensin,Liquid-cooled,65.8,173671.0,11843.0,2024,28.78,Boros
Roda4,City Car,1165.9,4,77.5,898.8,Manual,Bensin,Liquid-cooled,96.1,517378.0,10277.0,2020,17.67,Hemat
Roda4,SUV,1751.6,4,126.6,1363.5,DCT,Bensin,Liquid-cooled,54.2,155895.0,11713.0,2022,10.17,Boros
Roda4,City Car,1168.0,4,79.7,885.5,CVT,Bensin,Liquid-cooled,93.6,299807.0,11199.0,2022,16.0,Hemat
Roda2,Sport Besar,338.8,3,34.9,183.6,Manual,Bensin,Liquid-cooled,38.6,218522.0,12240.0,2016,23.25,Hemat
Roda4,SUV,1996.5,4,147.3,1578.3,CVT,Diesel,Liquid-cooled,59.2,133888.0,9078.0,2018,8.0,Boros
Roda4,SUV,1978.2,4,148.3,1545.6,DCT,Hybrid,Liquid-cooled,53.0,330478.0,14403.0,2016,8.0,Boros
Roda4,SUV,1772.3,4,128.4,1427.4,Manual,Bensin,Liquid-cooled,48.2,408300.0,12219.0,2017,8.0,Boros
Roda2,Sport,242.0,1,28.9,163.2,Manual,Bensin,Liquid-cooled,67.1,65351.0,10964.0,2025,28.0,Boros
Roda4,SUV,1528.7,4,104.9,1200.0,CVT,Bensin,Liquid-cooled,18.1,527415.0,10501.0,2019,11.71,Hemat
Roda4,City Car,1427.6,3,97.5,1037.4,Automatic,Bensin,Liquid-cooled,71.4,324200.0,10712.0,2016,13.0,Boros
Roda4,City Car,1378.8,3,94.0,1018.6,CVT,Bensin,Liquid-cooled,61.0,413385.0,13156.0,2017,13.0,Boros
Roda2,Bebek,107.4,1,7.2,92.6,Manual,Bensin,Air-cooled,31.1,240272.0,11382.0,2016,54.78,Hemat
Roda2,Sport,246.0,1,29.6,170.0,Manual,Bensin,Liquid-cooled,38.7,164766.0,13762.0,2018,28.0,Boros
Roda4,SUV,1866.6,4,138.7,1508.9,Manual,Bensin,Liquid-cooled,93.4,143238.0,12296.0,2020,8.0,Boros
Roda4,SUV,1749.1,4,125.6,1406.4,Automatic,Diesel,Liquid-cooled,73.8,501079.0,8288.0,2016,9.77,Boros
Roda2,Matic,129.8,1,11.8,109.1,CVT,Bensin,Air-cooled,56.2,284142.0,10732.0,2018,35.0,Boros
Roda4,City Car,1035.9,4,67.3,848.4,Manual,Bensin,Liquid-cooled,64.5,224188.0,10097.0,2025,19.79,Hemat
Roda4,City Car,1425.1,3,97.8,1017.4,Automatic,Bensin,Liquid-cooled,57.3,144273.0,12889.0,2015,13.0,Boros
Roda4,SUV,1921.3,4,133.2,1503.2,DCT,Bensin,Liquid-cooled,48.8,475893.0,12871.0,2017,8.0,Boros
Roda2,Sport Besar,580.8,4,65.0,234.8,Manual,Bensin,Liquid-cooled,23.3,218301.0,11672.0,2018,16.0,Boros
Roda4,City Car,1021.2,4,65.0,827.6,CVT,Bensin,Liquid-cooled,69.7,578623.0,12843.0,2024,21.33,Hemat
Roda4,City Car,1022.5,3,72.4,839.7,Manual,Bensin,Liquid-cooled,28.0,169779.0,13169.0,2022,18.86,Hemat
Roda4,SUV,1837.2,4,126.5,1485.7,CVT,Diesel,Liquid-cooled,71.7,551266.0,12166.0,2025,9.0,Boros
Roda2,Sport,185.6,1,18.0,141.8,Manual,Bensin,Liquid-cooled,59.3,239499.0,12280.0,2024,32.9,Boros
Roda4,MPV,1311.6,4,90.7,1107.5,Manual,Bensin,Liquid-cooled,63.5,502615.0,12284.0,2026,16.37,Hemat
Roda4,City Car,1178.1,3,83.0,889.2,CVT,Bensin,Liquid-cooled,66.6,533781.0,12787.0,2024,16.18,Hemat
Roda2,Matic,133.3,1,13.0,109.5,CVT,Bensin,Liquid-cooled,19.0,168661.0,12177.0,2016,35.0,Boros
Roda4,SUV,1918.5,4,140.2,1489.0,CVT,Hybrid,Liquid-cooled,34.5,444745.0,14218.0,2019,9.7,Boros
Roda2,Bebek,146.0,1,12.0,110.0,Manual,Bensin,Air-cooled,29.2,251768.0,10761.0,2023,42.0,Boros
Roda4,SUV,1572.9,4,108.5,1267.6,DCT,Bensin,Liquid-cooled,77.6,534983.0,10280.0,2024,11.47,Hemat
Roda2,Sport Besar,262.6,4,26.5,160.0,Manual,Bensin,Liquid-cooled,63.1,78344.0,13863.0,2024,22.22,Hemat
Roda4,MPV,1319.9,4,89.0,1100.0,CVT,Bensin,Liquid-cooled,91.3,561625.0,10489.0,2020,15.49,Hemat
Roda4,MPV,1760.8,4,127.0,1458.3,CVT,Bensin,Liquid-cooled,58.0,365178.0,12281.0,2017,9.0,Boros
Roda2,Matic,145.0,1,14.2,122.5,CVT,Bensin,Liquid-cooled,36.3,270559.0,13707.0,2016,35.0,Boros
Roda4,City Car,1395.0,3,91.1,1039.8,CVT,Bensin,Liquid-cooled,41.7,403466.0,13769.0,2024,13.94,Boros
Roda4,City Car,1460.3,4,105.0,1051.1,Manual,Bensin,Liquid-cooled,38.9,144012.0,11970.0,2026,13.0,Boros
Roda4,MPV,1420.1,4,90.8,1173.2,CVT,Diesel,Liquid-cooled,78.3,116351.0,10644.0,2018,13.16,Hemat
Roda2,Sport,236.8,1,27.4,169.2,Manual,Bensin,Liquid-cooled,61.2,233519.0,10411.0,2022,28.0,Boros
Roda2,Matic,152.7,1,15.5,121.0,CVT,Bensin,Air-cooled,34.0,84561.0,11714.0,2025,35.0,Boros
Roda4,MPV,1334.2,4,85.9,1181.7,CVT,Bensin,Liquid-cooled,17.9,331346.0,11964.0,2026,12.38,Hemat
Roda2,Matic,112.4,1,9.0,95.0,CVT,Bensin,Liquid-cooled,29.8,95527.0,12272.0,2021,45.68,Hemat
Roda4,SUV,1535.3,4,100.0,1208.7,Automatic,Diesel,Liquid-cooled,61.4,494933.0,7822.0,2026,13.72,Hemat
Roda2,Matic,140.8,1,13.2,116.0,CVT,Bensin,Liquid-cooled,14.9,183880.0,13862.0,2015,35.0,Boros
Roda2,Sport Besar,533.1,2,49.5,223.4,Manual,Bensin,Liquid-cooled,13.6,217131.0,11065.0,2021,16.0,Boros
Roda4,SUV,1605.0,4,105.4,1351.0,DCT,Bensin,Liquid-cooled,48.7,291256.0,13159.0,2015,10.28,Boros
Roda2,Sport Besar,640.8,4,58.9,239.3,Manual,Bensin,Liquid-cooled,66.5,125714.0,10509.0,2022,16.0,Boros
Roda4,MPV,1685.8,4,120.9,1448.6,CVT,Diesel,Liquid-cooled,30.9,198757.0,9362.0,2018,9.0,Boros
Roda4,SUV,1626.5,4,120.5,1277.3,Manual,Hybrid,Liquid-cooled,67.9,575607.0,14289.0,2021,11.8,Hemat
Roda2,Matic,158.9,1,15.5,125.0,CVT,Bensin,Air-cooled,79.0,295115.0,13885.0,2020,35.0,Boros
Roda4,MPV,1711.6,4,129.1,1391.0,CVT,Bensin,Liquid-cooled,44.7,425887.0,13736.0,2025,10.08,Boros
Roda2,Bebek,145.4,1,11.1,109.9,Manual,Bensin,Air-cooled,30.1,204232.0,13827.0,2016,42.0,Boros
Roda4,MPV,1778.2,4,130.0,1475.8,Manual,Diesel,Liquid-cooled,70.0,194537.0,11229.0,2022,9.0,Boros
Roda2,Bebek,137.5,1,11.0,106.0,Manual,Bensin,Air-cooled,67.0,216299.0,12040.0,2019,42.0,Boros
Roda4,SUV,1647.5,4,115.8,1301.4,CVT,Hybrid,Liquid-cooled,96.4,167377.0,14360.0,2021,14.86,Hemat
Roda2,Matic,151.1,1,16.0,122.4,CVT,Bensin,Liquid-cooled,52.7,78963.0,11137.0,2023,35.0,Boros
Roda2,Sport,202.5,1,22.2,146.7,Manual,Bensin,Liquid-cooled,72.5,80434.0,12456.0,2023,28.0,Boros
Roda2,Sport Besar,306.4,3,36.4,164.4,Manual,Bensin,Liquid-cooled,47.0,119064.0,13647.0,2020,24.49,Hemat
Roda4,MPV,1631.1,4,119.0,1366.8,Manual,Bensin,Liquid-cooled,58.2,354694.0,13557.0,2022,10.23,Boros
Roda4,MPV,1583.5,4,109.3,1320.1,CVT,Bensin,Liquid-cooled,47.7,162601.0,11169.0,2024,9.69,Boros
Roda2,Sport,219.3,1,26.9,155.9,Manual,Bensin,Liquid-cooled,16.2,231695.0,10533.0,2021,28.0,Boros
Roda4,SUV,1786.9,4,132.1,1444.4,CVT,Bensin,Liquid-cooled,71.2,598205.0,10439.0,2020,8.0,Boros
Roda4,SUV,1828.0,4,130.5,1467.4,Manual,Hybrid,Liquid-cooled,80.3,323429.0,14176.0,2025,9.26,Boros
Roda2,Sport,201.3,2,23.5,149.5,Manual,Bensin,Liquid-cooled,34.4,191322.0,10300.0,2024,28.0,Boros
Roda4,SUV,1728.7,4,131.2,1296.2,CVT,Diesel,Liquid-cooled,53.3,558739.0,13138.0,2019,9.67,Boros
Roda2,Bebek,142.5,1,11.1,106.5,Manual,Bensin,Air-cooled,46.6,120566.0,11162.0,2024,42.0,Boros
Roda2,Matic,147.5,1,14.1,120.3,CVT,Bensin,Liquid-cooled,45.4,263607.0,12929.0,2023,35.0,Boros
Roda4,MPV,1495.0,4,99.9,1278.5,CVT,Bensin,Liquid-cooled,79.1,466812.0,10580.0,2025,10.65,Boros
Roda2,Sport,188.0,2,19.6,141.3,Manual,Bensin,Liquid-cooled,58.0,193077.0,12763.0,2023,30.02,Boros
Roda4,City Car,1089.6,3,75.7,838.9,Manual,Bensin,Liquid-cooled,98.4,590212.0,12777.0,2022,14.21,Boros
Roda4,City Car,1174.7,4,75.6,940.9,Automatic,Bensin,Liquid-cooled,49.6,407377.0,12565.0,2018,13.79,Boros
Roda4,MPV,1313.9,4,87.1,1154.0,Manual,Bensin,Liquid-cooled,20.5,205212.0,13452.0,2021,13.76,Hemat
Roda4,SUV,1723.5,4,122.0,1367.6,CVT,Bensin,Liquid-cooled,81.2,446029.0,11797.0,2022,9.22,Boros
Roda2,Matic,140.5,1,13.5,110.7,CVT,Bensin,Air-cooled,47.0,269051.0,11804.0,2019,35.0,Boros
Roda4,City Car,1287.2,3,94.0,1008.5,Manual,Bensin,Liquid-cooled,57.6,111267.0,10704.0,2015,13.0,Boros
Roda4,City Car,1132.0,4,80.8,828.0,Manual,Bensin,Liquid-cooled,18.5,187175.0,12984.0,2020,15.77,Hemat
Roda2,Sport,202.1,2,22.6,142.8,Manual,Bensin,Liquid-cooled,10.6,248445.0,11825.0,2022,28.0,Boros
Roda4,MPV,1594.6,4,115.5,1351.6,Manual,Bensin,Liquid-cooled,39.1,223159.0,10026.0,2021,9.0,Boros
Roda4,SUV,1747.5,4,122.3,1422.2,DCT,Diesel,Liquid-cooled,62.0,373979.0,11960.0,2017,10.78,Boros
Roda2,Bebek,128.9,1,10.4,100.3,Manual,Bensin,Air-cooled,59.1,152683.0,11968.0,2018,42.0,Boros
Roda4,SUV,1517.9,4,100.0,1225.5,Manual,Hybrid,Liquid-cooled,84.0,120622.0,13941.0,2024,13.86,Hemat
Roda2,Sport Besar,453.1,4,46.2,215.5,Manual,Bensin,Liquid-cooled,22.7,171902.0,11929.0,2018,18.43,Boros
Roda4,City Car,1033.6,3,68.1,849.9,Manual,Bensin,Liquid-cooled,91.2,571315.0,12835.0,2023,16.94,Hemat
Roda4,SUV,1682.4,4,121.1,1384.5,Automatic,Bensin,Liquid-cooled,85.8,307144.0,12357.0,2022,8.0,Boros
Roda4,City Car,1358.8,3,94.5,1033.8,Automatic,Bensin,Liquid-cooled,85.0,280837.0,10422.0,2026,13.0,Boros
Roda4,City Car,1231.4,3,83.1,910.7,Automatic,Bensin,Liquid-cooled,80.7,130256.0,12751.0,2020,13.75,Boros
Roda4,City Car,1199.6,4,78.6,902.4,CVT,Bensin,Liquid-cooled,37.4,172097.0,10072.0,2022,14.26,Boros
Roda4,City Car,1194.5,4,85.3,927.1,Automatic,Bensin,Liquid-cooled,70.6,471304.0,13354.0,2015,13.14,Boros
Roda2,Matic,149.0,1,15.0,117.8,CVT,Bensin,Liquid-cooled,48.3,173659.0,11213.0,2023,35.0,Boros
Roda2,Matic,138.7,1,14.3,114.7,CVT,Bensin,Liquid-cooled,33.7,228304.0,12228.0,2022,35.71,Boros
Roda2,Matic,120.1,1,10.6,104.2,CVT,Bensin,Liquid-cooled,58.3,191940.0,11676.0,2018,38.61,Boros
Roda4,MPV,1635.8,4,117.5,1358.1,CVT,Diesel,Liquid-cooled,53.6,188935.0,12261.0,2025,14.47,Hemat
Roda2,Matic,159.2,1,15.5,124.3,CVT,Bensin,Liquid-cooled,35.7,278454.0,11436.0,2020,35.0,Boros
Roda2,Sport,212.5,1,26.0,152.8,Manual,Bensin,Liquid-cooled,53.2,249588.0,13416.0,2017,28.0,Boros
Roda2,Matic,112.6,1,9.6,95.0,CVT,Bensin,Air-cooled,36.9,73396.0,11559.0,2026,56.43,Hemat
Roda2,Sport,206.9,2,24.2,153.0,Manual,Bensin,Liquid-cooled,16.2,78369.0,13526.0,2022,29.88,Boros
Roda2,Sport,155.7,1,15.0,123.1,Manual,Bensin,Liquid-cooled,38.7,166487.0,10665.0,2020,36.53,Hemat
Roda4,MPV,1559.5,4,103.0,1359.8,Manual,Diesel,Liquid-cooled,35.7,135631.0,8580.0,2025,12.96,Hemat
Roda2,Bebek,119.1,1,8.6,98.3,Manual,Bensin,Air-cooled,39.3,237735.0,10395.0,2021,42.0,Boros
Roda2,Matic,135.6,1,13.2,109.2,CVT,Bensin,Liquid-cooled,77.8,70961.0,11353.0,2020,35.0,Boros
Roda4,MPV,1656.5,4,117.8,1323.8,CVT,Bensin,Liquid-cooled,97.0,518342.0,13080.0,2026,9.43,Boros
Roda2,Sport,152.1,2,17.9,126.1,Manual,Bensin,Liquid-cooled,57.2,243450.0,13769.0,2022,37.18,Hemat
Roda4,City Car,1176.5,3,72.9,903.3,Manual,Bensin,Liquid-cooled,60.3,397159.0,13861.0,2015,14.3,Boros
Roda2,Sport Besar,640.2,3,70.0,235.8,Manual,Bensin,Liquid-cooled,68.0,98022.0,12196.0,2016,16.0,Boros
Roda2,Sport Besar,613.9,4,60.5,250.0,Manual,Bensin,Liquid-cooled,43.8,178270.0,12235.0,2019,16.0,Boros
Roda4,MPV,1729.0,4,120.7,1495.0,Automatic,Bensin,Liquid-cooled,29.6,311411.0,12888.0,2019,9.0,Boros
Roda4,MPV,1722.4,4,117.9,1410.4,Automatic,Bensin,Liquid-cooled,79.6,150272.0,12621.0,2015,9.0,Boros
Roda2,Sport,197.2,1,22.3,139.8,Manual,Bensin,Liquid-cooled,76.4,126572.0,10349.0,2021,28.0,Boros
Roda4,SUV,1927.7,4,145.6,1472.3,Manual,Diesel,Liquid-cooled,25.3,392103.0,7370.0,2022,8.0,Boros
Roda2,Matic,126.5,1,12.1,105.5,CVT,Bensin,Air-cooled,27.0,297062.0,13713.0,2021,49.01,Hemat
Roda2,Bebek,144.2,1,12.0,110.0,Manual,Bensin,Air-cooled,61.0,125366.0,12338.0,2016,42.0,Boros
Roda2,Sport,165.4,1,16.2,133.9,Manual,Bensin,Liquid-cooled,73.5,209194.0,11711.0,2016,32.53,Boros
Roda4,City Car,1293.9,4,90.1,945.3,Automatic,Bensin,Liquid-cooled,82.2,265998.0,13778.0,2026,13.15,Boros
Roda4,SUV,1990.1,4,143.9,1578.0,Automatic,Hybrid,Liquid-cooled,70.9,211312.0,14310.0,2025,9.06,Boros
Roda2,Sport Besar,501.0,3,54.3,215.6,Manual,Bensin,Liquid-cooled,26.3,254692.0,10654.0,2022,16.0,Boros
Roda2,Matic,150.0,1,15.1,114.7,CVT,Bensin,Liquid-cooled,77.7,217684.0,11414.0,2019,35.0,Boros
Roda2,Matic,154.7,1,15.2,121.6,CVT,Bensin,Liquid-cooled,61.7,253153.0,10501.0,2026,35.0,Boros
Roda4,MPV,1528.4,4,105.0,1273.4,CVT,Bensin,Liquid-cooled,33.2,135729.0,10267.0,2024,11.28,Boros
Roda4,SUV,1888.1,4,147.9,1521.3,Manual,Hybrid,Liquid-cooled,22.5,360401.0,14441.0,2024,8.78,Boros
Roda2,Sport,226.8,1,25.5,162.1,Manual,Bensin,Liquid-cooled,13.2,259640.0,13858.0,2026,28.0,Boros
Roda2,Sport,180.7,1,22.2,133.5,Manual,Bensin,Liquid-cooled,37.5,261431.0,10183.0,2016,28.0,Boros
Roda4,SUV,1932.7,4,150.0,1522.7,Manual,Diesel,Liquid-cooled,49.7,275376.0,7726.0,2022,8.35,Boros
Roda2,Sport Besar,572.2,2,66.1,227.4,Manual,Bensin,Liquid-cooled,27.3,56032.0,12442.0,2023,16.0,Boros
Roda4,SUV,1628.6,4,111.3,1293.8,DCT,Diesel,Liquid-cooled,53.5,331247.0,8247.0,2019,11.8,Hemat
Roda4,MPV,1574.3,4,109.0,1335.8,CVT,Bensin,Liquid-cooled,39.1,231168.0,10622.0,2021,10.58,Boros
Roda2,Sport Besar,580.8,2,65.8,235.9,Manual,Bensin,Liquid-cooled,54.1,176697.0,11800.0,2022,16.0,Boros
Roda4,SUV,1996.4,4,143.1,1490.2,DCT,Hybrid,Liquid-cooled,50.6,511105.0,14325.0,2021,10.46,Boros
Roda2,Sport Besar,614.6,2,68.9,240.1,Manual,Bensin,Liquid-cooled,50.7,133415.0,11522.0,2015,16.0,Boros
Roda4,City Car,1213.3,4,81.4,950.5,Manual,Bensin,Liquid-cooled,17.0,552544.0,11275.0,2020,15.45,Hemat
Roda2,Matic,130.7,1,11.7,106.6,CVT,Bensin,Liquid-cooled,40.0,126203.0,11000.0,2018,38.02,Boros
Roda2,Matic,120.0,1,9.7,103.6,CVT,Bensin,Liquid-cooled,72.6,52907.0,13767.0,2016,39.14,Boros
Roda4,MPV,1791.2,4,130.0,1496.7,CVT,Bensin,Liquid-cooled,77.6,316247.0,13438.0,2024,9.0,Boros
Roda4,MPV,1666.3,4,112.7,1369.4,Manual,Bensin,Liquid-cooled,96.9,164826.0,12887.0,2022,10.41,Boros
Roda4,SUV,1970.9,4,145.7,1547.3,DCT,Hybrid,Liquid-cooled,74.3,416659.0,14100.0,2016,8.0,Boros
Roda4,SUV,1774.7,4,120.9,1422.6,Manual,Hybrid,Liquid-cooled,17.5,137346.0,14471.0,2023,8.76,Boros
Roda4,City Car,1027.7,4,65.0,800.0,Automatic,Bensin,Liquid-cooled,55.6,258248.0,12016.0,2022,15.87,Hemat
Roda4,MPV,1340.1,4,92.0,1164.2,CVT,Bensin,Liquid-cooled,28.6,550680.0,11880.0,2018,14.24,Hemat
Roda4,MPV,1760.1,4,128.4,1479.5,CVT,Diesel,Liquid-cooled,37.8,517072.0,10947.0,2023,9.38,Boros
Roda2,Sport Besar,289.9,4,27.5,169.1,Manual,Bensin,Liquid-cooled,12.8,84805.0,12002.0,2018,23.16,Hemat
Roda4,City Car,1072.3,4,68.9,800.0,Automatic,Bensin,Liquid-cooled,84.7,285168.0,12458.0,2016,14.16,Boros
Roda4,MPV,1567.1,4,108.2,1302.3,Automatic,Diesel,Liquid-cooled,86.4,291660.0,11080.0,2020,13.0,Hemat
Roda4,MPV,1774.6,4,128.2,1449.9,Automatic,Bensin,Liquid-cooled,85.0,140963.0,11736.0,2021,9.0,Boros
Roda4,SUV,1519.1,4,103.6,1206.6,Automatic,Hybrid,Liquid-cooled,93.7,512119.0,14284.0,2021,14.08,Hemat
Roda2,Sport Besar,622.5,2,66.4,236.3,Manual,Bensin,Liquid-cooled,59.1,242258.0,11971.0,2020,16.0,Boros
Roda4,SUV,1520.2,4,100.0,1201.1,DCT,Diesel,Liquid-cooled,85.2,546330.0,10039.0,2026,16.0,Hemat
Roda2,Sport,195.2,2,22.6,143.9,Manual,Bensin,Liquid-cooled,45.2,122666.0,11190.0,2015,28.0,Boros
Roda4,SUV,1816.9,4,135.4,1509.5,Automatic,Diesel,Liquid-cooled,92.7,588002.0,11211.0,2026,9.7,Boros
Roda4,MPV,1767.0,4,128.0,1406.1,Automatic,Bensin,Liquid-cooled,51.6,159928.0,10469.0,2019,9.0,Boros
Roda4,SUV,1589.2,4,108.9,1235.0,Automatic,Diesel,Liquid-cooled,66.1,343319.0,10750.0,2020,11.07,Hemat
Roda4,City Car,1036.3,3,72.6,800.0,Manual,Bensin,Liquid-cooled,18.0,292307.0,12356.0,2019,17.44,Hemat
Roda4,SUV,1781.5,4,131.4,1410.7,Automatic,Hybrid,Liquid-cooled,92.5,559103.0,14130.0,2021,9.11,Boros
Roda4,SUV,1596.7,4,100.0,1265.6,DCT,Bensin,Liquid-cooled,60.6,347846.0,12305.0,2024,11.64,Hemat
Roda4,City Car,1270.4,4,88.3,984.9,Manual,Bensin,Liquid-cooled,72.9,244469.0,10291.0,2025,13.39,Boros
Roda4,SUV,1596.1,4,113.9,1243.6,DCT,Bensin,Liquid-cooled,93.2,235876.0,12334.0,2016,10.53,Boros
Roda4,MPV,1749.9,4,127.6,1456.0,Manual,Diesel,Liquid-cooled,25.6,392210.0,11484.0,2022,9.0,Boros
Roda4,SUV,1652.4,4,112.2,1317.2,CVT,Bensin,Liquid-cooled,45.7,352639.0,12150.0,2024,12.52,Hemat
Roda4,SUV,1891.4,4,133.9,1532.4,DCT,Diesel,Liquid-cooled,35.7,382949.0,9239.0,2015,9.09,Boros
Roda4,City Car,1310.0,3,83.2,1023.3,Automatic,Bensin,Liquid-cooled,58.3,245669.0,11163.0,2021,13.0,Boros
Roda4,SUV,1988.9,4,149.0,1577.9,CVT,Hybrid,Liquid-cooled,90.9,125890.0,14420.0,2023,10.79,Boros
Roda4,MPV,1621.5,4,111.7,1486.1,Automatic,Bensin,Liquid-cooled,32.0,151455.0,11865.0,2019,9.0,Boros
Roda4,MPV,1743.1,4,121.6,1460.2,Automatic,Diesel,Liquid-cooled,23.3,276863.0,12904.0,2016,9.0,Boros
Roda4,SUV,1805.2,4,125.7,1442.6,Manual,Diesel,Liquid-cooled,99.8,542927.0,13073.0,2015,10.4,Boros
Roda2,Sport Besar,353.3,2,40.3,175.8,Manual,Bensin,Liquid-cooled,67.7,90435.0,10768.0,2026,19.59,Boros
Roda2,Matic,135.6,1,13.6,108.4,CVT,Bensin,Liquid-cooled,27.2,176836.0,10553.0,2016,35.0,Boros
Roda4,City Car,1473.5,4,102.3,1081.8,Automatic,Bensin,Liquid-cooled,84.3,130108.0,11389.0,2018,13.0,Boros
Roda2,Matic,152.1,1,14.4,124.0,CVT,Bensin,Liquid-cooled,35.3,255125.0,11467.0,2024,35.0,Boros
Roda4,City Car,1099.0,4,77.3,845.7,Manual,Bensin,Liquid-cooled,88.3,118352.0,13875.0,2022,17.46,Hemat
Roda2,Sport Besar,397.6,4,41.7,185.6,Manual,Bensin,Liquid-cooled,53.8,261280.0,13549.0,2015,18.69,Boros
Roda4,City Car,1067.9,4,70.6,848.4,Automatic,Bensin,Liquid-cooled,98.2,467079.0,13162.0,2022,16.97,Hemat
Roda2,Sport,185.0,2,19.1,130.7,Manual,Bensin,Liquid-cooled,27.7,83521.0,10753.0,2017,30.75,Boros
Roda4,SUV,1715.0,4,127.2,1335.2,Automatic,Diesel,Liquid-cooled,32.6,586839.0,8290.0,2017,8.03,Boros
Roda4,SUV,1685.9,4,124.4,1397.4,DCT,Bensin,Liquid-cooled,34.7,443767.0,11301.0,2018,9.24,Boros
Roda2,Matic,113.6,1,9.6,95.0,CVT,Bensin,Liquid-cooled,59.3,88850.0,12534.0,2016,55.72,Hemat
Roda2,Matic,111.1,1,9.7,95.6,CVT,Bensin,Air-cooled,75.7,156832.0,13019.0,2017,54.7,Hemat
Roda2,Sport Besar,373.8,4,38.3,182.5,Manual,Bensin,Liquid-cooled,45.9,248868.0,10050.0,2023,21.11,Boros
Roda4,SUV,1640.8,4,110.1,1283.3,DCT,Diesel,Liquid-cooled,23.6,408382.0,10044.0,2015,13.96,Hemat
Roda4,MPV,1599.2,4,111.4,1320.5,CVT,Diesel,Liquid-cooled,17.9,377035.0,10784.0,2018,10.66,Boros
Roda2,Sport,198.9,2,20.6,141.4,Manual,Bensin,Liquid-cooled,78.6,299504.0,13453.0,2024,28.0,Boros
Roda4,City Car,1371.9,3,97.3,1009.4,Manual,Bensin,Liquid-cooled,64.4,213061.0,10161.0,2025,14.45,Boros
Roda4,MPV,1702.7,4,127.2,1397.3,Automatic,Bensin,Liquid-cooled,30.3,345409.0,10443.0,2021,9.0,Boros
Roda4,City Car,1151.0,4,71.3,880.5,Automatic,Bensin,Liquid-cooled,17.3,246167.0,11389.0,2021,17.38,Hemat
Roda2,Bebek,111.3,1,7.9,90.0,Manual,Bensin,Air-cooled,16.8,94224.0,13851.0,2026,60.85,Hemat
Roda4,SUV,1651.0,4,115.9,1340.9,DCT,Bensin,Liquid-cooled,97.6,314001.0,11792.0,2018,8.18,Boros
Roda2,Sport Besar,538.8,2,63.8,233.0,Manual,Bensin,Liquid-cooled,64.0,139603.0,13143.0,2026,16.0,Boros
Roda2,Sport,150.4,1,15.0,120.0,Manual,Bensin,Liquid-cooled,25.6,89704.0,13897.0,2023,36.54,Hemat
Roda2,Matic,113.5,1,10.1,97.4,CVT,Bensin,Liquid-cooled,48.9,152853.0,13696.0,2025,53.15,Hemat
Roda4,MPV,1303.2,4,85.0,1164.6,Automatic,Diesel,Liquid-cooled,90.5,578676.0,11156.0,2020,13.91,Hemat
Roda2,Sport Besar,411.4,2,41.1,186.5,Manual,Bensin,Liquid-cooled,58.3,200616.0,10550.0,2023,17.24,Boros
Roda2,Sport,156.9,1,19.8,120.0,Manual,Bensin,Liquid-cooled,67.7,76031.0,11821.0,2020,30.96,Boros
Roda4,SUV,1706.9,4,118.9,1326.0,CVT,Hybrid,Liquid-cooled,82.0,348989.0,14488.0,2026,14.21,Hemat
Roda4,MPV,1538.3,4,96.2,1298.7,Manual,Bensin,Liquid-cooled,22.8,345811.0,11171.0,2022,9.0,Boros
Roda2,Bebek,132.6,1,10.5,104.5,Manual,Bensin,Air-cooled,44.6,94706.0,11429.0,2015,42.0,Boros
Roda4,SUV,1931.0,4,142.3,1509.0,Manual,Bensin,Liquid-cooled,21.6,249179.0,10778.0,2019,8.0,Boros
Roda2,Sport,174.2,2,20.0,141.6,Manual,Bensin,Liquid-cooled,40.7,166997.0,11773.0,2024,31.0,Boros
Roda2,Sport Besar,596.4,2,60.8,243.4,Manual,Bensin,Liquid-cooled,35.4,262740.0,12786.0,2021,16.0,Boros
Roda2,Matic,129.3,1,13.0,107.1,CVT,Bensin,Liquid-cooled,36.4,280461.0,10141.0,2024,38.3,Boros
Roda4,SUV,1851.6,4,133.7,1448.9,Manual,Bensin,Liquid-cooled,43.8,238907.0,10136.0,2020,8.0,Boros
Roda4,MPV,1510.2,4,105.8,1284.0,Automatic,Diesel,Liquid-cooled,67.0,563108.0,12502.0,2026,12.79,Hemat
Roda4,City Car,1141.8,4,70.5,855.8,Automatic,Bensin,Liquid-cooled,57.9,564404.0,10812.0,2024,15.62,Hemat
Roda2,Sport Besar,472.8,2,52.6,211.9,Manual,Bensin,Liquid-cooled,55.5,218359.0,13234.0,2020,17.31,Boros
Roda2,Matic,157.8,1,15.1,123.4,CVT,Bensin,Liquid-cooled,44.2,248461.0,12579.0,2017,35.0,Boros
Roda2,Sport,236.9,2,29.5,170.0,Manual,Bensin,Liquid-cooled,76.8,204836.0,12840.0,2026,28.0,Boros
Roda2,Matic,150.7,1,15.3,119.9,CVT,Bensin,Liquid-cooled,27.9,209589.0,13351.0,2026,35.0,Boros
Roda4,MPV,1374.0,4,89.6,1148.3,Manual,Bensin,Liquid-cooled,88.9,482950.0,10461.0,2016,13.01,Hemat
Roda4,SUV,1924.6,4,135.9,1547.7,DCT,Bensin,Liquid-cooled,81.1,209848.0,10820.0,2023,8.0,Boros
Roda4,City Car,1224.7,4,88.7,963.7,CVT,Bensin,Liquid-cooled,25.8,446255.0,11293.0,2021,13.09,Boros
Roda4,MPV,1746.5,4,117.4,1459.0,Manual,Diesel,Liquid-cooled,37.3,241678.0,7200.0,2021,9.0,Boros
Roda4,City Car,1175.7,4,79.1,927.9,Automatic,Bensin,Liquid-cooled,98.3,166081.0,10608.0,2024,13.0,Boros
Roda2,Matic,145.3,1,13.8,120.6,CVT,Bensin,Liquid-cooled,21.2,149537.0,12262.0,2025,35.0,Boros
Roda2,Sport Besar,449.2,3,54.4,221.2,Manual,Bensin,Liquid-cooled,63.3,182839.0,10858.0,2026,18.0,Boros
Roda4,MPV,1718.9,4,121.4,1424.7,Manual,Bensin,Liquid-cooled,89.9,587338.0,13774.0,2015,9.0,Boros
Roda4,MPV,1436.6,4,93.4,1162.1,Manual,Diesel,Liquid-cooled,98.1,439560.0,13010.0,2017,14.32,Hemat
Roda4,SUV,1542.4,4,109.8,1235.4,Automatic,Bensin,Liquid-cooled,17.8,217754.0,10513.0,2016,11.11,Hemat
Roda4,City Car,1451.3,4,102.8,1065.0,Manual,Bensin,Liquid-cooled,54.1,491580.0,10238.0,2018,13.0,Boros
Roda2,Bebek,101.8,1,7.0,90.0,Manual,Bensin,Air-cooled,36.7,136580.0,10932.0,2016,61.3,Hemat
Roda2,Bebek,138.0,1,11.3,102.9,Manual,Bensin,Air-cooled,78.4,288667.0,13121.0,2020,42.0,Boros
Roda2,Sport Besar,340.3,4,34.0,174.4,Manual,Bensin,Liquid-cooled,15.1,225864.0,11506.0,2025,26.03,Hemat
Roda2,Sport Besar,519.2,4,59.3,228.8,Manual,Bensin,Liquid-cooled,61.6,293476.0,11482.0,2017,16.0,Boros
Roda2,Sport Besar,333.1,3,35.7,165.6,Manual,Bensin,Liquid-cooled,48.2,54415.0,12902.0,2019,22.91,Hemat
Roda4,SUV,1754.0,4,123.7,1413.6,Manual,Hybrid,Liquid-cooled,73.5,482863.0,14364.0,2019,10.09,Boros
Roda2,Matic,144.8,1,13.4,122.2,CVT,Bensin,Air-cooled,53.1,285531.0,13709.0,2025,37.41,Boros
Roda2,Sport Besar,479.0,4,47.7,220.8,Manual,Bensin,Liquid-cooled,49.7,124438.0,13627.0,2021,16.0,Boros
Roda2,Matic,123.1,1,10.3,100.0,CVT,Bensin,Liquid-cooled,58.6,160387.0,13685.0,2015,44.12,Hemat
Roda2,Bebek,116.9,1,8.5,94.0,Manual,Bensin,Air-cooled,50.8,165653.0,13191.0,2016,48.2,Hemat
Roda4,SUV,1645.9,4,118.7,1282.4,DCT,Diesel,Liquid-cooled,27.8,327854.0,11916.0,2019,12.53,Hemat
Roda4,City Car,1184.9,3,81.7,945.7,CVT,Bensin,Liquid-cooled,77.2,580612.0,11629.0,2024,15.24,Hemat
Roda2,Sport,201.9,1,26.2,139.2,Manual,Bensin,Liquid-cooled,22.8,168559.0,11075.0,2022,28.0,Boros
Roda2,Sport,246.7,1,27.1,168.0,Manual,Bensin,Liquid-cooled,77.8,283779.0,11606.0,2017,28.0,Boros
Roda4,City Car,1488.8,4,101.9,1085.3,CVT,Bensin,Liquid-cooled,72.6,451317.0,13042.0,2015,13.0,Boros
Roda2,Bebek,127.6,1,9.4,97.7,Manual,Bensin,Air-cooled,70.7,278310.0,11994.0,2016,45.46,Boros
Roda4,MPV,1639.3,4,119.9,1322.0,CVT,Bensin,Liquid-cooled,44.2,263034.0,12871.0,2021,9.53,Boros
Roda4,City Car,1251.8,4,81.9,919.2,Manual,Bensin,Liquid-cooled,91.9,360412.0,12644.0,2021,13.73,Boros
Roda4,MPV,1761.7,4,128.0,1458.0,Automatic,Diesel,Liquid-cooled,43.7,204308.0,8160.0,2018,9.0,Boros
Roda2,Matic,129.1,1,11.6,104.6,CVT,Bensin,Liquid-cooled,40.4,133796.0,11310.0,2016,40.09,Boros
Roda2,Sport,180.4,1,19.4,136.2,Manual,Bensin,Liquid-cooled,67.3,227053.0,10022.0,2024,29.38,Boros
Roda2,Matic,153.1,1,13.4,121.5,CVT,Bensin,Liquid-cooled,70.6,180565.0,13616.0,2016,35.0,Boros
Roda2,Sport Besar,583.2,2,60.9,229.1,Manual,Bensin,Liquid-cooled,67.8,130231.0,13116.0,2017,16.0,Boros
Roda4,City Car,1278.5,4,79.3,997.5,Manual,Bensin,Liquid-cooled,86.2,113390.0,10044.0,2024,13.0,Boros
Roda4,MPV,1675.1,4,111.9,1456.0,Automatic,Bensin,Liquid-cooled,85.8,453141.0,12580.0,2022,9.0,Boros
Roda4,MPV,1680.5,4,123.7,1455.8,CVT,Bensin,Liquid-cooled,16.0,160545.0,11998.0,2019,9.42,Boros
Roda4,City Car,1136.9,4,73.3,919.7,Automatic,Bensin,Liquid-cooled,45.0,503616.0,11974.0,2020,16.31,Hemat
Roda4,MPV,1536.4,4,116.0,1290.6,CVT,Bensin,Liquid-cooled,90.1,490081.0,12865.0,2025,10.35,Boros
Roda2,Sport Besar,459.8,4,43.7,204.7,Manual,Bensin,Liquid-cooled,72.1,85426.0,11925.0,2024,16.0,Boros
Roda4,MPV,1604.4,4,111.8,1329.8,CVT,Bensin,Liquid-cooled,62.4,404217.0,10806.0,2025,13.02,Hemat
Roda2,Sport Besar,349.6,3,41.9,178.8,Manual,Bensin,Liquid-cooled,37.2,121544.0,12752.0,2018,24.08,Hemat
Roda4,MPV,1375.8,4,103.0,1160.8,Manual,Bensin,Liquid-cooled,73.8,373192.0,11396.0,2023,11.96,Boros
Roda4,City Car,1336.2,4,87.6,943.7,Automatic,Bensin,Liquid-cooled,49.4,497740.0,10871.0,2018,13.0,Boros
Roda2,Matic,154.7,1,15.4,124.2,CVT,Bensin,Air-cooled,45.4,243357.0,10404.0,2017,35.0,Boros
Roda4,City Car,1395.9,3,97.3,1046.2,Manual,Bensin,Liquid-cooled,54.7,542605.0,13065.0,2024,13.0,Boros
Roda2,Matic,121.3,1,10.3,95.0,CVT,Bensin,Air-cooled,63.4,297527.0,13033.0,2025,46.21,Hemat
Roda2,Bebek,119.4,1,8.8,97.6,Manual,Bensin,Air-cooled,21.0,293690.0,13286.0,2020,48.88,Hemat
Roda4,City Car,1454.6,3,104.7,1072.6,CVT,Bensin,Liquid-cooled,54.4,504033.0,13021.0,2021,13.0,Boros
Roda4,SUV,1984.9,4,143.0,1597.5,Automatic,Hybrid,Liquid-cooled,50.8,149867.0,13958.0,2019,8.0,Boros
Roda4,MPV,1331.8,4,95.3,1121.1,CVT,Diesel,Liquid-cooled,34.4,258630.0,11748.0,2023,16.03,Hemat
Roda4,MPV,1493.0,4,96.4,1274.5,Automatic,Diesel,Liquid-cooled,57.7,235653.0,12657.0,2015,11.35,Boros
Roda4,SUV,1987.3,4,149.3,1580.3,Manual,Diesel,Liquid-cooled,48.4,137441.0,10854.0,2016,8.0,Boros
Roda4,SUV,1927.3,4,140.1,1498.4,DCT,Bensin,Liquid-cooled,78.3,407902.0,11494.0,2019,8.12,Boros
Roda2,Bebek,103.6,1,7.1,93.5,Manual,Bensin,Air-cooled,17.3,155736.0,13103.0,2021,48.98,Hemat
Roda4,City Car,1033.0,4,65.0,822.0,Manual,Bensin,Liquid-cooled,86.3,298432.0,11777.0,2024,15.84,Hemat
Roda4,City Car,1008.1,4,65.0,808.1,Manual,Bensin,Liquid-cooled,75.4,295039.0,13267.0,2021,17.42,Hemat
Roda2,Matic,154.6,1,15.1,125.0,CVT,Bensin,Liquid-cooled,60.1,251482.0,11014.0,2019,35.0,Boros
Roda4,MPV,1323.3,4,93.3,1100.0,Manual,Diesel,Liquid-cooled,71.0,343539.0,11194.0,2016,16.09,Hemat
Roda4,SUV,1879.4,4,138.1,1487.2,Manual,Diesel,Liquid-cooled,95.9,452287.0,7297.0,2022,8.3,Boros
Roda4,SUV,1578.1,4,108.3,1200.0,DCT,Bensin,Liquid-cooled,64.6,283278.0,10160.0,2018,12.37,Hemat
Roda4,MPV,1307.0,4,87.5,1217.5,CVT,Bensin,Liquid-cooled,71.4,150339.0,11213.0,2020,13.61,Hemat
Roda2,Matic,159.1,1,15.9,125.0,CVT,Bensin,Liquid-cooled,67.8,186702.0,11238.0,2022,35.0,Boros
Roda4,SUV,1899.8,4,133.2,1525.1,CVT,Bensin,Liquid-cooled,63.1,162412.0,11981.0,2024,9.12,Boros
Roda2,Matic,135.0,1,13.1,111.7,CVT,Bensin,Liquid-cooled,68.0,198967.0,13624.0,2016,35.0,Boros
Roda4,City Car,1110.4,3,72.9,873.2,Manual,Bensin,Liquid-cooled,96.1,525296.0,12569.0,2025,17.43,Hemat
Roda2,Matic,147.7,1,13.7,114.0,CVT,Bensin,Liquid-cooled,28.0,204511.0,11794.0,2024,35.0,Boros
Roda4,City Car,1295.3,4,89.8,954.0,CVT,Bensin,Liquid-cooled,95.3,218155.0,12677.0,2018,13.08,Boros
Roda2,Sport Besar,254.6,4,28.5,162.0,Manual,Bensin,Liquid-cooled,44.1,92142.0,12456.0,2023,24.99,Hemat
Roda4,SUV,1908.8,4,145.6,1573.5,DCT,Bensin,Liquid-cooled,23.6,434303.0,10889.0,2016,8.0,Boros
Roda2,Bebek,120.2,1,8.6,97.0,Manual,Bensin,Air-cooled,57.4,68028.0,10801.0,2017,42.0,Boros
Roda2,Matic,141.9,1,12.6,111.8,CVT,Bensin,Liquid-cooled,63.4,290052.0,11077.0,2023,37.02,Boros
Roda4,SUV,1643.1,4,119.3,1364.3,Automatic,Bensin,Liquid-cooled,75.3,416450.0,13456.0,2020,8.0,Boros
Roda2,Sport Besar,625.3,2,66.9,227.3,Manual,Bensin,Liquid-cooled,44.6,157299.0,10045.0,2018,16.0,Boros
Roda4,MPV,1723.0,4,127.9,1474.7,CVT,Diesel,Liquid-cooled,92.4,399828.0,11252.0,2016,9.68,Boros
Roda4,MPV,1321.3,4,89.5,1183.7,CVT,Diesel,Liquid-cooled,74.3,406793.0,10124.0,2020,14.9,Hemat
Roda2,Matic,111.4,1,9.0,95.0,CVT,Bensin,Air-cooled,13.7,202074.0,12790.0,2019,47.36,Hemat
Roda4,MPV,1597.8,4,113.2,1298.3,Automatic,Bensin,Liquid-cooled,88.5,501567.0,11934.0,2023,9.0,Boros
Roda4,City Car,1141.4,3,78.9,940.0,CVT,Bensin,Liquid-cooled,81.5,230477.0,13758.0,2019,13.04,Boros
Roda2,Matic,126.8,1,11.5,100.8,CVT,Bensin,Liquid-cooled,53.5,59358.0,13198.0,2015,39.72,Boros
Roda2,Matic,115.2,1,10.7,100.2,CVT,Bensin,Liquid-cooled,32.4,214697.0,12430.0,2015,38.37,Boros
Roda2,Matic,158.4,1,15.3,123.2,CVT,Bensin,Liquid-cooled,37.1,214250.0,12953.0,2018,35.0,Boros
Roda2,Sport,188.3,2,21.5,143.5,Manual,Bensin,Liquid-cooled,16.5,215003.0,12131.0,2017,28.0,Boros
Roda4,SUV,1624.0,4,114.0,1300.7,Manual,Diesel,Liquid-cooled,90.1,410520.0,11996.0,2026,12.89,Hemat
Roda2,Matic,153.0,1,14.0,120.3,CVT,Bensin,Liquid-cooled,37.6,212545.0,12959.0,2022,35.0,Boros
Roda2,Matic,149.3,1,15.7,116.0,CVT,Bensin,Air-cooled,58.2,131537.0,12393.0,2022,35.0,Boros
Roda4,City Car,1410.8,3,94.8,994.5,Automatic,Bensin,Liquid-cooled,15.0,238587.0,12649.0,2020,13.0,Boros
Roda2,Sport Besar,316.6,2,37.2,181.1,Manual,Bensin,Liquid-cooled,58.4,190884.0,10575.0,2026,23.63,Hemat
Roda2,Matic,149.1,1,13.8,118.4,CVT,Bensin,Air-cooled,67.4,245015.0,12002.0,2023,35.0,Boros
Roda2,Bebek,134.6,1,10.5,103.7,Manual,Bensin,Air-cooled,47.0,256479.0,11806.0,2015,42.0,Boros
Roda2,Sport,159.7,1,18.8,120.0,Manual,Bensin,Liquid-cooled,54.8,289849.0,13112.0,2020,37.52,Hemat
Roda4,MPV,1785.3,4,130.0,1500.0,Automatic,Diesel,Liquid-cooled,28.3,291972.0,9225.0,2015,9.0,Boros
Roda4,City Car,1243.7,4,83.5,972.2,Automatic,Bensin,Liquid-cooled,23.6,382073.0,11584.0,2024,13.0,Boros
Roda4,SUV,1914.1,4,138.1,1569.0,DCT,Diesel,Liquid-cooled,57.3,527215.0,10549.0,2025,8.81,Boros
Roda4,City Car,1120.4,4,73.7,817.7,Manual,Bensin,Liquid-cooled,41.2,510275.0,10221.0,2023,18.5,Hemat
Roda2,Matic,157.0,1,15.0,125.0,CVT,Bensin,Liquid-cooled,46.9,184459.0,13045.0,2017,35.0,Boros
Roda4,MPV,1326.0,4,85.0,1133.2,Automatic,Diesel,Liquid-cooled,31.7,200106.0,10602.0,2016,14.12,Hemat
Roda2,Matic,111.6,1,10.4,100.2,CVT,Bensin,Air-cooled,79.4,75708.0,10207.0,2016,50.76,Hemat
Roda2,Matic,153.2,1,15.4,122.3,CVT,Bensin,Liquid-cooled,10.4,191205.0,11323.0,2021,35.0,Boros
Roda2,Sport,178.4,2,19.5,137.8,Manual,Bensin,Liquid-cooled,27.7,120072.0,13452.0,2017,29.79,Boros
Roda4,MPV,1446.1,4,93.2,1223.9,Automatic,Bensin,Liquid-cooled,58.1,551291.0,11485.0,2024,11.66,Boros
Roda2,Sport,194.2,2,25.7,141.9,Manual,Bensin,Liquid-cooled,63.6,147890.0,12772.0,2018,28.0,Boros
Roda4,MPV,1386.1,4,92.1,1169.9,CVT,Bensin,Liquid-cooled,16.9,171217.0,11466.0,2020,12.58,Hemat
Roda2,Matic,130.2,1,10.6,105.8,CVT,Bensin,Liquid-cooled,37.3,174636.0,13415.0,2017,37.89,Boros
Roda2,Sport Besar,336.6,2,40.9,169.3,Manual,Bensin,Liquid-cooled,33.1,283044.0,11996.0,2021,23.2,Hemat
Roda4,SUV,1819.9,4,132.9,1439.3,CVT,Hybrid,Liquid-cooled,92.1,150627.0,14057.0,2023,11.64,Hemat
Roda2,Sport Besar,585.6,3,62.9,236.3,Manual,Bensin,Liquid-cooled,62.8,116712.0,13140.0,2026,16.0,Boros
Roda4,SUV,1805.4,4,133.7,1444.8,Automatic,Diesel,Liquid-cooled,89.6,123795.0,8195.0,2024,8.0,Boros
Roda2,Bebek,112.3,1,8.1,95.7,Manual,Bensin,Air-cooled,40.0,261197.0,11046.0,2020,50.39,Hemat
Roda4,SUV,1612.1,4,111.9,1293.8,DCT,Hybrid,Liquid-cooled,84.2,506868.0,14258.0,2021,12.97,Hemat
Roda2,Sport Besar,317.0,3,35.2,176.7,Manual,Bensin,Liquid-cooled,53.6,189324.0,11665.0,2022,23.52,Hemat
Roda4,City Car,1041.5,3,71.0,870.4,Automatic,Bensin,Liquid-cooled,55.1,477353.0,11875.0,2017,16.34,Hemat
Roda4,City Car,1339.9,3,94.3,1042.5,Automatic,Bensin,Liquid-cooled,44.3,309506.0,11280.0,2016,13.0,Boros
Roda4,City Car,1391.3,4,98.2,1063.0,Manual,Bensin,Liquid-cooled,82.0,456773.0,12348.0,2022,13.0,Boros
Roda4,MPV,1575.8,4,104.2,1257.8,Manual,Bensin,Liquid-cooled,34.0,579311.0,13805.0,2016,10.4,Boros
Roda2,Matic,137.1,1,13.2,114.6,CVT,Bensin,Liquid-cooled,51.3,267650.0,10838.0,2026,38.44,Boros
Roda4,SUV,1909.0,4,144.6,1557.0,DCT,Bensin,Liquid-cooled,20.0,200500.0,11750.0,2015,8.0,Boros
Roda4,City Car,1482.2,4,101.8,1064.6,Automatic,Bensin,Liquid-cooled,56.8,116473.0,13489.0,2016,13.0,Boros
Roda2,Sport Besar,599.2,2,62.9,232.4,Manual,Bensin,Liquid-cooled,44.1,159691.0,11589.0,2023,16.0,Boros
Roda2,Sport,247.8,2,29.1,170.0,Manual,Bensin,Liquid-cooled,47.4,261118.0,12844.0,2022,28.0,Boros
Roda4,SUV,1514.3,4,101.0,1250.4,Manual,Bensin,Liquid-cooled,19.6,140212.0,10672.0,2015,9.19,Boros
Roda2,Matic,115.5,1,10.6,103.2,CVT,Bensin,Air-cooled,38.3,251598.0,12970.0,2019,50.39,Hemat
Roda2,Matic,132.5,1,12.7,102.5,CVT,Bensin,Air-cooled,55.3,155439.0,10573.0,2023,40.86,Boros
Roda4,SUV,1963.7,4,146.1,1559.1,DCT,Diesel,Liquid-cooled,80.8,104152.0,10031.0,2021,8.0,Boros
Roda2,Matic,155.4,1,15.3,119.6,CVT,Bensin,Liquid-cooled,57.4,225657.0,13728.0,2025,35.0,Boros
Roda4,MPV,1477.3,4,97.9,1285.2,CVT,Diesel,Liquid-cooled,24.4,423035.0,7495.0,2015,12.76,Hemat
Roda4,MPV,1429.4,4,102.2,1185.8,Manual,Bensin,Liquid-cooled,61.5,193042.0,10117.0,2017,12.17,Hemat
Roda4,SUV,1946.9,4,150.0,1600.0,DCT,Diesel,Liquid-cooled,39.5,431741.0,7033.0,2026,8.0,Boros
Roda2,Matic,141.2,1,12.0,111.9,CVT,Bensin,Liquid-cooled,21.5,222286.0,12007.0,2019,35.0,Boros
Roda2,Sport,236.2,2,28.4,158.0,Manual,Bensin,Liquid-cooled,53.0,223347.0,10419.0,2019,28.0,Boros
Roda2,Matic,110.2,1,10.7,95.0,CVT,Bensin,Liquid-cooled,78.1,247642.0,10947.0,2025,48.21,Hemat
Roda2,Sport Besar,539.9,2,53.4,230.8,Manual,Bensin,Liquid-cooled,37.6,220284.0,11935.0,2022,18.27,Boros
Roda2,Sport,241.5,2,29.8,169.2,Manual,Bensin,Liquid-cooled,70.9,77377.0,13019.0,2018,28.0,Boros
Roda4,SUV,1969.7,4,143.8,1564.7,CVT,Diesel,Liquid-cooled,51.4,281782.0,11701.0,2023,8.0,Boros
Roda2,Sport Besar,399.6,2,52.6,179.7,Manual,Bensin,Liquid-cooled,51.6,279902.0,11392.0,2023,19.28,Boros
Roda4,MPV,1322.3,4,92.6,1140.5,Automatic,Diesel,Liquid-cooled,49.0,465348.0,8777.0,2021,17.05,Hemat
Roda4,MPV,1661.1,4,114.8,1367.3,Manual,Bensin,Liquid-cooled,43.9,560512.0,10102.0,2016,9.0,Boros
Roda2,Matic,137.7,1,13.1,111.8,CVT,Bensin,Liquid-cooled,24.0,208454.0,12219.0,2017,35.0,Boros
Roda4,SUV,1598.3,4,110.3,1268.2,Manual,Hybrid,Liquid-cooled,69.1,347753.0,14156.0,2019,13.88,Hemat
Roda4,SUV,1734.7,4,130.1,1356.8,Manual,Bensin,Liquid-cooled,87.6,200855.0,11032.0,2017,9.32,Boros
Roda4,MPV,1774.4,4,117.6,1447.7,Manual,Bensin,Liquid-cooled,84.0,147654.0,12735.0,2023,9.0,Boros
Roda2,Matic,136.1,1,12.0,111.0,CVT,Bensin,Air-cooled,72.2,284457.0,10209.0,2021,35.0,Boros
Roda4,City Car,1056.1,4,66.4,829.0,CVT,Bensin,Liquid-cooled,24.4,142096.0,11957.0,2023,18.77,Hemat
Roda2,Bebek,118.7,1,9.4,96.5,Manual,Bensin,Air-cooled,79.0,238345.0,11467.0,2021,42.0,Boros
Roda4,City Car,1236.2,4,82.0,964.3,Automatic,Bensin,Liquid-cooled,46.5,458233.0,12372.0,2015,13.0,Boros
Roda4,MPV,1472.0,4,100.2,1192.8,Automatic,Bensin,Liquid-cooled,46.5,162387.0,12313.0,2024,10.79,Boros
Roda2,Bebek,138.8,1,11.2,108.8,Manual,Bensin,Air-cooled,26.6,292849.0,10706.0,2024,42.0,Boros
Roda4,City Car,1019.4,3,67.0,800.0,Manual,Bensin,Liquid-cooled,90.9,526169.0,11462.0,2016,17.5,Hemat
Roda2,Matic,114.9,1,9.4,101.8,CVT,Bensin,Liquid-cooled,30.2,249899.0,11082.0,2022,47.26,Hemat
Roda2,Matic,135.0,1,12.9,106.3,CVT,Bensin,Air-cooled,58.5,176560.0,12099.0,2015,35.85,Boros
Roda4,City Car,1391.9,3,96.7,1034.3,CVT,Bensin,Liquid-cooled,31.8,446685.0,10172.0,2017,13.0,Boros
Roda4,SUV,1866.6,4,126.7,1541.4,DCT,Bensin,Liquid-cooled,37.3,526160.0,10956.0,2021,8.0,Boros
Roda4,MPV,1778.5,4,119.1,1476.9,Manual,Bensin,Liquid-cooled,65.0,479388.0,12626.0,2026,9.0,Boros
Roda4,City Car,1249.4,3,83.7,904.0,CVT,Bensin,Liquid-cooled,92.8,107918.0,10829.0,2019,13.0,Boros
Roda4,City Car,1180.1,4,85.8,926.4,Automatic,Bensin,Liquid-cooled,91.5,442253.0,11457.0,2018,13.0,Boros
Roda2,Sport,243.6,2,29.6,165.8,Manual,Bensin,Liquid-cooled,71.8,218540.0,11444.0,2024,28.0,Boros
Roda2,Bebek,133.9,1,10.8,102.7,Manual,Bensin,Air-cooled,52.0,176583.0,11367.0,2021,42.0,Boros
Roda4,MPV,1668.2,4,115.1,1372.0,Automatic,Diesel,Liquid-cooled,87.4,595769.0,9473.0,2026,9.17,Boros
Roda4,City Car,1461.2,4,105.0,1091.0,Automatic,Bensin,Liquid-cooled,36.2,347302.0,12827.0,2024,13.0,Boros
Roda2,Matic,151.6,1,14.9,122.7,CVT,Bensin,Liquid-cooled,24.7,287220.0,10237.0,2017,35.0,Boros
Roda2,Sport,206.5,2,24.1,144.6,Manual,Bensin,Liquid-cooled,15.8,286046.0,10326.0,2024,32.66,Boros
Roda4,SUV,1568.9,4,111.9,1360.8,DCT,Bensin,Liquid-cooled,75.0,133826.0,10763.0,2022,11.59,Hemat
Roda4,MPV,1757.8,4,127.0,1500.0,Automatic,Diesel,Liquid-cooled,69.1,588464.0,11919.0,2022,9.0,Boros
Roda4,MPV,1608.9,4,113.5,1302.4,Automatic,Bensin,Liquid-cooled,48.0,171188.0,12391.0,2016,9.0,Boros
Roda2,Matic,129.1,1,11.0,106.1,CVT,Bensin,Liquid-cooled,28.9,250885.0,13883.0,2022,42.21,Hemat
Roda2,Matic,131.7,1,12.1,107.4,CVT,Bensin,Liquid-cooled,77.6,277943.0,13702.0,2025,37.38,Boros
Roda2,Sport,189.3,1,21.8,141.1,Manual,Bensin,Liquid-cooled,13.1,233685.0,10181.0,2025,31.55,Boros
Roda2,Sport,208.1,1,20.5,154.0,Manual,Bensin,Liquid-cooled,10.9,168805.0,10335.0,2016,28.0,Boros
Roda4,SUV,1907.2,4,145.5,1547.5,Manual,Hybrid,Liquid-cooled,52.5,196804.0,14278.0,2018,8.32,Boros
Roda4,SUV,1661.0,4,113.0,1277.2,Automatic,Diesel,Liquid-cooled,71.6,177866.0,8600.0,2017,11.13,Hemat
Roda2,Matic,110.1,1,9.6,98.8,CVT,Bensin,Air-cooled,11.2,204802.0,11786.0,2016,54.93,Hemat
Roda4,City Car,1478.0,4,99.4,1100.0,Automatic,Bensin,Liquid-cooled,69.8,401271.0,11645.0,2019,13.0,Boros
Roda2,Sport,187.2,2,21.8,138.1,Manual,Bensin,Liquid-cooled,72.9,129351.0,13754.0,2016,28.8,Boros
Roda4,SUV,1813.9,4,129.6,1506.9,Automatic,Diesel,Liquid-cooled,59.4,318215.0,10327.0,2020,9.08,Boros
Roda4,SUV,1634.7,4,117.3,1305.8,DCT,Diesel,Liquid-cooled,82.6,575348.0,8248.0,2022,11.84,Hemat
Roda4,SUV,1591.0,4,109.2,1240.1,Manual,Hybrid,Liquid-cooled,22.3,510749.0,14244.0,2025,11.8,Hemat
Roda2,Matic,140.9,1,13.4,115.8,CVT,Bensin,Liquid-cooled,55.2,168235.0,10194.0,2020,35.0,Boros
Roda2,Matic,122.1,1,11.0,102.5,CVT,Bensin,Liquid-cooled,43.5,121845.0,11417.0,2019,40.23,Boros
Roda4,SUV,1709.9,4,125.3,1316.2,Automatic,Hybrid,Liquid-cooled,27.4,338684.0,13921.0,2024,10.49,Boros
Roda4,MPV,1479.5,4,95.2,1192.7,CVT,Diesel,Liquid-cooled,37.2,157879.0,8418.0,2019,11.18,Boros
Roda2,Bebek,116.9,1,9.3,97.1,Manual,Bensin,Air-cooled,16.0,273548.0,10748.0,2018,44.45,Boros
Roda4,City Car,1385.5,3,90.7,1076.2,Manual,Bensin,Liquid-cooled,48.8,370637.0,12106.0,2026,13.0,Boros
Roda2,Sport Besar,617.5,2,64.7,231.4,Manual,Bensin,Liquid-cooled,75.6,238725.0,11084.0,2023,16.0,Boros
Roda2,Sport Besar,557.1,3,57.9,233.9,Manual,Bensin,Liquid-cooled,63.5,149877.0,13259.0,2015,16.0,Boros
Roda4,MPV,1698.9,4,117.9,1436.3,CVT,Diesel,Liquid-cooled,99.2,377474.0,7420.0,2020,9.0,Boros
Roda2,Matic,138.5,1,13.8,113.1,CVT,Bensin,Liquid-cooled,15.5,271181.0,13181.0,2025,35.0,Boros
Roda4,City Car,1405.9,4,101.0,995.8,Automatic,Bensin,Liquid-cooled,48.9,104461.0,10728.0,2018,13.0,Boros
Roda2,Bebek,121.8,1,8.7,102.0,Manual,Bensin,Air-cooled,75.7,71276.0,11504.0,2024,42.0,Boros
Roda2,Sport Besar,642.7,3,70.0,247.2,Manual,Bensin,Liquid-cooled,27.6,160866.0,12505.0,2022,16.0,Boros
Roda2,Sport Besar,637.6,3,67.1,235.7,Manual,Bensin,Liquid-cooled,10.0,281295.0,10209.0,2020,16.0,Boros
Roda4,SUV,1753.1,4,117.9,1477.2,Manual,Bensin,Liquid-cooled,47.2,415182.0,11655.0,2015,8.0,Boros
Roda4,MPV,1384.9,4,102.0,1172.7,CVT,Diesel,Liquid-cooled,84.1,222057.0,10525.0,2026,16.99,Hemat
Roda4,MPV,1703.5,4,120.7,1403.8,CVT,Diesel,Liquid-cooled,22.5,215321.0,10000.0,2026,11.74,Boros
Roda2,Bebek,138.2,1,11.5,104.2,Manual,Bensin,Air-cooled,71.0,241516.0,13075.0,2018,42.0,Boros
Roda4,City Car,1326.6,3,86.3,1017.9,Automatic,Bensin,Liquid-cooled,81.1,361698.0,11500.0,2022,13.0,Boros
Roda4,SUV,1623.1,4,106.5,1279.4,Automatic,Hybrid,Liquid-cooled,95.7,489650.0,14284.0,2017,11.48,Hemat
Roda2,Matic,115.0,1,10.0,99.5,CVT,Bensin,Liquid-cooled,13.2,135653.0,10089.0,2025,43.8,Hemat
Roda2,Matic,121.9,1,9.5,96.7,CVT,Bensin,Air-cooled,59.1,263906.0,11822.0,2026,56.06,Hemat
Roda4,City Car,1145.7,3,72.1,894.0,Automatic,Bensin,Liquid-cooled,91.8,597733.0,11411.0,2023,14.13,Boros
Roda4,SUV,1589.8,4,102.6,1356.9,CVT,Hybrid,Liquid-cooled,42.8,360971.0,14172.0,2025,12.18,Hemat
Roda2,Matic,131.7,1,10.8,104.3,CVT,Bensin,Liquid-cooled,31.2,245746.0,11157.0,2026,36.79,Boros
Roda2,Bebek,120.2,1,9.4,101.7,Manual,Bensin,Air-cooled,56.4,51265.0,10627.0,2023,51.11,Hemat
Roda4,MPV,1349.2,4,86.5,1100.0,Manual,Diesel,Liquid-cooled,17.2,559857.0,11410.0,2025,12.08,Hemat
Roda2,Matic,111.7,1,9.0,97.1,CVT,Bensin,Air-cooled,65.1,89848.0,10172.0,2021,46.07,Hemat
Roda2,Sport,190.8,1,20.9,139.2,Manual,Bensin,Liquid-cooled,56.4,248064.0,12504.0,2022,31.28,Boros
Roda4,City Car,1184.3,4,80.5,920.8,Automatic,Bensin,Liquid-cooled,41.9,599136.0,10882.0,2017,13.0,Boros
Roda2,Sport Besar,532.3,2,64.1,229.8,Manual,Bensin,Liquid-cooled,30.1,90445.0,13313.0,2022,16.19,Boros
Roda2,Sport Besar,643.6,2,65.6,242.1,Manual,Bensin,Liquid-cooled,64.8,293951.0,12122.0,2024,16.0,Boros
Roda4,SUV,1596.1,4,107.5,1254.1,Manual,Hybrid,Liquid-cooled,24.9,141270.0,14239.0,2026,13.67,Hemat
Roda2,Sport,192.3,1,20.8,142.9,Manual,Bensin,Liquid-cooled,48.3,190427.0,10027.0,2020,32.95,Boros
Roda2,Sport,166.2,1,20.6,132.6,Manual,Bensin,Liquid-cooled,10.9,299735.0,12268.0,2018,34.01,Hemat
Roda4,MPV,1588.3,4,105.9,1293.2,CVT,Diesel,Liquid-cooled,59.6,101634.0,12721.0,2025,11.79,Boros
Roda4,SUV,1609.7,4,106.3,1227.5,CVT,Diesel,Liquid-cooled,44.4,538820.0,10871.0,2022,12.67,Hemat
Roda4,City Car,1073.7,3,70.3,828.2,CVT,Bensin,Liquid-cooled,52.9,231463.0,11583.0,2018,18.44,Hemat
Roda2,Matic,150.6,1,13.3,116.9,CVT,Bensin,Air-cooled,55.9,146260.0,13262.0,2020,35.0,Boros
Roda2,Bebek,104.1,1,8.1,90.2,Manual,Bensin,Air-cooled,42.4,171707.0,13646.0,2020,51.51,Hemat
Roda4,City Car,1240.7,4,88.9,889.8,Automatic,Bensin,Liquid-cooled,98.8,135775.0,13411.0,2023,14.23,Boros
Roda2,Sport Besar,351.1,3,31.3,182.8,Manual,Bensin,Liquid-cooled,53.7,67955.0,13180.0,2016,19.52,Boros
Roda2,Matic,149.8,1,15.0,119.1,CVT,Bensin,Liquid-cooled,12.7,150423.0,13116.0,2018,35.0,Boros
Roda2,Matic,126.0,1,11.5,107.2,CVT,Bensin,Air-cooled,32.3,158042.0,12784.0,2020,41.88,Boros
Roda2,Bebek,133.9,1,11.0,100.1,Manual,Bensin,Air-cooled,45.2,84718.0,10451.0,2024,42.0,Boros
Roda4,City Car,1132.3,3,65.3,865.6,Automatic,Bensin,Liquid-cooled,69.7,183488.0,11903.0,2019,14.63,Boros
Roda4,SUV,1616.6,4,109.5,1236.7,Automatic,Hybrid,Liquid-cooled,69.6,314315.0,14154.0,2019,13.45,Hemat
Roda4,MPV,1380.6,4,95.3,1258.6,Automatic,Bensin,Liquid-cooled,19.9,597963.0,13827.0,2024,10.06,Boros
Roda4,SUV,1766.4,4,126.5,1507.4,DCT,Diesel,Liquid-cooled,49.5,115920.0,8047.0,2025,10.23,Boros
Roda4,MPV,1378.6,4,89.7,1166.6,Automatic,Diesel,Liquid-cooled,64.6,542482.0,12350.0,2024,14.69,Hemat
Roda4,SUV,1790.7,4,125.5,1377.6,Manual,Hybrid,Liquid-cooled,49.7,299114.0,14369.0,2021,10.53,Boros
Roda4,SUV,1600.7,4,100.0,1277.4,DCT,Diesel,Liquid-cooled,82.4,350398.0,12796.0,2020,13.45,Hemat
Roda4,City Car,1278.9,4,91.6,955.7,Automatic,Bensin,Liquid-cooled,76.4,167705.0,13488.0,2022,13.0,Boros
Roda2,Matic,152.9,1,15.1,116.7,CVT,Bensin,Liquid-cooled,22.6,278611.0,12929.0,2018,35.0,Boros
Roda2,Sport,160.8,1,16.9,125.0,Manual,Bensin,Liquid-cooled,44.3,286428.0,13688.0,2016,37.24,Hemat
Roda4,MPV,1743.5,4,123.5,1467.9,Automatic,Bensin,Liquid-cooled,62.5,397741.0,12100.0,2020,9.0,Boros
Roda4,MPV,1530.5,4,109.8,1367.9,Manual,Diesel,Liquid-cooled,57.2,169446.0,13168.0,2022,13.99,Hemat
Roda2,Matic,134.6,1,12.6,110.1,CVT,Bensin,Air-cooled,13.7,221385.0,11701.0,2020,39.15,Boros
Roda4,MPV,1426.6,4,100.4,1162.0,Automatic,Diesel,Liquid-cooled,82.6,405759.0,8518.0,2022,14.71,Hemat
Roda4,City Car,1375.7,4,102.1,1006.7,CVT,Bensin,Liquid-cooled,98.4,120396.0,11997.0,2024,13.0,Boros
Roda2,Sport,186.5,1,20.7,139.5,Manual,Bensin,Liquid-cooled,34.9,199033.0,13815.0,2015,28.0,Boros
Roda2,Bebek,117.2,1,9.9,94.8,Manual,Bensin,Air-cooled,51.9,164920.0,10296.0,2025,42.0,Boros
Roda4,SUV,1822.4,4,136.7,1554.8,DCT,Bensin,Liquid-cooled,63.7,135238.0,12058.0,2026,8.47,Boros
Roda4,SUV,1708.7,4,124.3,1293.2,DCT,Bensin,Liquid-cooled,36.1,116143.0,12062.0,2015,8.98,Boros
Roda2,Sport Besar,506.7,3,53.2,212.4,Manual,Bensin,Liquid-cooled,76.0,213508.0,12078.0,2023,16.0,Boros
Roda4,City Car,1281.2,3,87.4,993.2,Automatic,Bensin,Liquid-cooled,60.8,213097.0,11162.0,2019,13.0,Boros
Roda4,City Car,1292.9,3,95.0,921.5,CVT,Bensin,Liquid-cooled,67.7,302049.0,10579.0,2021,13.43,Boros
Roda4,MPV,1384.2,4,99.0,1132.9,Automatic,Bensin,Liquid-cooled,40.9,260321.0,13479.0,2015,10.52,Boros
Roda2,Sport,218.6,1,25.4,157.1,Manual,Bensin,Liquid-cooled,26.1,62106.0,12743.0,2018,28.0,Boros
Roda4,City Car,1145.7,4,74.8,933.9,Manual,Bensin,Liquid-cooled,67.0,576331.0,11002.0,2019,14.22,Boros
Roda4,SUV,1576.6,4,110.7,1247.4,Manual,Bensin,Liquid-cooled,51.9,409364.0,13513.0,2015,12.66,Hemat
Roda4,MPV,1694.5,4,120.5,1445.0,CVT,Diesel,Liquid-cooled,16.5,213369.0,7135.0,2018,9.0,Boros
Roda4,City Car,1208.8,3,76.4,904.5,Automatic,Bensin,Liquid-cooled,86.5,227864.0,12427.0,2024,14.25,Boros
Roda2,Sport Besar,488.8,4,49.1,201.7,Manual,Bensin,Liquid-cooled,69.2,75523.0,12601.0,2024,17.53,Boros
Roda4,City Car,1429.5,3,98.0,990.7,Manual,Bensin,Liquid-cooled,45.7,433452.0,12178.0,2021,13.0,Boros
Roda4,MPV,1493.4,4,105.3,1182.0,Manual,Bensin,Liquid-cooled,90.8,143515.0,13114.0,2020,10.55,Boros
Roda2,Matic,110.6,1,9.8,95.0,CVT,Bensin,Air-cooled,23.5,227351.0,10239.0,2015,49.2,Hemat
Roda4,SUV,1550.9,4,100.0,1359.3,CVT,Diesel,Liquid-cooled,24.4,386006.0,11366.0,2018,12.67,Hemat
Roda2,Sport Besar,481.7,4,53.0,210.0,Manual,Bensin,Liquid-cooled,35.9,91557.0,12597.0,2019,19.41,Boros
Roda2,Matic,113.7,1,9.2,96.9,CVT,Bensin,Liquid-cooled,33.0,267512.0,12910.0,2019,45.71,Hemat
Roda4,MPV,1505.1,4,103.7,1256.5,Automatic,Diesel,Liquid-cooled,80.4,241133.0,6991.0,2026,12.45,Hemat
Roda2,Matic,157.4,1,14.3,120.8,CVT,Bensin,Liquid-cooled,23.4,261700.0,10226.0,2018,35.0,Boros
Roda4,MPV,1798.9,4,130.0,1473.5,CVT,Bensin,Liquid-cooled,44.2,297058.0,12212.0,2025,9.0,Boros
Roda2,Bebek,106.0,1,7.9,92.7,Manual,Bensin,Air-cooled,26.2,226391.0,11200.0,2015,49.12,Hemat
Roda4,SUV,1552.8,4,101.6,1209.3,Manual,Hybrid,Liquid-cooled,73.3,493026.0,13974.0,2019,14.81,Hemat
Roda2,Matic,134.3,1,11.6,110.1,CVT,Bensin,Air-cooled,72.4,261920.0,13871.0,2020,35.0,Boros
Roda4,City Car,1068.1,3,65.0,838.9,CVT,Bensin,Liquid-cooled,32.5,324290.0,11998.0,2026,16.77,Hemat
Roda4,City Car,1394.9,3,94.9,1073.3,Automatic,Bensin,Liquid-cooled,62.3,244517.0,11545.0,2020,13.0,Boros
Roda2,Matic,139.0,1,12.9,111.5,CVT,Bensin,Air-cooled,26.6,159399.0,13339.0,2017,35.0,Boros
Roda4,City Car,1081.9,3,72.8,855.6,Manual,Bensin,Liquid-cooled,48.7,391233.0,11892.0,2022,17.03,Hemat
Roda2,Sport Besar,293.6,2,30.1,169.3,Manual,Bensin,Liquid-cooled,45.2,276657.0,11850.0,2018,22.59,Hemat
Roda4,MPV,1384.9,4,86.1,1209.3,Automatic,Diesel,Liquid-cooled,60.9,109812.0,12816.0,2016,13.1,Hemat
Roda2,Sport Besar,340.1,2,33.6,175.9,Manual,Bensin,Liquid-cooled,66.6,80006.0,11799.0,2026,24.51,Hemat
Roda2,Sport Besar,541.3,2,52.4,211.0,Manual,Bensin,Liquid-cooled,26.8,59665.0,11479.0,2018,16.0,Boros
Roda4,MPV,1456.8,4,90.7,1235.3,Manual,Diesel,Liquid-cooled,22.3,340805.0,9530.0,2018,11.11,Boros
Roda4,MPV,1708.1,4,119.8,1381.6,CVT,Bensin,Liquid-cooled,30.8,237365.0,10364.0,2019,9.0,Boros
Roda2,Bebek,147.4,1,12.0,108.4,Manual,Bensin,Air-cooled,26.6,178091.0,10406.0,2017,42.0,Boros
Roda2,Matic,110.6,1,9.5,95.0,CVT,Bensin,Air-cooled,45.3,293892.0,12403.0,2023,51.24,Hemat
Roda2,Sport Besar,397.1,2,38.3,188.6,Manual,Bensin,Liquid-cooled,23.5,71752.0,12446.0,2021,17.85,Boros
Roda4,SUV,1964.4,4,141.6,1531.2,Automatic,Diesel,Liquid-cooled,50.7,201562.0,11330.0,2020,8.0,Boros
Roda4,SUV,1908.8,4,136.8,1523.4,Manual,Bensin,Liquid-cooled,45.8,340776.0,13200.0,2016,8.0,Boros
Roda2,Matic,147.7,1,15.1,122.3,CVT,Bensin,Air-cooled,51.8,123843.0,10202.0,2026,35.0,Boros
Roda4,SUV,1658.0,4,114.0,1320.4,DCT,Diesel,Liquid-cooled,29.3,288635.0,13067.0,2023,12.62,Hemat
Roda4,SUV,1836.3,4,146.2,1425.2,Automatic,Hybrid,Liquid-cooled,62.7,273678.0,14318.0,2024,8.97,Boros
Roda2,Bebek,117.0,1,8.9,96.5,Manual,Bensin,Air-cooled,79.9,68740.0,10870.0,2015,42.0,Boros
Roda4,MPV,1365.4,4,99.5,1226.6,Manual,Bensin,Liquid-cooled,57.1,324837.0,11357.0,2023,11.85,Boros
Roda4,MPV,1395.0,4,90.6,1175.9,CVT,Bensin,Liquid-cooled,65.1,246698.0,10918.0,2021,12.45,Hemat
Roda2,Matic,123.2,1,10.9,102.0,CVT,Bensin,Liquid-cooled,14.4,278378.0,11621.0,2017,35.0,Boros
Roda4,City Car,1302.8,3,90.0,975.1,Automatic,Bensin,Liquid-cooled,53.8,510792.0,12859.0,2021,13.0,Boros
Roda2,Sport,200.9,1,21.6,149.0,Manual,Bensin,Liquid-cooled,58.7,219770.0,11852.0,2021,30.03,Boros
Roda4,SUV,1938.7,4,142.7,1598.1,Automatic,Hybrid,Liquid-cooled,18.1,300234.0,14134.0,2025,8.0,Boros
Roda2,Matic,151.7,1,15.3,125.0,CVT,Bensin,Liquid-cooled,36.0,102222.0,13023.0,2018,35.0,Boros
Roda4,SUV,1985.1,4,150.0,1600.0,DCT,Diesel,Liquid-cooled,81.1,137438.0,7665.0,2015,8.07,Boros
Roda4,MPV,1732.0,4,121.5,1400.3,Automatic,Diesel,Liquid-cooled,45.9,471839.0,8427.0,2024,9.0,Boros
Roda4,MPV,1520.6,4,102.6,1212.8,Automatic,Diesel,Liquid-cooled,42.5,263970.0,11792.0,2019,14.07,Hemat
Roda2,Matic,123.0,1,10.7,101.5,CVT,Bensin,Air-cooled,25.3,267863.0,13518.0,2018,39.86,Boros
Roda2,Matic,118.9,1,9.5,96.5,CVT,Bensin,Air-cooled,77.0,65109.0,11729.0,2025,50.1,Hemat
Roda2,Matic,155.3,1,15.1,125.0,CVT,Bensin,Liquid-cooled,41.6,75492.0,10285.0,2024,35.0,Boros
Roda2,Matic,142.0,1,14.8,109.2,CVT,Bensin,Liquid-cooled,36.0,224375.0,11856.0,2023,35.0,Boros
Roda4,MPV,1758.7,4,130.0,1480.6,CVT,Diesel,Liquid-cooled,46.6,127307.0,7862.0,2016,9.5,Boros
Roda2,Matic,115.6,1,10.2,99.4,CVT,Bensin,Air-cooled,31.6,271437.0,11163.0,2016,41.84,Boros
Roda2,Bebek,109.5,1,7.3,94.5,Manual,Bensin,Air-cooled,37.8,116069.0,10801.0,2015,42.41,Boros
Roda2,Bebek,142.0,1,10.6,106.0,Manual,Bensin,Air-cooled,17.2,284307.0,12683.0,2019,42.0,Boros
Roda2,Bebek,135.0,1,10.6,103.6,Manual,Bensin,Air-cooled,15.4,151886.0,11588.0,2016,42.0,Boros
Roda2,Matic,153.1,1,14.7,118.6,CVT,Bensin,Air-cooled,62.0,55726.0,13740.0,2019,35.0,Boros
Roda2,Bebek,124.8,1,9.4,101.4,Manual,Bensin,Air-cooled,58.4,101563.0,11528.0,2022,42.0,Boros
Roda4,MPV,1768.7,4,123.9,1488.0,Manual,Bensin,Liquid-cooled,70.6,580517.0,11049.0,2022,9.0,Boros
Roda4,City Car,1121.6,3,79.1,846.1,CVT,Bensin,Liquid-cooled,94.3,515664.0,10196.0,2018,17.42,Hemat
Roda4,SUV,1949.5,4,144.0,1538.4,CVT,Hybrid,Liquid-cooled,26.5,235115.0,14142.0,2025,8.48,Boros
Roda4,MPV,1720.5,4,126.0,1460.8,Automatic,Bensin,Liquid-cooled,69.8,423291.0,13445.0,2023,9.0,Boros
Roda4,City Car,1484.1,4,105.0,1100.0,CVT,Bensin,Liquid-cooled,69.1,503027.0,12878.0,2020,13.0,Boros
Roda4,MPV,1685.5,4,125.1,1448.8,Manual,Diesel,Liquid-cooled,50.8,110792.0,10112.0,2021,9.0,Boros
Roda4,MPV,1489.4,4,101.1,1266.7,CVT,Diesel,Liquid-cooled,90.7,479625.0,10401.0,2023,14.81,Hemat
Roda4,SUV,1774.1,4,118.8,1367.2,Automatic,Diesel,Liquid-cooled,47.6,333569.0,10625.0,2025,12.45,Hemat
Roda2,Sport,175.9,1,21.1,133.6,Manual,Bensin,Liquid-cooled,51.4,143121.0,11508.0,2025,31.07,Boros
Roda2,Matic,143.5,1,14.2,115.3,CVT,Bensin,Liquid-cooled,59.0,62006.0,11305.0,2026,36.82,Boros
Roda4,MPV,1721.3,4,125.5,1391.2,Manual,Diesel,Liquid-cooled,86.4,451680.0,9997.0,2019,9.0,Boros
Roda4,SUV,1819.7,4,136.5,1505.0,CVT,Hybrid,Liquid-cooled,59.7,423207.0,14019.0,2022,11.41,Hemat
Roda4,SUV,1606.7,4,114.2,1257.2,DCT,Bensin,Liquid-cooled,76.3,577183.0,13245.0,2022,8.99,Boros
Roda4,City Car,1479.2,3,105.0,1100.0,Automatic,Bensin,Liquid-cooled,36.4,110362.0,11935.0,2016,13.0,Boros
Roda4,SUV,1578.2,4,105.8,1246.7,Manual,Hybrid,Liquid-cooled,32.5,495541.0,14433.0,2017,12.71,Hemat
Roda4,City Car,1215.6,3,76.4,943.7,Manual,Bensin,Liquid-cooled,45.6,571844.0,11656.0,2025,15.43,Hemat
Roda4,SUV,1612.2,4,116.6,1296.2,Automatic,Bensin,Liquid-cooled,53.3,539742.0,12718.0,2018,9.82,Boros
Roda4,MPV,1479.4,4,106.0,1173.0,Manual,Diesel,Liquid-cooled,75.4,296114.0,10565.0,2017,11.71,Boros
Roda4,City Car,1109.5,3,71.9,880.0,Manual,Bensin,Liquid-cooled,27.4,338081.0,12831.0,2017,16.74,Hemat
Roda4,City Car,1435.7,3,100.5,1015.9,Automatic,Bensin,Liquid-cooled,23.0,152540.0,10532.0,2016,13.0,Boros
Roda2,Bebek,122.1,1,9.4,97.7,Manual,Bensin,Air-cooled,49.9,265461.0,11861.0,2023,42.0,Boros
Roda2,Sport,194.3,2,24.5,134.3,Manual,Bensin,Liquid-cooled,42.6,141632.0,10494.0,2020,33.98,Hemat
Roda2,Bebek,142.9,1,11.6,105.2,Manual,Bensin,Air-cooled,51.0,180293.0,10584.0,2022,42.0,Boros
Roda2,Sport Besar,613.2,4,65.3,231.6,Manual,Bensin,Liquid-cooled,62.9,254032.0,10857.0,2020,16.0,Boros
Roda2,Bebek,146.6,1,11.1,108.6,Manual,Bensin,Air-cooled,29.0,149572.0,10358.0,2022,42.0,Boros
Roda2,Matic,113.6,1,9.7,99.8,CVT,Bensin,Air-cooled,20.9,181200.0,12326.0,2024,55.61,Hemat
Roda4,MPV,1315.9,4,85.0,1155.7,Manual,Bensin,Liquid-cooled,27.8,474804.0,13797.0,2025,13.26,Hemat
Roda4,MPV,1710.2,4,120.4,1419.2,Manual,Diesel,Liquid-cooled,81.8,303147.0,8314.0,2019,9.07,Boros
Roda4,City Car,1371.7,4,94.2,970.4,Manual,Bensin,Liquid-cooled,96.9,471870.0,11518.0,2023,13.0,Boros
Roda2,Matic,115.9,1,9.0,100.8,CVT,Bensin,Liquid-cooled,44.7,155280.0,11601.0,2017,44.96,Hemat
Roda2,Sport,217.1,2,24.4,155.0,Manual,Bensin,Liquid-cooled,64.8,64382.0,11865.0,2021,28.0,Boros
Roda4,SUV,1555.9,4,100.0,1241.3,Manual,Diesel,Liquid-cooled,55.6,262565.0,8632.0,2015,11.66,Hemat
Roda2,Sport Besar,477.4,2,56.6,219.8,Manual,Bensin,Liquid-cooled,16.1,79465.0,10202.0,2018,19.32,Boros
Roda2,Matic,153.0,1,16.0,120.5,CVT,Bensin,Air-cooled,75.0,182201.0,12940.0,2022,35.0,Boros
Roda2,Matic,122.7,1,10.6,101.8,CVT,Bensin,Liquid-cooled,49.8,111498.0,11939.0,2026,46.06,Hemat
Roda2,Sport Besar,322.5,4,39.5,166.1,Manual,Bensin,Liquid-cooled,66.7,104941.0,10039.0,2022,26.17,Hemat
Roda2,Bebek,147.0,1,12.0,109.4,Manual,Bensin,Air-cooled,18.4,233731.0,12073.0,2018,42.0,Boros
Roda4,MPV,1553.4,4,113.1,1319.1,Automatic,Bensin,Liquid-cooled,30.1,383099.0,13651.0,2022,9.0,Boros
Roda2,Matic,126.6,1,11.8,103.3,CVT,Bensin,Liquid-cooled,45.8,88419.0,12404.0,2024,40.71,Boros
Roda2,Matic,141.2,1,13.0,113.8,CVT,Bensin,Liquid-cooled,54.3,230020.0,10627.0,2026,35.0,Boros
Roda4,City Car,1235.5,3,82.1,949.9,CVT,Bensin,Liquid-cooled,97.2,396555.0,12324.0,2023,15.06,Hemat
Roda2,Matic,136.0,1,11.5,109.6,CVT,Bensin,Air-cooled,18.6,281984.0,11771.0,2017,35.0,Boros
Roda2,Sport Besar,422.6,4,44.8,207.8,Manual,Bensin,Liquid-cooled,17.7,68712.0,11459.0,2018,19.01,Boros
Roda4,MPV,1622.8,4,116.4,1374.8,CVT,Diesel,Liquid-cooled,53.4,510141.0,8315.0,2016,9.0,Boros
Roda2,Sport Besar,539.4,2,52.9,221.1,Manual,Bensin,Liquid-cooled,51.1,80965.0,10583.0,2024,16.0,Boros
Roda2,Sport Besar,258.4,4,25.7,160.0,Manual,Bensin,Liquid-cooled,44.7,82834.0,13805.0,2020,22.37,Hemat
Roda2,Matic,150.6,1,15.3,117.4,CVT,Bensin,Liquid-cooled,12.9,226266.0,11759.0,2024,35.0,Boros
Roda4,MPV,1619.0,4,106.4,1399.9,CVT,Diesel,Liquid-cooled,62.1,459278.0,12825.0,2020,10.48,Boros
Roda2,Matic,142.0,1,13.8,118.2,CVT,Bensin,Liquid-cooled,70.8,76084.0,10006.0,2017,35.0,Boros
Roda4,SUV,1992.7,4,146.6,1590.0,Automatic,Bensin,Liquid-cooled,97.9,241415.0,12781.0,2024,8.0,Boros
Roda4,City Car,1118.5,3,71.2,892.6,CVT,Bensin,Liquid-cooled,72.7,407441.0,11588.0,2023,17.66,Hemat
Roda4,SUV,1523.9,4,101.4,1213.7,DCT,Bensin,Liquid-cooled,89.8,474833.0,10333.0,2015,12.45,Hemat
Roda4,MPV,1417.3,4,94.4,1188.6,Manual,Bensin,Liquid-cooled,88.6,527721.0,12242.0,2020,13.08,Hemat
Roda4,SUV,1514.5,4,106.6,1217.5,Manual,Hybrid,Liquid-cooled,50.7,381554.0,14381.0,2019,13.67,Hemat
Roda2,Matic,138.1,1,12.8,111.6,CVT,Bensin,Air-cooled,54.0,245557.0,12672.0,2020,37.18,Boros
Roda4,MPV,1401.3,4,98.2,1175.4,Manual,Bensin,Liquid-cooled,67.9,229435.0,13617.0,2019,12.24,Hemat
Roda4,MPV,1494.0,4,95.8,1263.2,CVT,Bensin,Liquid-cooled,57.1,155169.0,12657.0,2022,11.82,Boros
Roda4,SUV,1575.7,4,109.2,1236.3,DCT,Hybrid,Liquid-cooled,98.1,166792.0,14260.0,2015,13.95,Hemat
Roda2,Sport,246.1,1,28.9,170.0,Manual,Bensin,Liquid-cooled,25.3,70036.0,12764.0,2021,28.0,Boros
Roda2,Sport Besar,626.3,3,68.0,229.2,Manual,Bensin,Liquid-cooled,65.7,206521.0,13598.0,2021,16.0,Boros
Roda4,MPV,1555.2,4,110.9,1269.1,Automatic,Bensin,Liquid-cooled,27.3,252025.0,11737.0,2016,9.26,Boros
Roda4,SUV,1529.8,4,111.1,1200.0,Automatic,Diesel,Liquid-cooled,33.6,197803.0,9179.0,2020,12.46,Hemat
Roda2,Bebek,109.2,1,8.3,94.0,Manual,Bensin,Air-cooled,49.9,180209.0,13749.0,2022,54.06,Hemat
Roda2,Sport,177.5,1,19.2,135.4,Manual,Bensin,Liquid-cooled,49.2,176662.0,12535.0,2016,31.84,Boros
Roda2,Sport Besar,547.4,4,56.5,219.4,Manual,Bensin,Liquid-cooled,14.1,183534.0,13054.0,2016,16.0,Boros
Roda2,Matic,157.5,1,14.3,125.0,CVT,Bensin,Liquid-cooled,28.5,225150.0,13712.0,2021,35.0,Boros
Roda4,SUV,1694.8,4,120.8,1385.0,Automatic,Hybrid,Liquid-cooled,94.5,271237.0,14087.0,2019,11.61,Hemat
Roda4,SUV,1851.4,4,137.8,1540.0,CVT,Hybrid,Liquid-cooled,81.6,418791.0,14012.0,2017,9.49,Boros
Roda4,SUV,1729.3,4,128.6,1407.2,Manual,Hybrid,Liquid-cooled,57.9,170589.0,13953.0,2015,10.4,Boros
Roda4,MPV,1390.6,4,100.9,1223.1,Automatic,Bensin,Liquid-cooled,88.7,452405.0,11389.0,2023,9.98,Boros
Roda4,MPV,1375.4,4,97.8,1126.5,CVT,Diesel,Liquid-cooled,72.2,414990.0,12754.0,2026,16.2,Hemat
Roda4,SUV,1586.0,4,102.7,1309.7,DCT,Hybrid,Liquid-cooled,64.0,326142.0,14484.0,2024,13.97,Hemat
Roda2,Sport Besar,570.7,2,64.8,231.3,Manual,Bensin,Liquid-cooled,48.6,65610.0,11459.0,2018,16.0,Boros
Roda4,MPV,1425.9,4,97.4,1186.1,Manual,Diesel,Liquid-cooled,54.2,237162.0,7985.0,2021,13.84,Hemat
Roda2,Matic,158.4,1,16.0,125.0,CVT,Bensin,Liquid-cooled,64.7,164387.0,11254.0,2024,35.0,Boros
Roda2,Matic,156.9,1,15.0,118.7,CVT,Bensin,Air-cooled,60.9,286083.0,12382.0,2018,35.0,Boros
Roda4,MPV,1399.3,4,87.2,1174.0,Automatic,Bensin,Liquid-cooled,68.5,302271.0,13007.0,2026,11.89,Boros
Roda2,Matic,121.1,1,10.8,97.8,CVT,Bensin,Liquid-cooled,65.2,226261.0,11256.0,2022,46.07,Hemat
Roda2,Sport Besar,514.7,4,52.4,223.1,Manual,Bensin,Liquid-cooled,72.0,120208.0,10819.0,2024,16.0,Boros
Roda4,City Car,1016.4,3,67.7,823.3,CVT,Bensin,Liquid-cooled,36.0,261599.0,11584.0,2020,17.03,Hemat
Roda2,Sport Besar,485.5,4,48.7,216.2,Manual,Bensin,Liquid-cooled,60.7,290388.0,12092.0,2021,16.76,Boros
Roda2,Matic,116.4,1,9.9,96.5,CVT,Bensin,Air-cooled,75.9,130001.0,11302.0,2019,47.22,Hemat
Roda4,City Car,1318.7,4,94.4,984.8,Manual,Bensin,Liquid-cooled,90.6,397365.0,10843.0,2015,13.0,Boros
Roda4,MPV,1319.3,4,85.0,1148.7,Manual,Diesel,Liquid-cooled,24.7,508850.0,8631.0,2021,15.23,Hemat
Roda4,MPV,1671.9,4,112.2,1408.4,CVT,Bensin,Liquid-cooled,42.5,168930.0,11100.0,2016,9.0,Boros
Roda4,SUV,1969.6,4,141.7,1543.0,DCT,Diesel,Liquid-cooled,16.8,469935.0,7159.0,2026,8.0,Boros
Roda2,Sport,218.4,2,25.4,143.4,Manual,Bensin,Liquid-cooled,38.0,91891.0,10757.0,2016,28.0,Boros
Roda2,Matic,125.6,1,11.4,104.5,CVT,Bensin,Liquid-cooled,31.2,77152.0,11844.0,2026,46.69,Hemat
Roda4,City Car,1243.1,4,87.7,934.0,CVT,Bensin,Liquid-cooled,21.5,165722.0,11017.0,2016,13.0,Boros
Roda4,SUV,1566.6,4,113.6,1275.4,CVT,Hybrid,Liquid-cooled,21.1,468797.0,14136.0,2016,11.03,Hemat
Roda4,City Car,1360.7,4,86.6,1086.5,Automatic,Bensin,Liquid-cooled,26.4,539439.0,12472.0,2025,13.0,Boros
Roda4,City Car,1058.5,3,68.6,860.2,CVT,Bensin,Liquid-cooled,39.0,159161.0,13324.0,2020,15.79,Hemat
Roda4,SUV,1964.1,4,150.0,1577.1,CVT,Bensin,Liquid-cooled,75.3,534239.0,13332.0,2025,8.0,Boros
Roda4,City Car,1237.9,3,81.9,939.5,Automatic,Bensin,Liquid-cooled,56.1,433354.0,12116.0,2024,15.57,Hemat
Roda2,Matic,115.3,1,11.5,97.9,CVT,Bensin,Air-cooled,51.6,131206.0,10099.0,2016,43.62,Hemat
Roda4,SUV,1903.2,4,141.1,1529.9,CVT,Hybrid,Liquid-cooled,42.1,342869.0,14178.0,2015,8.06,Boros
Roda4,SUV,1891.1,4,139.1,1490.6,DCT,Diesel,Liquid-cooled,66.8,382117.0,7441.0,2017,8.35,Boros
Roda2,Matic,150.8,1,15.3,119.3,CVT,Bensin,Liquid-cooled,51.2,298354.0,13436.0,2025,35.0,Boros
Roda4,MPV,1340.4,4,89.9,1118.5,Automatic,Bensin,Liquid-cooled,69.2,431828.0,13137.0,2019,12.02,Hemat
Roda4,SUV,1551.5,4,115.7,1257.9,CVT,Bensin,Liquid-cooled,20.7,578503.0,11939.0,2022,10.85,Boros
Roda4,City Car,1156.0,4,75.7,869.6,CVT,Bensin,Liquid-cooled,30.7,503392.0,10071.0,2025,13.6,Boros
Roda4,City Car,1158.8,4,70.1,873.2,Manual,Bensin,Liquid-cooled,78.6,204549.0,10594.0,2020,15.99,Hemat
Roda4,SUV,1827.1,4,135.9,1423.6,CVT,Hybrid,Liquid-cooled,93.6,286731.0,14051.0,2016,8.99,Boros
Roda2,Bebek,144.1,1,11.0,107.5,Manual,Bensin,Air-cooled,66.2,275444.0,10794.0,2023,42.0,Boros
Roda2,Matic,151.8,1,15.7,123.5,CVT,Bensin,Air-cooled,41.0,125586.0,13848.0,2022,35.0,Boros
Roda2,Sport Besar,433.9,2,43.2,197.0,Manual,Bensin,Liquid-cooled,21.9,55584.0,12228.0,2016,17.99,Boros
Roda2,Sport,174.1,1,18.3,139.5,Manual,Bensin,Liquid-cooled,52.7,60210.0,12975.0,2016,31.73,Boros
Roda4,SUV,1831.9,4,135.1,1547.8,Manual,Diesel,Liquid-cooled,97.9,506588.0,9661.0,2016,8.35,Boros
Roda4,MPV,1510.8,4,101.4,1265.4,Manual,Bensin,Liquid-cooled,95.6,452019.0,10090.0,2022,11.42,Boros
Roda4,SUV,1668.4,4,119.6,1322.9,DCT,Hybrid,Liquid-cooled,21.0,398582.0,14246.0,2026,13.68,Hemat
Roda2,Sport Besar,649.2,2,70.0,241.5,Manual,Bensin,Liquid-cooled,51.1,290486.0,10404.0,2024,16.0,Boros
Roda4,City Car,1292.9,3,90.8,949.7,Automatic,Bensin,Liquid-cooled,45.6,365731.0,11672.0,2015,13.0,Boros
Roda2,Matic,121.8,1,10.1,100.2,CVT,Bensin,Liquid-cooled,70.6,58331.0,13560.0,2017,44.74,Hemat
Roda4,MPV,1476.2,4,107.5,1220.6,Automatic,Diesel,Liquid-cooled,52.2,341256.0,9363.0,2026,14.08,Hemat
Roda2,Matic,128.4,1,10.4,108.0,CVT,Bensin,Liquid-cooled,77.7,140750.0,10243.0,2015,38.18,Boros
Roda2,Matic,129.8,1,11.9,108.7,CVT,Bensin,Air-cooled,15.9,148740.0,12017.0,2016,40.0,Boros
Roda2,Sport,195.9,1,22.2,139.5,Manual,Bensin,Liquid-cooled,38.5,138340.0,11650.0,2020,28.0,Boros
Roda4,SUV,1862.2,4,133.3,1406.9,Manual,Diesel,Liquid-cooled,36.3,510546.0,7779.0,2022,8.0,Boros
Roda4,MPV,1767.3,4,125.8,1500.0,Automatic,Bensin,Liquid-cooled,66.3,505423.0,13455.0,2026,9.0,Boros
Roda4,MPV,1640.8,4,114.3,1368.5,CVT,Diesel,Liquid-cooled,27.4,349535.0,11641.0,2017,10.64,Boros
Roda4,City Car,1341.4,4,88.0,963.5,Automatic,Bensin,Liquid-cooled,95.9,229319.0,11921.0,2017,13.0,Boros
Roda2,Sport,233.6,2,28.8,160.5,Manual,Bensin,Liquid-cooled,29.3,198716.0,11408.0,2019,28.0,Boros
Roda4,SUV,1693.0,4,121.8,1355.4,Manual,Diesel,Liquid-cooled,16.5,422990.0,7840.0,2020,10.82,Boros
Roda2,Bebek,122.9,1,8.9,100.3,Manual,Bensin,Air-cooled,10.8,52260.0,11392.0,2026,45.57,Boros
Roda4,City Car,1387.8,4,99.2,1041.6,Manual,Bensin,Liquid-cooled,96.7,480475.0,11162.0,2024,13.0,Boros
Roda4,SUV,1523.3,4,100.0,1200.0,CVT,Hybrid,Liquid-cooled,92.7,130731.0,14184.0,2020,14.09,Hemat
Roda2,Sport,223.8,2,25.7,157.8,Manual,Bensin,Liquid-cooled,58.7,294243.0,12925.0,2023,28.0,Boros
Roda2,Matic,131.4,1,12.2,109.3,CVT,Bensin,Liquid-cooled,66.7,196117.0,11523.0,2018,41.6,Boros
Roda4,City Car,1241.7,4,80.7,938.3,Automatic,Bensin,Liquid-cooled,65.1,368315.0,11698.0,2025,13.0,Boros
Roda4,MPV,1391.0,4,85.0,1166.2,CVT,Diesel,Liquid-cooled,94.3,278724.0,7489.0,2019,14.46,Hemat
Roda2,Sport,157.6,2,18.3,128.8,Manual,Bensin,Liquid-cooled,33.8,112274.0,12688.0,2017,41.73,Hemat
Roda4,SUV,1935.2,4,146.1,1560.4,DCT,Bensin,Liquid-cooled,31.9,271988.0,13393.0,2017,8.0,Boros
Roda4,SUV,1872.2,4,142.0,1559.9,Automatic,Diesel,Liquid-cooled,79.2,477796.0,7440.0,2019,8.0,Boros
Roda4,SUV,1668.2,4,118.3,1379.3,Manual,Hybrid,Liquid-cooled,15.1,223079.0,13991.0,2024,12.67,Hemat
Roda4,MPV,1699.7,4,120.5,1474.5,CVT,Bensin,Liquid-cooled,72.4,116681.0,10538.0,2015,9.0,Boros
Roda4,SUV,1773.0,4,117.7,1471.8,Manual,Bensin,Liquid-cooled,79.0,577453.0,13034.0,2019,8.0,Boros
Roda4,MPV,1445.9,4,102.8,1207.4,CVT,Diesel,Liquid-cooled,58.2,110092.0,11357.0,2025,15.15,Hemat
Roda4,MPV,1667.4,4,112.3,1377.7,Manual,Bensin,Liquid-cooled,18.3,348431.0,12454.0,2024,9.81,Boros
Roda4,MPV,1436.5,4,103.6,1183.3,CVT,Bensin,Liquid-cooled,57.3,112367.0,13679.0,2015,11.99,Boros
Roda2,Bebek,138.1,1,11.1,104.7,Manual,Bensin,Air-cooled,36.3,124217.0,12531.0,2025,42.0,Boros
Roda2,Sport Besar,520.8,4,51.7,226.0,Manual,Bensin,Liquid-cooled,62.9,138177.0,13061.0,2020,17.55,Boros
Roda4,MPV,1595.1,4,116.4,1401.4,CVT,Diesel,Liquid-cooled,97.1,434301.0,10127.0,2020,11.2,Boros
Roda2,Sport Besar,602.5,4,65.4,239.6,Manual,Bensin,Liquid-cooled,39.8,142061.0,13061.0,2026,16.0,Boros
Roda2,Sport Besar,635.9,3,70.0,250.0,Manual,Bensin,Liquid-cooled,20.9,78829.0,11858.0,2022,16.0,Boros
Roda4,City Car,1277.7,3,84.1,998.9,CVT,Bensin,Liquid-cooled,35.1,126636.0,11137.0,2015,13.0,Boros
Roda4,SUV,1962.6,4,150.0,1585.9,CVT,Bensin,Liquid-cooled,43.5,441475.0,13747.0,2025,8.0,Boros
Roda4,SUV,1701.9,4,129.4,1393.4,Manual,Hybrid,Liquid-cooled,85.7,336870.0,14138.0,2019,11.73,Hemat
Roda4,MPV,1311.1,4,85.6,1172.5,Automatic,Diesel,Liquid-cooled,74.8,344260.0,10717.0,2016,13.49,Hemat
Roda2,Sport Besar,525.0,3,59.1,221.0,Manual,Bensin,Liquid-cooled,26.3,138891.0,10567.0,2018,16.0,Boros
Roda2,Bebek,134.0,1,9.2,106.6,Manual,Bensin,Air-cooled,26.9,218034.0,12970.0,2020,42.0,Boros
Roda2,Sport Besar,630.8,2,63.1,243.5,Manual,Bensin,Liquid-cooled,24.7,89109.0,11735.0,2024,16.0,Boros
Roda4,MPV,1589.1,4,116.2,1296.4,Manual,Diesel,Liquid-cooled,68.5,476122.0,9614.0,2026,11.14,Boros
Roda4,City Car,1452.7,4,98.8,1100.0,Manual,Bensin,Liquid-cooled,21.3,472202.0,12711.0,2019,13.0,Boros
Roda2,Sport Besar,511.5,3,62.3,217.5,Manual,Bensin,Liquid-cooled,24.9,113142.0,12529.0,2018,16.0,Boros
Roda4,MPV,1619.5,4,116.2,1353.6,Manual,Diesel,Liquid-cooled,97.1,210253.0,7462.0,2026,11.59,Boros
Roda2,Matic,122.4,1,11.2,106.3,CVT,Bensin,Air-cooled,12.1,296274.0,10290.0,2023,41.66,Boros
Roda2,Matic,111.5,1,9.2,95.5,CVT,Bensin,Liquid-cooled,24.5,205877.0,11395.0,2021,49.35,Hemat
Roda4,City Car,1111.4,4,76.2,838.8,Automatic,Bensin,Liquid-cooled,87.6,350466.0,10231.0,2018,14.0,Boros
Roda4,SUV,1977.6,4,142.6,1600.0,CVT,Bensin,Liquid-cooled,19.1,408768.0,10912.0,2025,8.0,Boros
Roda2,Sport Besar,390.3,2,34.2,189.1,Manual,Bensin,Liquid-cooled,44.4,72889.0,13735.0,2024,20.28,Boros
Roda2,Bebek,129.7,1,10.3,104.2,Manual,Bensin,Air-cooled,38.8,259965.0,13510.0,2022,42.0,Boros
Roda4,MPV,1674.4,4,121.1,1423.8,CVT,Bensin,Liquid-cooled,49.7,536832.0,13696.0,2026,9.86,Boros
Roda4,MPV,1641.6,4,111.0,1372.1,Manual,Diesel,Liquid-cooled,82.1,299995.0,11059.0,2025,11.05,Boros
Roda2,Matic,124.1,1,10.8,105.9,CVT,Bensin,Air-cooled,10.7,134522.0,11180.0,2018,42.25,Hemat
Roda4,MPV,1606.1,4,111.6,1298.7,CVT,Diesel,Liquid-cooled,38.5,140473.0,9516.0,2017,9.9,Boros
Roda2,Matic,110.9,1,9.0,95.0,CVT,Bensin,Liquid-cooled,26.2,275861.0,10379.0,2026,55.53,Hemat
Roda2,Sport,184.6,1,20.5,140.1,Manual,Bensin,Liquid-cooled,27.6,282819.0,10255.0,2022,31.29,Boros
Roda4,MPV,1473.5,4,104.0,1249.7,CVT,Bensin,Liquid-cooled,81.1,267241.0,13823.0,2019,12.82,Hemat
Roda4,SUV,1951.7,4,145.2,1544.2,Automatic,Bensin,Liquid-cooled,66.0,342478.0,13537.0,2016,8.0,Boros
Roda4,SUV,1990.4,4,144.9,1570.4,Automatic,Diesel,Liquid-cooled,35.3,524347.0,12635.0,2018,8.0,Boros
Roda4,MPV,1715.1,4,119.1,1435.9,CVT,Diesel,Liquid-cooled,90.0,237502.0,7656.0,2017,9.0,Boros
Roda4,MPV,1322.7,4,92.5,1199.0,CVT,Bensin,Liquid-cooled,58.7,447477.0,13477.0,2017,15.18,Hemat
Roda4,SUV,1921.0,4,146.9,1530.7,DCT,Diesel,Liquid-cooled,25.0,387352.0,10606.0,2017,8.0,Boros
Roda2,Matic,131.4,1,11.7,111.8,CVT,Bensin,Air-cooled,78.3,132803.0,10463.0,2018,40.66,Boros
Roda2,Matic,132.2,1,11.8,108.9,CVT,Bensin,Liquid-cooled,60.9,73477.0,12572.0,2016,35.0,Boros
Roda2,Matic,139.6,1,13.0,113.8,CVT,Bensin,Air-cooled,62.8,195775.0,13650.0,2018,36.71,Boros
Roda4,City Car,1218.0,4,83.9,953.9,Manual,Bensin,Liquid-cooled,74.5,330262.0,11070.0,2020,14.44,Boros
Roda2,Matic,138.8,1,13.6,113.5,CVT,Bensin,Air-cooled,31.8,160935.0,10470.0,2019,35.0,Boros
Roda4,City Car,1275.9,4,80.6,1019.2,Manual,Bensin,Liquid-cooled,63.9,296863.0,11886.0,2018,13.87,Boros
Roda4,MPV,1673.8,4,113.7,1402.3,Manual,Bensin,Liquid-cooled,26.2,491009.0,13473.0,2019,9.0,Boros
Roda2,Matic,138.3,1,12.3,112.9,CVT,Bensin,Air-cooled,27.8,171446.0,11955.0,2022,39.14,Boros
Roda2,Matic,142.3,1,13.6,110.4,CVT,Bensin,Air-cooled,78.7,253674.0,11228.0,2016,35.0,Boros
Roda4,City Car,1012.1,3,65.0,817.2,Automatic,Bensin,Liquid-cooled,61.7,242787.0,10697.0,2020,17.55,Hemat
Roda4,City Car,1104.1,4,76.5,846.1,CVT,Bensin,Liquid-cooled,25.5,385229.0,12705.0,2017,14.58,Boros
Roda4,MPV,1328.7,4,85.3,1144.7,CVT,Diesel,Liquid-cooled,60.5,535008.0,9292.0,2026,17.1,Hemat
Roda4,City Car,1390.5,3,95.9,1047.3,Automatic,Bensin,Liquid-cooled,85.3,462918.0,10388.0,2017,13.0,Boros
Roda2,Bebek,128.1,1,10.5,100.3,Manual,Bensin,Air-cooled,60.6,176938.0,11947.0,2016,42.0,Boros
Roda4,City Car,1479.0,4,101.5,1049.8,Manual,Bensin,Liquid-cooled,93.6,477017.0,12982.0,2021,13.0,Boros
Roda2,Matic,148.5,1,15.6,125.0,CVT,Bensin,Liquid-cooled,48.7,72114.0,12845.0,2024,35.0,Boros
Roda2,Sport Besar,440.5,3,47.3,203.5,Manual,Bensin,Liquid-cooled,12.5,297931.0,13820.0,2024,16.0,Boros
Roda4,SUV,1575.7,4,114.8,1220.6,CVT,Diesel,Liquid-cooled,83.4,309578.0,8640.0,2026,12.99,Hemat
Roda4,SUV,1989.0,4,146.9,1600.0,CVT,Diesel,Liquid-cooled,69.4,252392.0,10874.0,2025,8.88,Boros
Roda4,SUV,1566.7,4,106.5,1282.0,Automatic,Diesel,Liquid-cooled,81.4,550600.0,11316.0,2015,11.54,Hemat
Roda2,Matic,152.6,1,14.2,123.2,CVT,Bensin,Liquid-cooled,56.9,210607.0,13631.0,2020,35.0,Boros
Roda4,SUV,1647.9,4,113.5,1280.4,Manual,Bensin,Liquid-cooled,56.6,167544.0,12289.0,2020,10.71,Boros
Roda2,Sport,248.9,1,30.0,157.2,Manual,Bensin,Liquid-cooled,56.1,274294.0,13051.0,2017,28.0,Boros
Roda2,Sport,161.1,1,15.0,130.0,Manual,Bensin,Liquid-cooled,73.0,147132.0,12501.0,2015,30.98,Boros
Roda2,Matic,129.7,1,11.1,106.0,CVT,Bensin,Liquid-cooled,52.0,121015.0,13434.0,2016,46.79,Hemat
Roda2,Matic,128.2,1,10.8,104.7,CVT,Bensin,Air-cooled,78.8,56373.0,12691.0,2020,38.49,Boros
Roda2,Bebek,112.9,1,8.4,96.0,Manual,Bensin,Air-cooled,67.8,245507.0,12764.0,2019,48.77,Hemat
Roda4,SUV,1528.1,4,107.2,1200.0,Manual,Hybrid,Liquid-cooled,39.6,496822.0,13917.0,2019,14.65,Hemat
Roda2,Bebek,112.3,1,8.0,97.0,Manual,Bensin,Air-cooled,21.3,291458.0,10803.0,2015,47.22,Boros
Roda2,Bebek,109.3,1,7.6,95.8,Manual,Bensin,Air-cooled,26.3,78876.0,11272.0,2016,46.81,Boros
Roda2,Sport,152.2,2,15.0,122.8,Manual,Bensin,Liquid-cooled,46.5,297629.0,11986.0,2021,45.76,Hemat
Roda4,SUV,1580.9,4,105.0,1238.8,CVT,Bensin,Liquid-cooled,44.8,226970.0,10194.0,2021,12.59,Hemat
Roda2,Matic,156.4,1,14.9,120.5,CVT,Bensin,Liquid-cooled,32.0,143553.0,12420.0,2025,35.0,Boros
Roda4,SUV,1742.7,4,116.4,1312.8,DCT,Diesel,Liquid-cooled,23.5,158073.0,11310.0,2016,10.87,Boros
Roda4,City Car,1131.8,3,76.9,913.1,Manual,Bensin,Liquid-cooled,27.0,423169.0,13100.0,2018,14.05,Boros
Roda2,Sport Besar,482.8,4,50.3,204.2,Manual,Bensin,Liquid-cooled,45.5,247175.0,10113.0,2015,16.0,Boros
Roda4,City Car,1418.5,4,104.3,1051.2,CVT,Bensin,Liquid-cooled,84.4,315154.0,13561.0,2024,13.0,Boros
Roda4,SUV,1904.3,4,140.0,1531.8,CVT,Hybrid,Liquid-cooled,92.8,125411.0,14386.0,2020,8.83,Boros
Roda4,MPV,1755.2,4,122.0,1430.2,Manual,Diesel,Liquid-cooled,82.9,480303.0,7833.0,2023,9.35,Boros
Roda2,Matic,111.7,1,9.5,95.0,CVT,Bensin,Liquid-cooled,12.3,150858.0,13769.0,2018,51.17,Hemat
Roda2,Matic,156.7,1,14.9,121.2,CVT,Bensin,Liquid-cooled,23.8,97098.0,12797.0,2017,35.0,Boros
Roda4,MPV,1546.7,4,107.4,1271.8,Automatic,Bensin,Liquid-cooled,55.8,118265.0,12243.0,2016,9.0,Boros
Roda2,Sport Besar,568.8,3,61.3,229.9,Manual,Bensin,Liquid-cooled,38.4,230614.0,12933.0,2019,16.0,Boros
Roda2,Sport,178.6,2,20.2,135.5,Manual,Bensin,Liquid-cooled,48.1,132882.0,10683.0,2018,31.33,Boros
Roda2,Matic,155.4,1,16.0,117.8,CVT,Bensin,Liquid-cooled,66.3,188244.0,11905.0,2022,35.0,Boros
Roda2,Bebek,136.2,1,10.3,103.3,Manual,Bensin,Air-cooled,31.3,107604.0,10006.0,2019,42.0,Boros
Roda4,SUV,1735.0,4,124.0,1373.7,Automatic,Hybrid,Liquid-cooled,68.0,276789.0,14234.0,2021,10.79,Boros
Roda2,Sport,234.2,1,26.2,167.8,Manual,Bensin,Liquid-cooled,75.1,235971.0,10941.0,2024,28.0,Boros
Roda2,Bebek,141.8,1,11.4,105.8,Manual,Bensin,Air-cooled,61.1,272187.0,10241.0,2016,42.0,Boros
Roda4,City Car,1020.6,4,65.0,830.1,Manual,Bensin,Liquid-cooled,92.8,250175.0,10434.0,2024,16.94,Hemat
Roda2,Matic,148.3,1,14.4,115.3,CVT,Bensin,Air-cooled,16.0,249810.0,13505.0,2026,35.0,Boros
Roda4,MPV,1344.7,4,90.9,1106.7,Automatic,Bensin,Liquid-cooled,98.5,306218.0,12763.0,2024,12.98,Hemat
Roda2,Sport Besar,507.1,3,60.7,225.3,Manual,Bensin,Liquid-cooled,21.1,192416.0,12471.0,2026,17.6,Boros
Roda4,MPV,1687.5,4,118.6,1387.1,Automatic,Bensin,Liquid-cooled,92.6,393688.0,12406.0,2024,9.0,Boros
Roda4,SUV,1602.0,4,114.5,1200.0,CVT,Diesel,Liquid-cooled,98.9,570281.0,10451.0,2022,15.59,Hemat
Roda4,City Car,1191.9,4,76.7,943.7,CVT,Bensin,Liquid-cooled,35.8,437634.0,10462.0,2025,13.87,Boros
Roda2,Matic,144.8,1,13.2,119.1,CVT,Bensin,Liquid-cooled,71.8,90098.0,11324.0,2024,35.0,Boros
Roda4,SUV,1672.5,4,117.2,1320.5,Automatic,Hybrid,Liquid-cooled,79.9,171561.0,14280.0,2016,9.91,Boros
Roda2,Bebek,116.9,1,9.2,97.8,Manual,Bensin,Air-cooled,56.4,228831.0,11046.0,2019,42.0,Boros
Roda2,Matic,141.8,1,12.8,114.1,CVT,Bensin,Air-cooled,40.6,233025.0,12665.0,2021,39.43,Boros
Roda4,MPV,1634.2,4,122.7,1384.7,Manual,Diesel,Liquid-cooled,96.0,395710.0,10008.0,2023,9.16,Boros
Roda4,MPV,1350.1,4,87.9,1245.6,Automatic,Diesel,Liquid-cooled,56.8,256700.0,12626.0,2023,14.9,Hemat
Roda4,MPV,1723.3,4,120.8,1461.3,Automatic,Diesel,Liquid-cooled,49.4,134166.0,9177.0,2019,9.0,Boros
Roda2,Sport,195.0,2,19.7,147.1,Manual,Bensin,Liquid-cooled,13.1,58734.0,11666.0,2019,28.0,Boros
Roda4,SUV,1510.0,4,100.0,1200.0,Manual,Bensin,Liquid-cooled,32.8,599301.0,11330.0,2023,13.06,Hemat
Roda4,SUV,1599.8,4,108.2,1200.0,CVT,Hybrid,Liquid-cooled,17.4,444608.0,14146.0,2019,14.69,Hemat
Roda2,Matic,113.1,1,9.1,99.6,CVT,Bensin,Air-cooled,42.9,230081.0,12065.0,2018,48.0,Hemat
Roda4,SUV,1932.4,4,140.2,1566.3,Manual,Diesel,Liquid-cooled,37.1,382306.0,9185.0,2023,9.27,Boros
Roda2,Sport Besar,493.7,2,50.4,203.5,Manual,Bensin,Liquid-cooled,34.8,216300.0,12862.0,2026,22.39,Hemat
Roda4,MPV,1554.3,4,105.2,1246.8,Automatic,Bensin,Liquid-cooled,77.2,315781.0,13299.0,2015,9.04,Boros
Roda4,MPV,1450.2,4,108.4,1195.1,Manual,Diesel,Liquid-cooled,73.1,191270.0,13182.0,2016,13.31,Hemat
Roda2,Bebek,112.9,1,8.7,95.9,Manual,Bensin,Air-cooled,34.3,102283.0,12261.0,2019,47.46,Boros
Roda4,MPV,1655.4,4,107.8,1367.3,Automatic,Bensin,Liquid-cooled,74.5,243816.0,13617.0,2025,9.62,Boros
Roda2,Matic,159.1,1,16.0,123.6,CVT,Bensin,Liquid-cooled,39.9,194424.0,11160.0,2023,35.0,Boros
Roda4,MPV,1416.2,4,88.6,1258.2,Automatic,Bensin,Liquid-cooled,63.0,583172.0,12862.0,2019,11.58,Boros
Roda4,MPV,1722.8,4,126.8,1439.9,Manual,Bensin,Liquid-cooled,93.6,101234.0,13135.0,2016,9.0,Boros
Roda4,MPV,1303.2,4,85.5,1126.8,CVT,Diesel,Liquid-cooled,96.6,139615.0,8452.0,2024,16.11,Hemat
Roda2,Sport Besar,355.4,3,41.7,192.9,Manual,Bensin,Liquid-cooled,31.5,274522.0,12286.0,2023,20.9,Boros
Roda2,Sport,231.5,2,29.1,162.2,Manual,Bensin,Liquid-cooled,74.1,71940.0,13360.0,2019,28.0,Boros
Roda4,City Car,1057.8,4,75.1,850.4,CVT,Bensin,Liquid-cooled,43.1,506372.0,10425.0,2020,16.78,Hemat
Roda4,SUV,1807.0,4,134.5,1433.6,DCT,Diesel,Liquid-cooled,22.7,281052.0,9819.0,2017,10.13,Boros
Roda2,Sport,180.3,2,18.9,142.0,Manual,Bensin,Liquid-cooled,34.4,118112.0,10882.0,2019,28.5,Boros
Roda2,Sport,181.9,2,17.9,127.8,Manual,Bensin,Liquid-cooled,34.7,255225.0,11337.0,2019,28.0,Boros
Roda4,SUV,1546.8,4,109.7,1238.8,Manual,Diesel,Liquid-cooled,87.7,430338.0,7923.0,2016,12.74,Hemat
Roda4,MPV,1441.0,4,96.8,1157.8,Manual,Diesel,Liquid-cooled,54.0,309306.0,11606.0,2016,12.54,Hemat
Roda2,Matic,155.7,1,15.1,125.0,CVT,Bensin,Air-cooled,26.1,87033.0,12550.0,2016,35.0,Boros
Roda4,SUV,1565.9,4,116.8,1256.8,Manual,Diesel,Liquid-cooled,49.1,191338.0,9899.0,2019,12.37,Hemat
Roda4,SUV,1746.0,4,132.2,1387.7,Manual,Hybrid,Liquid-cooled,54.7,308894.0,14411.0,2019,11.71,Hemat
Roda4,SUV,1810.1,4,126.3,1482.9,CVT,Bensin,Liquid-cooled,46.0,290442.0,13290.0,2017,8.95,Boros
Roda4,SUV,1682.8,4,114.4,1342.0,Automatic,Diesel,Liquid-cooled,33.7,439203.0,8667.0,2015,11.1,Hemat
Roda2,Sport Besar,404.6,3,45.4,199.5,Manual,Bensin,Liquid-cooled,24.9,249124.0,11780.0,2026,17.94,Boros
Roda2,Matic,129.2,1,11.5,105.5,CVT,Bensin,Liquid-cooled,52.4,110668.0,12050.0,2016,41.59,Boros
Roda2,Sport,175.7,1,18.5,128.0,Manual,Bensin,Liquid-cooled,23.3,251713.0,11075.0,2023,32.31,Boros
Roda4,MPV,1511.1,4,110.4,1287.3,CVT,Bensin,Liquid-cooled,75.2,545405.0,11554.0,2024,11.14,Boros
Roda4,MPV,1366.3,4,88.2,1144.0,Manual,Diesel,Liquid-cooled,37.8,228384.0,6964.0,2021,13.26,Hemat
Roda4,SUV,1981.6,4,147.4,1600.0,Automatic,Bensin,Liquid-cooled,33.2,379118.0,13194.0,2026,8.0,Boros
Roda4,City Car,1345.7,3,95.0,978.0,Automatic,Bensin,Liquid-cooled,18.2,115826.0,12721.0,2025,13.0,Boros
Roda2,Matic,153.9,1,16.0,117.5,CVT,Bensin,Liquid-cooled,42.4,72518.0,13887.0,2021,35.0,Boros
Roda4,MPV,1374.4,4,87.7,1127.0,CVT,Bensin,Liquid-cooled,24.7,223559.0,13051.0,2020,14.75,Hemat
Roda4,SUV,1977.7,4,147.0,1600.0,DCT,Hybrid,Liquid-cooled,59.3,376133.0,14433.0,2023,8.22,Boros
Roda4,City Car,1166.7,3,81.5,911.4,CVT,Bensin,Liquid-cooled,48.0,187638.0,12432.0,2018,13.96,Boros
Roda2,Bebek,120.1,1,9.0,96.3,Manual,Bensin,Air-cooled,69.8,91326.0,13332.0,2020,48.66,Hemat
Roda4,SUV,1713.3,4,125.5,1397.3,CVT,Hybrid,Liquid-cooled,65.2,599065.0,14190.0,2017,11.76,Hemat
Roda2,Matic,126.7,1,12.4,106.0,CVT,Bensin,Air-cooled,54.2,145614.0,11880.0,2022,42.54,Hemat
Roda4,SUV,1662.4,4,115.2,1278.7,CVT,Hybrid,Liquid-cooled,44.2,498484.0,14494.0,2019,12.34,Hemat
Roda4,City Car,1096.0,4,74.2,881.6,Manual,Bensin,Liquid-cooled,49.6,256174.0,12227.0,2022,16.21,Hemat
Roda2,Sport Besar,504.8,4,59.5,216.7,Manual,Bensin,Liquid-cooled,51.3,267958.0,12007.0,2015,19.32,Boros
Roda2,Matic,145.6,1,14.6,111.3,CVT,Bensin,Air-cooled,72.1,144587.0,12924.0,2025,35.0,Boros
Roda4,City Car,1186.8,3,76.4,948.2,CVT,Bensin,Liquid-cooled,61.2,390144.0,13189.0,2024,18.09,Hemat
Roda4,City Car,1480.5,3,105.0,1100.0,CVT,Bensin,Liquid-cooled,86.4,405883.0,13201.0,2020,13.0,Boros
Roda2,Bebek,134.2,1,10.4,100.3,Manual,Bensin,Air-cooled,39.8,162847.0,10638.0,2018,42.0,Boros
Roda4,SUV,1754.1,4,116.7,1422.2,Automatic,Diesel,Liquid-cooled,98.3,594687.0,9611.0,2019,9.85,Boros
Roda2,Matic,133.3,1,10.7,111.0,CVT,Bensin,Air-cooled,22.3,130645.0,10263.0,2023,39.03,Boros
Roda2,Sport Besar,465.3,2,49.8,204.4,Manual,Bensin,Liquid-cooled,70.5,111865.0,13268.0,2017,16.0,Boros
Roda4,MPV,1597.9,4,111.6,1312.2,CVT,Diesel,Liquid-cooled,77.1,395626.0,12108.0,2024,11.46,Boros
Roda4,SUV,1717.3,4,115.4,1401.8,Manual,Hybrid,Liquid-cooled,79.7,186785.0,13967.0,2024,11.12,Hemat
Roda4,City Car,1448.5,4,99.6,1066.2,Automatic,Bensin,Liquid-cooled,66.5,491555.0,13641.0,2015,13.0,Boros
Roda2,Matic,156.7,1,15.8,122.5,CVT,Bensin,Liquid-cooled,63.2,271518.0,12843.0,2018,35.0,Boros
Roda2,Matic,134.7,1,11.6,108.5,CVT,Bensin,Liquid-cooled,57.2,98920.0,10594.0,2023,42.18,Hemat
Roda2,Matic,140.4,1,13.9,109.3,CVT,Bensin,Liquid-cooled,26.1,154608.0,13126.0,2016,35.0,Boros
Roda4,City Car,1076.4,3,73.5,880.9,CVT,Bensin,Liquid-cooled,98.0,225697.0,10758.0,2022,17.86,Hemat
Roda4,MPV,1430.7,4,96.5,1240.6,CVT,Bensin,Liquid-cooled,58.6,277120.0,10094.0,2022,12.48,Hemat
Roda4,SUV,1761.9,4,113.7,1421.3,CVT,Bensin,Liquid-cooled,53.4,500791.0,12952.0,2021,8.0,Boros
Roda2,Bebek,144.7,1,10.4,108.4,Manual,Bensin,Air-cooled,27.6,261053.0,11888.0,2020,42.0,Boros
Roda4,SUV,1809.5,4,123.9,1487.7,DCT,Hybrid,Liquid-cooled,35.3,479358.0,14242.0,2026,12.9,Hemat
Roda2,Matic,146.7,1,14.0,117.9,CVT,Bensin,Air-cooled,33.9,92065.0,12268.0,2017,35.0,Boros
Roda2,Sport Besar,558.8,2,60.9,229.6,Manual,Bensin,Liquid-cooled,68.3,230272.0,13143.0,2022,16.0,Boros
Roda2,Matic,150.7,1,15.1,118.4,CVT,Bensin,Liquid-cooled,73.2,247561.0,11589.0,2024,35.0,Boros
Roda4,City Car,1081.0,3,67.5,812.3,CVT,Bensin,Liquid-cooled,86.2,216086.0,12026.0,2019,17.57,Hemat
Roda4,SUV,1605.6,4,109.6,1260.1,DCT,Hybrid,Liquid-cooled,45.1,324001.0,14099.0,2016,13.25,Hemat
Roda2,Matic,111.6,1,9.2,95.0,CVT,Bensin,Air-cooled,24.5,115533.0,11687.0,2020,48.29,Hemat
Roda2,Matic,135.1,1,11.6,111.6,CVT,Bensin,Liquid-cooled,39.7,158274.0,11735.0,2021,38.54,Boros
Roda2,Bebek,100.3,1,7.1,90.3,Manual,Bensin,Air-cooled,41.1,194136.0,13835.0,2016,62.87,Hemat
Roda4,SUV,1754.0,4,115.2,1410.7,CVT,Bensin,Liquid-cooled,59.0,452372.0,11934.0,2015,8.26,Boros
Roda4,City Car,1137.0,4,72.5,927.2,CVT,Bensin,Liquid-cooled,42.8,269973.0,12755.0,2015,14.56,Boros
Roda4,MPV,1576.3,4,111.9,1332.4,Automatic,Bensin,Liquid-cooled,63.0,401651.0,11142.0,2015,9.0,Boros
Roda4,SUV,1739.4,4,121.4,1395.0,Manual,Diesel,Liquid-cooled,80.3,102330.0,12168.0,2021,9.61,Boros
Roda4,SUV,1678.2,4,119.3,1460.9,Manual,Diesel,Liquid-cooled,58.7,349243.0,9790.0,2024,10.58,Boros
Roda2,Matic,144.8,1,14.6,115.1,CVT,Bensin,Air-cooled,22.5,296612.0,12789.0,2015,35.0,Boros
Roda2,Bebek,124.7,1,8.5,99.5,Manual,Bensin,Air-cooled,12.1,114421.0,11804.0,2020,42.0,Boros
Roda2,Matic,117.2,1,9.1,96.8,CVT,Bensin,Air-cooled,20.5,286482.0,11979.0,2019,48.29,Hemat
Roda4,MPV,1706.6,4,117.5,1343.7,Manual,Bensin,Liquid-cooled,22.4,347364.0,13166.0,2019,9.0,Boros
Roda4,City Car,1340.8,4,89.9,965.0,CVT,Bensin,Liquid-cooled,53.0,599555.0,11504.0,2017,13.0,Boros
Roda2,Matic,132.5,1,10.9,105.5,CVT,Bensin,Air-cooled,27.4,210633.0,11073.0,2016,44.93,Hemat
Roda2,Sport,196.6,1,22.5,140.3,Manual,Bensin,Liquid-cooled,74.8,55844.0,12546.0,2018,31.96,Boros
Roda4,SUV,1900.5,4,133.0,1520.4,DCT,Diesel,Liquid-cooled,45.6,346086.0,7535.0,2016,8.0,Boros
Roda4,City Car,1347.6,4,96.4,980.1,CVT,Bensin,Liquid-cooled,22.4,202460.0,12188.0,2023,14.7,Boros
Roda2,Matic,115.0,1,9.6,97.5,CVT,Bensin,Liquid-cooled,55.7,243450.0,11398.0,2026,52.36,Hemat
Roda2,Sport,243.4,1,28.6,166.3,Manual,Bensin,Liquid-cooled,20.5,201125.0,11861.0,2019,28.0,Boros
Roda4,MPV,1305.9,4,85.0,1114.9,Manual,Bensin,Liquid-cooled,58.3,278642.0,10541.0,2018,14.97,Hemat
Roda4,SUV,1541.1,4,106.9,1265.5,Automatic,Bensin,Liquid-cooled,86.2,557058.0,11166.0,2017,11.12,Hemat
Roda2,Sport Besar,303.1,2,25.9,163.4,Manual,Bensin,Liquid-cooled,11.0,270091.0,13721.0,2015,20.02,Boros
Roda4,SUV,1766.8,4,123.6,1393.0,CVT,Hybrid,Liquid-cooled,78.2,529020.0,13955.0,2023,10.83,Boros
Roda4,SUV,1806.0,4,129.0,1482.3,DCT,Bensin,Liquid-cooled,65.2,434297.0,12965.0,2026,9.1,Boros
Roda4,SUV,1903.3,4,141.0,1523.8,CVT,Bensin,Liquid-cooled,62.6,175960.0,11245.0,2023,8.0,Boros
Roda4,SUV,1604.6,4,110.3,1221.5,CVT,Diesel,Liquid-cooled,30.8,527900.0,12411.0,2021,13.16,Hemat
Roda4,SUV,1766.4,4,129.6,1410.0,Manual,Hybrid,Liquid-cooled,81.8,479340.0,14029.0,2025,11.49,Hemat
Roda4,SUV,1856.8,4,132.3,1434.5,Manual,Hybrid,Liquid-cooled,30.0,463877.0,14146.0,2025,10.66,Boros
Roda2,Matic,137.1,1,12.9,107.2,CVT,Bensin,Air-cooled,68.7,55410.0,10909.0,2018,38.73,Boros
Roda4,SUV,1994.9,4,142.0,1553.2,Automatic,Hybrid,Liquid-cooled,74.1,213052.0,13965.0,2025,8.28,Boros
Roda4,SUV,1831.5,4,129.1,1450.5,Automatic,Diesel,Liquid-cooled,42.1,453833.0,10656.0,2019,8.0,Boros
Roda4,MPV,1598.3,4,115.3,1358.3,Automatic,Bensin,Liquid-cooled,69.3,442825.0,10596.0,2019,9.0,Boros
Roda4,City Car,1475.5,4,105.0,1057.4,Automatic,Bensin,Liquid-cooled,50.6,320133.0,13468.0,2022,13.0,Boros
Roda4,SUV,1665.2,4,107.8,1321.9,Automatic,Hybrid,Liquid-cooled,40.8,249844.0,13958.0,2026,11.7,Hemat
Roda4,SUV,1590.1,4,107.2,1240.4,DCT,Diesel,Liquid-cooled,27.8,536389.0,9441.0,2020,12.55,Hemat
Roda2,Matic,119.9,1,10.2,98.3,CVT,Bensin,Liquid-cooled,14.3,117493.0,12997.0,2023,41.57,Boros
Roda2,Matic,142.4,1,12.7,114.5,CVT,Bensin,Liquid-cooled,15.2,204363.0,13713.0,2025,35.88,Boros
Roda4,SUV,1647.7,4,109.2,1276.8,CVT,Hybrid,Liquid-cooled,84.6,410823.0,14467.0,2021,13.45,Hemat
Roda2,Bebek,125.5,1,10.2,99.0,Manual,Bensin,Air-cooled,78.4,110588.0,12587.0,2024,42.0,Boros
Roda4,SUV,1765.0,4,131.3,1468.3,CVT,Bensin,Liquid-cooled,55.9,321434.0,11901.0,2025,9.44,Boros
Roda4,MPV,1578.7,4,113.3,1353.0,Automatic,Bensin,Liquid-cooled,92.2,224197.0,11893.0,2018,9.0,Boros
Roda4,SUV,1899.0,4,144.6,1578.7,CVT,Hybrid,Liquid-cooled,30.8,239719.0,13991.0,2022,8.25,Boros
Roda4,SUV,1733.5,4,119.9,1468.5,CVT,Hybrid,Liquid-cooled,84.5,392838.0,14213.0,2016,9.6,Boros
Roda4,MPV,1696.9,4,127.8,1384.5,CVT,Diesel,Liquid-cooled,84.8,267996.0,9685.0,2026,9.44,Boros
Roda4,MPV,1337.0,4,87.2,1100.0,Manual,Bensin,Liquid-cooled,58.3,589474.0,10820.0,2026,13.11,Hemat
Roda2,Sport Besar,377.0,3,35.1,190.2,Manual,Bensin,Liquid-cooled,24.1,267426.0,12605.0,2021,19.73,Boros
Roda2,Matic,140.0,1,14.0,113.4,CVT,Bensin,Air-cooled,47.0,152807.0,11048.0,2015,35.0,Boros
Roda2,Bebek,136.9,1,10.4,104.8,Manual,Bensin,Air-cooled,68.1,269745.0,12230.0,2017,42.0,Boros
Roda2,Sport Besar,472.4,2,42.7,223.7,Manual,Bensin,Liquid-cooled,29.7,52564.0,13576.0,2019,16.0,Boros
Roda4,MPV,1578.8,4,110.5,1308.1,CVT,Diesel,Liquid-cooled,70.5,264837.0,12096.0,2017,10.7,Boros
Roda4,SUV,1511.4,4,100.0,1200.0,CVT,Diesel,Liquid-cooled,23.7,522358.0,12955.0,2025,14.35,Hemat
Roda4,SUV,1853.1,4,139.3,1487.3,Manual,Diesel,Liquid-cooled,32.1,147914.0,9979.0,2015,8.66,Boros
Roda4,City Car,1280.4,3,85.4,973.7,Automatic,Bensin,Liquid-cooled,70.0,579681.0,11062.0,2016,13.0,Boros
Roda4,SUV,1725.9,4,124.6,1379.4,DCT,Diesel,Liquid-cooled,51.9,380663.0,7040.0,2018,10.77,Boros
Roda2,Sport,215.3,2,24.0,149.2,Manual,Bensin,Liquid-cooled,65.8,196569.0,10989.0,2018,28.0,Boros
Roda4,SUV,1728.9,4,124.8,1364.9,DCT,Hybrid,Liquid-cooled,23.9,326331.0,14068.0,2017,12.39,Hemat
Roda2,Sport Besar,328.5,3,29.9,189.2,Manual,Bensin,Liquid-cooled,29.6,214246.0,12108.0,2025,16.0,Boros
Roda2,Bebek,108.3,1,7.0,95.9,Manual,Bensin,Air-cooled,29.4,295880.0,10549.0,2025,51.53,Hemat
Roda2,Matic,146.2,1,14.2,117.7,CVT,Bensin,Air-cooled,11.5,207084.0,12271.0,2018,35.0,Boros
Roda4,SUV,1902.6,4,138.6,1481.9,CVT,Bensin,Liquid-cooled,66.2,182176.0,11739.0,2019,8.03,Boros
Roda4,MPV,1632.2,4,114.0,1311.2,Manual,Diesel,Liquid-cooled,36.9,439320.0,9021.0,2024,10.1,Boros
Roda2,Matic,149.1,1,13.5,117.7,CVT,Bensin,Liquid-cooled,58.1,278325.0,12373.0,2023,36.21,Boros
Roda4,MPV,1626.4,4,118.6,1354.8,Manual,Bensin,Liquid-cooled,20.9,251237.0,10259.0,2026,9.91,Boros
Roda4,SUV,1764.7,4,117.9,1386.3,Manual,Diesel,Liquid-cooled,22.3,492737.0,10739.0,2026,8.24,Boros
Roda2,Bebek,115.0,1,8.5,95.9,Manual,Bensin,Air-cooled,12.3,194948.0,10649.0,2019,44.53,Boros
Roda2,Sport Besar,441.9,2,42.4,190.1,Manual,Bensin,Liquid-cooled,23.9,133874.0,13104.0,2024,18.56,Boros
Roda2,Matic,148.4,1,14.9,117.1,CVT,Bensin,Liquid-cooled,51.7,244288.0,11973.0,2019,35.08,Boros
Roda4,MPV,1740.2,4,127.0,1500.0,Automatic,Diesel,Liquid-cooled,47.0,180056.0,11943.0,2026,9.94,Boros
Roda4,City Car,1275.6,3,84.2,996.0,CVT,Bensin,Liquid-cooled,39.8,301327.0,12691.0,2022,14.26,Boros
Roda2,Sport,180.2,1,20.8,137.9,Manual,Bensin,Liquid-cooled,39.7,128406.0,13273.0,2022,31.94,Boros
Roda2,Sport,245.3,1,27.5,164.7,Manual,Bensin,Liquid-cooled,32.5,168630.0,12870.0,2017,28.0,Boros
Roda2,Matic,149.9,1,13.2,114.8,CVT,Bensin,Liquid-cooled,42.7,167389.0,11478.0,2022,35.0,Boros
Roda2,Sport,236.5,2,29.5,163.2,Manual,Bensin,Liquid-cooled,27.1,144587.0,13267.0,2026,28.0,Boros
Roda2,Sport,163.3,2,15.0,132.4,Manual,Bensin,Liquid-cooled,27.2,213744.0,10238.0,2019,36.63,Hemat
Roda4,City Car,1119.3,3,76.9,826.7,Automatic,Bensin,Liquid-cooled,23.7,395172.0,11638.0,2021,16.15,Hemat
Roda2,Sport Besar,298.1,2,25.0,177.4,Manual,Bensin,Liquid-cooled,12.1,191650.0,12335.0,2015,22.46,Hemat
Roda2,Bebek,101.7,1,7.5,92.6,Manual,Bensin,Air-cooled,65.7,198854.0,13458.0,2020,55.86,Hemat
Roda2,Bebek,101.9,1,7.0,91.0,Manual,Bensin,Air-cooled,37.2,257391.0,10521.0,2018,56.59,Hemat
Roda2,Sport Besar,614.5,3,65.5,245.6,Manual,Bensin,Liquid-cooled,15.9,76955.0,11166.0,2020,16.0,Boros
Roda2,Matic,151.5,1,14.9,114.0,CVT,Bensin,Liquid-cooled,79.1,206744.0,13508.0,2020,35.0,Boros
Roda4,SUV,1550.8,4,103.9,1265.3,CVT,Diesel,Liquid-cooled,37.3,144478.0,6807.0,2015,14.61,Hemat
Roda4,SUV,1759.0,4,117.8,1380.0,Manual,Diesel,Liquid-cooled,78.3,332386.0,6896.0,2016,11.18,Hemat
Roda2,Matic,118.1,1,11.6,102.2,CVT,Bensin,Liquid-cooled,46.0,167026.0,12888.0,2015,44.4,Hemat
Roda4,MPV,1797.2,4,129.0,1433.0,Automatic,Diesel,Liquid-cooled,32.6,315893.0,13137.0,2026,9.0,Boros
Roda2,Bebek,119.1,1,8.8,95.6,Manual,Bensin,Air-cooled,39.6,60506.0,12886.0,2025,47.91,Boros
Roda2,Sport,219.4,2,27.7,160.3,Manual,Bensin,Liquid-cooled,72.5,99313.0,12874.0,2026,28.0,Boros
Roda2,Sport,203.6,1,24.3,153.9,Manual,Bensin,Liquid-cooled,47.3,147927.0,12096.0,2025,28.0,Boros
Roda2,Sport Besar,520.6,3,58.4,211.7,Manual,Bensin,Liquid-cooled,59.9,94744.0,10066.0,2020,16.0,Boros
Roda2,Sport Besar,341.9,3,31.5,180.3,Manual,Bensin,Liquid-cooled,37.2,69877.0,11655.0,2017,19.45,Boros
Roda4,City Car,1064.9,3,69.2,800.0,CVT,Bensin,Liquid-cooled,73.0,148603.0,12404.0,2021,18.35,Hemat
Roda2,Matic,144.2,1,15.0,117.7,CVT,Bensin,Liquid-cooled,58.2,119528.0,11743.0,2026,35.0,Boros
Roda4,SUV,1924.1,4,146.0,1553.4,CVT,Diesel,Liquid-cooled,63.1,355835.0,6823.0,2016,8.8,Boros
Roda2,Bebek,118.1,1,9.4,97.6,Manual,Bensin,Air-cooled,33.9,279317.0,11586.0,2022,47.28,Boros
Roda2,Matic,140.7,1,12.3,110.9,CVT,Bensin,Liquid-cooled,55.0,148426.0,12050.0,2017,35.0,Boros
Roda4,City Car,1427.4,3,100.3,1065.5,CVT,Bensin,Liquid-cooled,30.4,211451.0,10787.0,2024,13.0,Boros
Roda2,Sport,234.4,2,25.3,163.6,Manual,Bensin,Liquid-cooled,10.2,113306.0,11087.0,2024,28.0,Boros
Roda2,Bebek,127.0,1,10.0,101.7,Manual,Bensin,Air-cooled,48.0,85231.0,13129.0,2026,42.27,Boros
Roda2,Sport Besar,251.8,3,25.8,167.2,Manual,Bensin,Liquid-cooled,76.7,177978.0,10545.0,2021,25.04,Hemat
Roda4,SUV,1668.8,4,123.2,1374.6,DCT,Diesel,Liquid-cooled,81.7,521410.0,11378.0,2022,12.19,Hemat
Roda4,City Car,1385.8,4,94.2,1080.6,CVT,Bensin,Liquid-cooled,24.1,159528.0,10127.0,2022,13.11,Boros
Roda2,Sport,214.8,1,25.5,160.7,Manual,Bensin,Liquid-cooled,14.5,290979.0,12435.0,2021,28.0,Boros
Roda2,Matic,130.1,1,11.9,108.2,CVT,Bensin,Liquid-cooled,62.4,287424.0,11948.0,2023,36.66,Boros
Roda2,Matic,138.0,1,13.6,109.2,CVT,Bensin,Liquid-cooled,33.2,138985.0,10163.0,2018,35.0,Boros
Roda2,Matic,139.3,1,13.8,115.6,CVT,Bensin,Air-cooled,79.5,81796.0,10282.0,2022,35.0,Boros
Roda4,MPV,1673.3,4,115.5,1347.4,Manual,Diesel,Liquid-cooled,97.6,277703.0,6894.0,2016,9.0,Boros
Roda2,Matic,130.3,1,10.7,102.7,CVT,Bensin,Liquid-cooled,15.5,247030.0,13258.0,2024,43.5,Hemat
Roda2,Matic,155.0,1,14.9,120.9,CVT,Bensin,Liquid-cooled,14.0,219418.0,11280.0,2016,35.0,Boros
Roda4,City Car,1337.0,3,89.0,1027.3,CVT,Bensin,Liquid-cooled,61.6,597364.0,10814.0,2016,13.0,Boros
Roda4,MPV,1757.8,4,124.3,1500.0,Automatic,Diesel,Liquid-cooled,29.9,223145.0,7929.0,2025,9.0,Boros
Roda4,SUV,1907.8,4,150.0,1527.2,DCT,Bensin,Liquid-cooled,67.8,135690.0,12391.0,2025,8.0,Boros
Roda4,City Car,1290.6,4,85.8,977.2,Automatic,Bensin,Liquid-cooled,42.4,316522.0,10349.0,2017,13.0,Boros
Roda4,SUV,1618.4,4,115.4,1279.3,Manual,Bensin,Liquid-cooled,83.5,161506.0,13877.0,2016,10.43,Boros
Roda2,Sport,168.7,1,17.3,130.8,Manual,Bensin,Liquid-cooled,55.3,208747.0,10562.0,2020,37.11,Hemat
Roda2,Bebek,110.0,1,7.7,94.1,Manual,Bensin,Air-cooled,31.4,181125.0,12542.0,2017,42.0,Boros
Roda4,SUV,1860.7,4,137.0,1528.5,DCT,Diesel,Liquid-cooled,16.4,571243.0,9103.0,2020,8.04,Boros
Roda2,Matic,126.7,1,11.1,106.0,CVT,Bensin,Liquid-cooled,24.0,252754.0,10613.0,2023,41.32,Boros
Roda2,Sport,212.1,2,23.6,159.2,Manual,Bensin,Liquid-cooled,29.6,104383.0,10998.0,2020,28.0,Boros
Roda2,Matic,154.5,1,14.2,125.0,CVT,Bensin,Liquid-cooled,20.9,101611.0,12681.0,2025,35.0,Boros
Roda4,MPV,1463.4,4,98.9,1200.9,Manual,Diesel,Liquid-cooled,60.6,526736.0,13026.0,2020,13.76,Hemat
Roda4,SUV,1706.3,4,131.7,1309.6,CVT,Diesel,Liquid-cooled,61.0,482295.0,9027.0,2024,11.78,Hemat
Roda4,SUV,1603.0,4,111.5,1215.4,DCT,Hybrid,Liquid-cooled,44.5,520629.0,14028.0,2026,13.63,Hemat
Roda4,MPV,1755.9,4,129.7,1500.0,Manual,Bensin,Liquid-cooled,25.3,430253.0,11169.0,2017,9.0,Boros
Roda2,Sport,173.2,1,17.6,126.4,Manual,Bensin,Liquid-cooled,35.7,218223.0,10924.0,2022,31.77,Boros
Roda4,SUV,1907.6,4,136.2,1546.2,Manual,Diesel,Liquid-cooled,37.6,174346.0,12993.0,2022,8.0,Boros
Roda2,Matic,131.7,1,12.3,106.1,CVT,Bensin,Liquid-cooled,17.3,58468.0,12925.0,2021,35.0,Boros
Roda2,Matic,159.2,1,16.0,115.2,CVT,Bensin,Air-cooled,12.2,214199.0,12380.0,2024,35.0,Boros
Roda2,Bebek,130.8,1,10.0,101.8,Manual,Bensin,Air-cooled,78.9,102274.0,10508.0,2015,42.0,Boros
Roda4,City Car,1114.7,4,72.7,870.7,Automatic,Bensin,Liquid-cooled,65.4,148010.0,13157.0,2019,17.66,Hemat
Roda2,Bebek,137.1,1,10.1,104.3,Manual,Bensin,Air-cooled,72.7,254507.0,10986.0,2016,42.0,Boros
Roda4,MPV,1424.0,4,96.7,1226.4,Automatic,Diesel,Liquid-cooled,73.8,278439.0,9212.0,2024,14.2,Hemat
Roda4,MPV,1670.5,4,108.8,1317.0,Manual,Bensin,Liquid-cooled,57.0,413383.0,10621.0,2026,9.67,Boros
Roda2,Sport Besar,394.0,2,34.3,192.1,Manual,Bensin,Liquid-cooled,32.8,172709.0,12319.0,2018,18.11,Boros
Roda4,SUV,1517.4,4,101.7,1200.0,Manual,Diesel,Liquid-cooled,75.0,262028.0,8864.0,2016,15.81,Hemat
Roda4,SUV,1979.9,4,148.6,1593.7,Manual,Diesel,Liquid-cooled,89.0,581407.0,10783.0,2015,8.0,Boros
Roda2,Sport Besar,547.2,2,53.3,222.8,Manual,Bensin,Liquid-cooled,31.0,64042.0,11852.0,2023,16.0,Boros
Roda2,Bebek,145.9,1,10.2,107.5,Manual,Bensin,Air-cooled,19.9,94097.0,11944.0,2025,42.0,Boros
Roda4,MPV,1767.6,4,126.0,1459.3,Automatic,Diesel,Liquid-cooled,49.6,180504.0,7375.0,2024,9.44,Boros
Roda2,Matic,125.9,1,11.8,108.6,CVT,Bensin,Liquid-cooled,13.9,294431.0,13083.0,2019,38.25,Boros
Roda2,Sport Besar,436.6,2,43.4,217.0,Manual,Bensin,Liquid-cooled,13.9,59951.0,12015.0,2026,19.53,Boros
Roda2,Sport Besar,250.6,4,25.0,174.3,Manual,Bensin,Liquid-cooled,42.2,290797.0,10835.0,2015,25.34,Hemat
Roda4,MPV,1525.7,4,100.2,1263.0,CVT,Bensin,Liquid-cooled,74.8,494300.0,12904.0,2024,9.97,Boros
Roda4,City Car,1285.3,4,92.8,1010.0,Automatic,Bensin,Liquid-cooled,58.5,508551.0,12551.0,2015,13.0,Boros
Roda2,Matic,145.2,1,13.7,117.7,CVT,Bensin,Air-cooled,23.2,239747.0,10355.0,2019,35.0,Boros
Roda4,SUV,1504.5,4,100.0,1200.0,Manual,Bensin,Liquid-cooled,87.6,427697.0,10624.0,2026,13.21,Hemat
Roda4,City Car,1086.0,4,69.2,867.8,Automatic,Bensin,Liquid-cooled,57.0,285450.0,13531.0,2022,16.86,Hemat
Roda4,City Car,1363.3,4,94.0,997.9,Automatic,Bensin,Liquid-cooled,20.5,135028.0,12321.0,2026,13.0,Boros
Roda2,Sport Besar,477.8,4,49.3,197.7,Manual,Bensin,Liquid-cooled,53.7,190665.0,12093.0,2015,16.0,Boros
Roda2,Matic,147.8,1,13.7,122.0,CVT,Bensin,Air-cooled,79.0,66042.0,12371.0,2019,35.0,Boros
Roda2,Bebek,122.5,1,10.1,99.4,Manual,Bensin,Air-cooled,53.8,252067.0,10269.0,2024,42.0,Boros
Roda4,SUV,1907.6,4,141.7,1468.1,CVT,Hybrid,Liquid-cooled,95.9,431738.0,14172.0,2018,9.26,Boros
Roda4,SUV,1742.7,4,120.6,1421.8,DCT,Diesel,Liquid-cooled,56.5,180028.0,6978.0,2019,9.87,Boros
Roda4,SUV,1851.3,4,137.0,1431.2,Manual,Hybrid,Liquid-cooled,41.1,407208.0,14430.0,2018,8.12,Boros
Roda2,Sport,157.5,1,16.4,131.5,Manual,Bensin,Liquid-cooled,42.2,276703.0,13401.0,2020,39.58,Hemat
Roda4,MPV,1597.9,4,120.5,1329.6,CVT,Bensin,Liquid-cooled,31.4,216738.0,12199.0,2019,10.24,Boros
Roda4,MPV,1696.4,4,120.2,1387.4,Automatic,Bensin,Liquid-cooled,69.3,285418.0,11217.0,2024,9.0,Boros
Roda4,MPV,1658.3,4,114.7,1402.7,CVT,Bensin,Liquid-cooled,19.3,353933.0,13275.0,2018,9.0,Boros
Roda4,MPV,1532.0,4,110.4,1289.6,Manual,Bensin,Liquid-cooled,90.1,413854.0,12079.0,2023,10.23,Boros
Roda4,MPV,1505.3,4,102.6,1214.8,Automatic,Diesel,Liquid-cooled,18.1,267361.0,9926.0,2021,13.74,Hemat
Roda4,City Car,1462.2,3,105.0,1087.9,Automatic,Bensin,Liquid-cooled,24.8,205631.0,10380.0,2024,13.0,Boros
Roda2,Bebek,133.3,1,10.2,106.2,Manual,Bensin,Air-cooled,27.4,226365.0,11668.0,2024,44.35,Boros
Roda2,Matic,113.9,1,9.0,97.0,CVT,Bensin,Liquid-cooled,61.2,175292.0,11439.0,2015,48.15,Hemat
Roda4,MPV,1470.6,4,110.1,1213.0,Automatic,Diesel,Liquid-cooled,51.6,472289.0,11835.0,2024,12.35,Hemat
Roda4,SUV,1564.6,4,100.0,1221.8,CVT,Hybrid,Liquid-cooled,25.0,421879.0,13934.0,2026,15.0,Hemat
Roda2,Sport Besar,390.3,3,35.6,197.5,Manual,Bensin,Liquid-cooled,25.3,214387.0,11176.0,2023,20.66,Boros
Roda2,Sport Besar,466.1,2,45.3,205.4,Manual,Bensin,Liquid-cooled,17.4,107760.0,12910.0,2022,16.94,Boros
Roda2,Sport,247.1,2,30.0,165.4,Manual,Bensin,Liquid-cooled,16.6,227450.0,10858.0,2021,28.0,Boros
Roda4,City Car,1029.8,4,65.0,846.5,CVT,Bensin,Liquid-cooled,27.3,409687.0,10872.0,2019,18.35,Hemat
Roda4,SUV,1965.3,4,149.0,1550.5,Automatic,Bensin,Liquid-cooled,80.0,185329.0,13153.0,2026,8.0,Boros
Roda4,SUV,1502.8,4,100.9,1200.0,Manual,Diesel,Liquid-cooled,81.0,176044.0,9373.0,2017,13.48,Hemat
Roda2,Sport Besar,286.9,2,25.0,175.1,Manual,Bensin,Liquid-cooled,68.4,171385.0,13778.0,2015,23.69,Hemat
Roda4,City Car,1437.9,3,100.5,1081.7,CVT,Bensin,Liquid-cooled,36.5,248645.0,12080.0,2016,13.0,Boros
Roda4,MPV,1686.0,4,119.2,1407.6,Automatic,Bensin,Liquid-cooled,36.3,541616.0,11293.0,2017,9.0,Boros
Roda4,MPV,1475.2,4,100.3,1242.3,Manual,Diesel,Liquid-cooled,83.9,461970.0,12758.0,2024,13.9,Hemat
Roda2,Matic,157.0,1,14.7,125.0,CVT,Bensin,Air-cooled,23.4,188210.0,10988.0,2015,35.0,Boros
Roda4,SUV,1796.2,4,129.8,1452.1,CVT,Diesel,Liquid-cooled,49.0,197046.0,10220.0,2018,8.42,Boros
Roda2,Matic,148.2,1,13.5,117.0,CVT,Bensin,Air-cooled,50.8,67380.0,10186.0,2022,35.0,Boros
Roda4,SUV,1805.1,4,135.0,1459.3,Manual,Diesel,Liquid-cooled,63.9,249518.0,12873.0,2015,8.0,Boros
Roda4,SUV,1719.6,4,122.0,1403.6,Manual,Diesel,Liquid-cooled,40.4,532946.0,7148.0,2015,9.65,Boros
Roda4,MPV,1353.1,4,88.6,1111.2,Automatic,Diesel,Liquid-cooled,97.4,549769.0,10427.0,2025,15.1,Hemat
Roda2,Matic,137.1,1,12.9,108.1,CVT,Bensin,Liquid-cooled,27.8,270933.0,12190.0,2018,35.0,Boros
Roda2,Matic,117.1,1,11.2,100.7,CVT,Bensin,Liquid-cooled,74.4,251382.0,10550.0,2019,50.07,Hemat
Roda2,Sport,181.2,2,19.1,138.9,Manual,Bensin,Liquid-cooled,36.5,281082.0,12406.0,2025,36.14,Hemat
Roda4,SUV,1562.1,4,100.7,1226.5,CVT,Hybrid,Liquid-cooled,87.1,281680.0,14084.0,2015,14.52,Hemat
Roda2,Matic,114.8,1,9.9,97.9,CVT,Bensin,Liquid-cooled,37.8,131176.0,13828.0,2026,48.77,Hemat
Roda2,Bebek,111.3,1,7.3,95.1,Manual,Bensin,Air-cooled,58.4,115438.0,12435.0,2023,53.13,Hemat
Roda2,Bebek,119.4,1,8.8,95.6,Manual,Bensin,Air-cooled,28.2,240072.0,10535.0,2020,42.0,Boros
Roda2,Matic,146.9,1,14.2,120.6,CVT,Bensin,Liquid-cooled,53.8,146178.0,10519.0,2017,35.0,Boros
Roda2,Matic,151.7,1,14.5,120.6,CVT,Bensin,Liquid-cooled,54.1,187883.0,13166.0,2025,35.0,Boros
Roda2,Sport Besar,403.3,3,42.6,202.0,Manual,Bensin,Liquid-cooled,31.1,124764.0,12180.0,2022,20.4,Boros
Roda4,SUV,1902.1,4,137.2,1535.1,Automatic,Bensin,Liquid-cooled,82.3,172572.0,10832.0,2022,8.0,Boros
Roda2,Matic,132.7,1,11.7,105.0,CVT,Bensin,Air-cooled,27.3,176614.0,13293.0,2026,47.59,Hemat
Roda2,Bebek,120.3,1,10.2,98.1,Manual,Bensin,Air-cooled,14.1,117916.0,10405.0,2022,47.22,Boros
Roda4,MPV,1437.3,4,92.0,1201.1,CVT,Diesel,Liquid-cooled,50.7,104902.0,7793.0,2017,15.12,Hemat
Roda4,SUV,1690.8,4,110.9,1327.4,Manual,Hybrid,Liquid-cooled,26.5,444234.0,13919.0,2025,12.39,Hemat
Roda2,Matic,118.4,1,10.2,99.4,CVT,Bensin,Liquid-cooled,29.3,223382.0,11662.0,2020,49.1,Hemat
Roda2,Bebek,106.5,1,7.6,93.6,Manual,Bensin,Air-cooled,71.9,160506.0,11290.0,2025,62.64,Hemat
Roda4,MPV,1624.3,4,112.9,1412.4,Automatic,Bensin,Liquid-cooled,39.7,498069.0,10411.0,2016,9.34,Boros
Roda4,SUV,1925.0,4,143.5,1522.2,Automatic,Hybrid,Liquid-cooled,29.1,525248.0,14491.0,2025,8.0,Boros
Roda4,MPV,1652.7,4,117.9,1389.0,CVT,Diesel,Liquid-cooled,18.4,256581.0,10068.0,2024,10.54,Boros
Roda4,City Car,1367.7,4,93.6,1000.0,Manual,Bensin,Liquid-cooled,94.1,343395.0,11579.0,2025,13.0,Boros
Roda2,Matic,134.7,1,12.0,103.5,CVT,Bensin,Liquid-cooled,65.1,64095.0,11441.0,2015,36.05,Boros
Roda2,Matic,116.0,1,9.9,96.6,CVT,Bensin,Air-cooled,32.9,207124.0,10673.0,2022,46.3,Hemat
Roda4,City Car,1360.1,4,93.7,1033.3,Automatic,Bensin,Liquid-cooled,44.8,341688.0,13248.0,2020,13.0,Boros
Roda4,SUV,1802.1,4,124.6,1423.7,DCT,Diesel,Liquid-cooled,94.0,468818.0,8821.0,2023,10.68,Boros
Roda4,MPV,1316.9,4,92.9,1100.0,CVT,Diesel,Liquid-cooled,78.9,560644.0,8875.0,2022,16.03,Hemat
Roda4,MPV,1641.1,4,111.2,1421.2,Manual,Bensin,Liquid-cooled,33.8,200708.0,10395.0,2024,9.0,Boros
Roda2,Sport,221.3,1,27.5,154.2,Manual,Bensin,Liquid-cooled,77.1,194370.0,11882.0,2025,28.0,Boros
Roda2,Matic,127.4,1,11.0,104.7,CVT,Bensin,Liquid-cooled,37.5,271604.0,11988.0,2016,36.89,Boros
Roda2,Sport,226.4,2,26.3,164.5,Manual,Bensin,Liquid-cooled,28.3,283693.0,11601.0,2017,28.0,Boros
Roda2,Sport Besar,554.2,4,57.9,220.3,Manual,Bensin,Liquid-cooled,78.7,122966.0,13523.0,2019,16.0,Boros
Roda4,SUV,1618.6,4,112.4,1207.4,DCT,Diesel,Liquid-cooled,42.4,277658.0,11798.0,2017,13.27,Hemat
Roda4,SUV,1663.0,4,111.5,1338.0,Manual,Bensin,Liquid-cooled,63.2,353162.0,12789.0,2017,9.57,Boros
Roda4,SUV,1857.9,4,140.0,1469.8,Manual,Hybrid,Liquid-cooled,92.1,441574.0,14128.0,2020,8.0,Boros
Roda4,City Car,1297.2,4,97.7,973.3,Automatic,Bensin,Liquid-cooled,80.0,351146.0,11806.0,2019,13.0,Boros
Roda2,Sport Besar,427.4,2,49.0,201.7,Manual,Bensin,Liquid-cooled,69.2,173191.0,13228.0,2019,16.0,Boros
Roda4,SUV,1917.4,4,141.7,1571.0,Automatic,Bensin,Liquid-cooled,75.8,409303.0,10293.0,2017,8.0,Boros
Roda4,MPV,1550.4,4,103.5,1304.3,Automatic,Diesel,Liquid-cooled,63.5,195968.0,13054.0,2015,11.06,Boros
Roda4,MPV,1489.7,4,98.0,1248.0,Manual,Diesel,Liquid-cooled,41.7,231056.0,10787.0,2018,14.31,Hemat
Roda2,Matic,132.3,1,11.8,102.1,CVT,Bensin,Air-cooled,37.5,288866.0,11709.0,2024,47.33,Hemat
Roda2,Matic,115.6,1,9.1,102.7,CVT,Bensin,Air-cooled,42.9,208092.0,11681.0,2022,45.64,Hemat
Roda4,MPV,1534.2,4,104.0,1292.5,CVT,Bensin,Liquid-cooled,96.4,379575.0,12587.0,2023,11.38,Boros
Roda2,Bebek,122.3,1,9.4,97.8,Manual,Bensin,Air-cooled,62.6,252987.0,13688.0,2021,46.98,Boros
Roda2,Matic,134.4,1,11.9,104.3,CVT,Bensin,Liquid-cooled,72.1,52741.0,13457.0,2017,35.0,Boros
Roda4,MPV,1365.8,4,92.4,1177.5,CVT,Bensin,Liquid-cooled,91.8,574695.0,13237.0,2020,13.44,Hemat
Roda2,Sport,247.5,1,30.0,170.0,Manual,Bensin,Liquid-cooled,41.6,89780.0,11208.0,2020,28.0,Boros
Roda2,Matic,121.9,1,10.1,99.8,CVT,Bensin,Air-cooled,21.9,190464.0,10302.0,2016,45.52,Hemat
Roda4,MPV,1312.3,4,86.1,1165.4,Automatic,Bensin,Liquid-cooled,96.2,318579.0,10549.0,2025,12.63,Hemat
Roda2,Sport,243.5,1,28.2,170.0,Manual,Bensin,Liquid-cooled,74.5,152310.0,11105.0,2020,28.0,Boros
Roda2,Matic,157.2,1,15.5,125.0,CVT,Bensin,Liquid-cooled,11.2,181343.0,13205.0,2023,35.0,Boros
Roda4,SUV,1682.3,4,124.3,1384.2,Automatic,Hybrid,Liquid-cooled,57.3,367609.0,14264.0,2021,9.91,Boros
Roda2,Matic,118.3,1,11.1,99.9,CVT,Bensin,Air-cooled,47.0,226269.0,13300.0,2019,48.07,Hemat
Roda4,SUV,1617.7,4,107.5,1313.9,Manual,Hybrid,Liquid-cooled,61.9,482677.0,14415.0,2025,14.87,Hemat
Roda4,SUV,1824.0,4,134.9,1444.3,Manual,Hybrid,Liquid-cooled,51.1,519912.0,14156.0,2020,9.29,Boros
Roda2,Matic,155.9,1,16.0,124.8,CVT,Bensin,Liquid-cooled,64.2,116204.0,13641.0,2019,35.0,Boros
Roda2,Sport Besar,371.3,4,40.8,191.8,Manual,Bensin,Liquid-cooled,72.3,77523.0,12786.0,2017,20.83,Boros
Roda4,City Car,1075.1,3,72.2,825.3,CVT,Bensin,Liquid-cooled,28.8,290149.0,10931.0,2021,16.76,Hemat
Roda4,MPV,1580.0,4,121.2,1362.2,Manual,Bensin,Liquid-cooled,42.4,216319.0,10602.0,2017,9.0,Boros
Roda2,Matic,141.1,1,13.5,114.4,CVT,Bensin,Air-cooled,48.7,194612.0,11664.0,2017,35.0,Boros
Roda4,SUV,1864.1,4,132.9,1523.8,DCT,Diesel,Liquid-cooled,85.0,106252.0,12338.0,2023,8.88,Boros
Roda4,SUV,1880.1,4,138.7,1545.1,Automatic,Hybrid,Liquid-cooled,47.8,517997.0,14073.0,2017,8.15,Boros
Roda2,Bebek,118.4,1,8.6,97.2,Manual,Bensin,Air-cooled,12.4,269796.0,10949.0,2020,42.23,Boros
Roda2,Matic,117.2,1,10.7,97.1,CVT,Bensin,Air-cooled,79.5,156276.0,10686.0,2021,41.57,Boros
Roda4,SUV,1802.7,4,129.8,1486.0,Automatic,Diesel,Liquid-cooled,80.4,261711.0,10654.0,2017,9.42,Boros
Roda2,Matic,150.0,1,13.5,119.4,CVT,Bensin,Liquid-cooled,35.3,54367.0,10750.0,2021,35.0,Boros
Roda4,MPV,1313.7,4,85.0,1107.6,CVT,Bensin,Liquid-cooled,84.8,458551.0,10276.0,2022,13.9,Hemat
Roda4,MPV,1374.7,4,93.6,1124.7,CVT,Bensin,Liquid-cooled,74.1,208565.0,11136.0,2021,14.28,Hemat
Roda4,City Car,1154.0,3,80.0,896.6,CVT,Bensin,Liquid-cooled,35.7,504239.0,12421.0,2017,17.42,Hemat
Roda2,Matic,149.0,1,14.0,117.0,CVT,Bensin,Liquid-cooled,19.9,212022.0,13366.0,2020,35.0,Boros
Roda2,Matic,126.9,1,11.0,105.1,CVT,Bensin,Liquid-cooled,17.8,86937.0,11670.0,2022,40.89,Boros
Roda2,Matic,153.4,1,14.6,120.3,CVT,Bensin,Liquid-cooled,58.6,77950.0,12205.0,2018,35.0,Boros
Roda4,MPV,1319.5,4,85.0,1100.0,Manual,Diesel,Liquid-cooled,31.1,501654.0,8071.0,2023,15.85,Hemat
Roda2,Bebek,128.9,1,10.4,100.7,Manual,Bensin,Air-cooled,63.8,158590.0,11741.0,2019,42.0,Boros
Roda2,Sport,165.2,1,17.1,127.3,Manual,Bensin,Liquid-cooled,18.3,287430.0,13538.0,2025,35.01,Hemat
Roda4,MPV,1673.1,4,119.5,1368.4,Automatic,Bensin,Liquid-cooled,63.3,155595.0,12067.0,2019,9.25,Boros
Roda2,Matic,116.2,1,11.1,95.0,CVT,Bensin,Air-cooled,18.0,270940.0,10777.0,2023,48.04,Hemat
Roda4,SUV,1543.6,4,100.0,1219.3,Automatic,Bensin,Liquid-cooled,98.0,237373.0,12022.0,2015,11.8,Hemat
Roda4,SUV,1603.5,4,112.2,1319.4,CVT,Hybrid,Liquid-cooled,48.2,584102.0,14294.0,2023,13.07,Hemat
Roda2,Sport,208.6,2,23.7,143.6,Manual,Bensin,Liquid-cooled,73.4,191793.0,10846.0,2022,28.0,Boros
Roda2,Matic,121.0,1,9.5,97.5,CVT,Bensin,Liquid-cooled,75.2,229316.0,12982.0,2023,45.79,Hemat
Roda4,MPV,1781.4,4,130.0,1455.8,CVT,Bensin,Liquid-cooled,82.5,166006.0,12398.0,2019,9.0,Boros
Roda4,SUV,1739.9,4,120.5,1379.9,CVT,Bensin,Liquid-cooled,25.3,231096.0,13263.0,2025,9.97,Boros
Roda4,MPV,1559.3,4,105.7,1305.9,CVT,Diesel,Liquid-cooled,42.2,225777.0,12802.0,2017,9.33,Boros
Roda4,MPV,1716.6,4,119.6,1452.8,CVT,Bensin,Liquid-cooled,88.9,132975.0,13849.0,2023,9.0,Boros
Roda2,Matic,136.0,1,12.9,109.8,CVT,Bensin,Liquid-cooled,33.8,226987.0,12174.0,2015,39.62,Boros
Roda2,Sport,171.3,1,19.1,131.9,Manual,Bensin,Liquid-cooled,62.8,59208.0,11536.0,2023,34.29,Hemat
Roda2,Bebek,107.4,1,8.4,91.7,Manual,Bensin,Air-cooled,26.3,151331.0,11050.0,2019,46.95,Boros
Roda2,Matic,156.4,1,14.0,124.2,CVT,Bensin,Liquid-cooled,34.5,235452.0,12951.0,2022,35.0,Boros
Roda4,SUV,1857.2,4,139.7,1495.6,CVT,Diesel,Liquid-cooled,63.4,438289.0,9007.0,2017,8.0,Boros
Roda4,SUV,1543.2,4,107.5,1228.6,DCT,Hybrid,Liquid-cooled,65.5,506809.0,14415.0,2026,14.34,Hemat
Roda2,Sport Besar,444.2,3,47.9,200.3,Manual,Bensin,Liquid-cooled,19.8,235399.0,10403.0,2024,22.22,Hemat
Roda4,MPV,1754.0,4,122.2,1456.4,Manual,Bensin,Liquid-cooled,30.1,131977.0,12788.0,2022,9.0,Boros
Roda2,Sport,223.6,2,23.9,159.2,Manual,Bensin,Liquid-cooled,21.7,112429.0,10525.0,2023,28.0,Boros
Roda4,City Car,1308.4,4,90.1,1015.8,CVT,Bensin,Liquid-cooled,29.8,114409.0,12485.0,2020,13.0,Boros
Roda2,Sport Besar,518.3,4,65.4,209.5,Manual,Bensin,Liquid-cooled,57.2,144612.0,10780.0,2025,16.0,Boros
Roda4,MPV,1647.0,4,114.9,1399.6,CVT,Bensin,Liquid-cooled,41.8,349793.0,10158.0,2019,9.0,Boros
Roda4,SUV,1669.7,4,115.0,1295.8,DCT,Diesel,Liquid-cooled,18.8,355388.0,10672.0,2023,11.87,Hemat
Roda2,Sport,249.6,1,28.8,166.9,Manual,Bensin,Liquid-cooled,40.6,287461.0,11494.0,2022,28.0,Boros
Roda2,Sport,159.8,2,17.5,120.0,Manual,Bensin,Liquid-cooled,12.0,188327.0,12654.0,2018,33.47,Hemat
Roda4,MPV,1449.2,4,100.7,1169.3,Manual,Bensin,Liquid-cooled,70.2,531500.0,13269.0,2015,11.42,Boros
Roda4,SUV,1909.6,4,134.8,1534.9,Automatic,Diesel,Liquid-cooled,28.0,449358.0,11344.0,2019,8.0,Boros
Roda4,MPV,1351.6,4,89.7,1109.9,Automatic,Bensin,Liquid-cooled,52.4,424671.0,10950.0,2016,10.85,Boros
Roda2,Sport Besar,457.0,2,50.5,200.9,Manual,Bensin,Liquid-cooled,42.2,52092.0,12460.0,2017,17.69,Boros
Roda4,SUV,1864.1,4,133.9,1523.2,Manual,Bensin,Liquid-cooled,27.2,351985.0,13483.0,2022,8.0,Boros
Roda4,MPV,1650.8,4,113.9,1351.8,Automatic,Bensin,Liquid-cooled,93.8,444401.0,11846.0,2024,9.0,Boros
Roda4,SUV,1743.9,4,121.1,1487.5,Automatic,Bensin,Liquid-cooled,40.6,241849.0,11085.0,2019,8.0,Boros
Roda2,Sport,231.8,2,27.4,159.7,Manual,Bensin,Liquid-cooled,68.7,180571.0,12155.0,2022,28.0,Boros
Roda4,MPV,1578.5,4,109.8,1295.4,Manual,Bensin,Liquid-cooled,49.6,528386.0,12213.0,2024,9.67,Boros
Roda4,MPV,1373.7,4,88.0,1203.3,CVT,Bensin,Liquid-cooled,58.4,239821.0,11501.0,2018,12.6,Hemat
Roda2,Matic,156.3,1,15.5,125.0,CVT,Bensin,Liquid-cooled,60.8,80250.0,10658.0,2020,35.0,Boros
Roda4,City Car,1168.3,4,75.6,942.9,Automatic,Bensin,Liquid-cooled,62.7,296459.0,10668.0,2024,14.38,Boros
Roda2,Matic,111.2,1,9.0,95.1,CVT,Bensin,Liquid-cooled,27.3,221290.0,12747.0,2022,53.65,Hemat
Roda2,Sport,237.6,1,26.3,161.5,Manual,Bensin,Liquid-cooled,75.7,52727.0,10022.0,2015,28.0,Boros
Roda4,City Car,1498.8,4,103.4,1077.0,Automatic,Bensin,Liquid-cooled,82.9,294592.0,10190.0,2020,13.0,Boros
Roda2,Matic,135.9,1,12.0,110.6,CVT,Bensin,Air-cooled,47.4,144588.0,12972.0,2017,36.53,Boros
Roda4,MPV,1476.0,4,97.8,1120.7,Automatic,Diesel,Liquid-cooled,87.2,298897.0,9308.0,2019,10.5,Boros
Roda4,MPV,1371.9,4,94.1,1138.9,Manual,Bensin,Liquid-cooled,80.7,390881.0,11707.0,2022,12.99,Hemat
Roda2,Bebek,128.0,1,10.6,103.1,Manual,Bensin,Air-cooled,52.2,55733.0,11256.0,2016,42.0,Boros
Roda2,Matic,125.4,1,11.9,107.0,CVT,Bensin,Liquid-cooled,50.1,263407.0,10944.0,2023,39.17,Boros
Roda2,Matic,114.4,1,9.4,95.4,CVT,Bensin,Air-cooled,13.8,116443.0,12008.0,2026,51.52,Hemat
Roda4,MPV,1564.1,4,109.1,1294.3,CVT,Bensin,Liquid-cooled,41.5,529257.0,10186.0,2022,9.41,Boros
Roda2,Matic,152.7,1,14.4,122.7,CVT,Bensin,Liquid-cooled,68.8,195445.0,11261.0,2017,35.0,Boros
Roda2,Matic,113.2,1,9.0,95.0,CVT,Bensin,Liquid-cooled,50.5,200591.0,12292.0,2025,53.05,Hemat
Roda2,Bebek,108.2,1,8.2,94.7,Manual,Bensin,Air-cooled,75.3,81308.0,11490.0,2017,47.65,Boros
Roda2,Matic,139.0,1,12.7,110.2,CVT,Bensin,Liquid-cooled,36.1,230166.0,12164.0,2026,43.88,Hemat
Roda4,City Car,1249.3,3,78.3,977.5,Manual,Bensin,Liquid-cooled,53.1,230391.0,13547.0,2015,13.51,Boros
Roda2,Matic,153.8,1,15.0,121.7,CVT,Bensin,Liquid-cooled,39.0,275837.0,11415.0,2020,35.0,Boros
Roda4,MPV,1361.8,4,88.8,1149.6,Manual,Bensin,Liquid-cooled,74.6,442400.0,12081.0,2018,12.09,Hemat
Roda2,Sport,248.0,1,29.1,170.0,Manual,Bensin,Liquid-cooled,32.5,69330.0,11779.0,2019,28.0,Boros
Roda2,Sport Besar,339.9,4,41.2,186.3,Manual,Bensin,Liquid-cooled,38.2,186832.0,12881.0,2024,23.94,Hemat
Roda2,Matic,135.9,1,13.7,114.6,CVT,Bensin,Liquid-cooled,13.2,283360.0,12751.0,2021,35.0,Boros
Roda2,Matic,117.9,1,11.3,99.4,CVT,Bensin,Air-cooled,44.3,220389.0,10334.0,2017,45.07,Hemat
Roda4,MPV,1755.6,4,128.4,1477.6,CVT,Bensin,Liquid-cooled,81.0,353964.0,13705.0,2025,9.0,Boros
Roda4,SUV,1852.4,4,136.2,1473.1,Manual,Hybrid,Liquid-cooled,34.2,433734.0,14215.0,2020,9.69,Boros
Roda2,Bebek,118.6,1,8.5,98.2,Manual,Bensin,Air-cooled,25.1,219453.0,12370.0,2020,47.69,Boros
Roda2,Sport,221.3,2,24.0,154.0,Manual,Bensin,Liquid-cooled,51.0,110716.0,10648.0,2022,28.0,Boros
Roda2,Matic,134.0,1,11.8,108.5,CVT,Bensin,Air-cooled,11.1,78791.0,10975.0,2024,35.0,Boros
Roda4,SUV,1508.0,4,104.0,1232.8,Manual,Diesel,Liquid-cooled,16.1,347603.0,8422.0,2025,12.71,Hemat
Roda2,Sport,159.4,1,15.1,126.1,Manual,Bensin,Liquid-cooled,40.3,60516.0,10541.0,2019,32.42,Boros
Roda2,Matic,151.1,1,15.8,115.6,CVT,Bensin,Liquid-cooled,71.9,197534.0,10939.0,2018,35.0,Boros
Roda2,Sport Besar,332.5,2,36.7,173.7,Manual,Bensin,Liquid-cooled,64.4,227539.0,10802.0,2026,22.99,Hemat
Roda4,SUV,1994.3,4,150.0,1562.2,Automatic,Hybrid,Liquid-cooled,67.0,558155.0,14456.0,2022,8.0,Boros
Roda4,City Car,1196.5,4,83.3,929.3,Automatic,Bensin,Liquid-cooled,89.1,241457.0,10957.0,2019,14.91,Boros
Roda2,Matic,156.8,1,15.5,119.7,CVT,Bensin,Liquid-cooled,13.2,100504.0,13089.0,2022,35.0,Boros
Roda4,MPV,1418.2,4,93.6,1204.1,CVT,Diesel,Liquid-cooled,98.6,142846.0,11186.0,2019,15.81,Hemat
Roda2,Sport,240.4,1,29.3,164.6,Manual,Bensin,Liquid-cooled,14.1,150307.0,13198.0,2017,28.0,Boros
Roda4,MPV,1506.3,4,102.2,1238.8,Manual,Bensin,Liquid-cooled,34.7,576799.0,12427.0,2023,11.42,Boros
Roda4,SUV,1971.6,4,149.3,1548.2,CVT,Diesel,Liquid-cooled,59.1,147795.0,10904.0,2016,8.21,Boros
Roda4,MPV,1795.1,4,130.0,1489.2,CVT,Diesel,Liquid-cooled,33.5,481116.0,12144.0,2023,9.0,Boros
Roda2,Bebek,139.1,1,10.6,104.8,Manual,Bensin,Air-cooled,11.9,180897.0,10851.0,2018,42.0,Boros
Roda4,MPV,1659.2,4,119.3,1353.1,CVT,Bensin,Liquid-cooled,95.1,246766.0,12631.0,2019,9.0,Boros
Roda2,Matic,147.6,1,13.1,118.7,CVT,Bensin,Air-cooled,75.3,110463.0,13113.0,2022,35.0,Boros
Roda2,Sport Besar,374.5,3,44.3,186.5,Manual,Bensin,Liquid-cooled,30.3,96613.0,11310.0,2021,19.77,Boros
Roda2,Bebek,135.3,1,10.0,101.0,Manual,Bensin,Air-cooled,27.5,50505.0,10679.0,2018,42.0,Boros
Roda4,SUV,1731.9,4,114.3,1407.6,Manual,Diesel,Liquid-cooled,85.8,313208.0,12851.0,2015,11.42,Hemat
Roda4,MPV,1656.4,4,118.7,1351.2,Manual,Bensin,Liquid-cooled,91.6,298957.0,13110.0,2019,9.0,Boros
Roda2,Sport,178.5,1,17.3,126.4,Manual,Bensin,Liquid-cooled,29.2,284497.0,12548.0,2024,34.97,Hemat
Roda2,Bebek,110.5,1,9.0,95.0,Manual,Bensin,Air-cooled,56.2,254306.0,12165.0,2021,42.1,Boros
Roda2,Matic,156.7,1,15.5,123.7,CVT,Bensin,Liquid-cooled,16.4,185729.0,10346.0,2025,35.0,Boros
Roda2,Matic,154.5,1,14.5,119.4,CVT,Bensin,Liquid-cooled,49.5,68514.0,11879.0,2023,35.0,Boros
Roda2,Bebek,107.3,1,7.9,91.9,Manual,Bensin,Air-cooled,12.2,80401.0,12469.0,2023,54.08,Hemat
Roda4,SUV,1770.0,4,130.3,1396.6,CVT,Diesel,Liquid-cooled,39.9,421949.0,12454.0,2026,10.28,Boros
Roda2,Sport,205.3,1,22.6,147.7,Manual,Bensin,Liquid-cooled,50.8,152482.0,12846.0,2023,28.71,Boros
Roda2,Matic,110.2,1,9.4,100.9,CVT,Bensin,Air-cooled,42.7,75072.0,11311.0,2023,49.46,Hemat
Roda4,SUV,1803.0,4,135.5,1435.2,DCT,Bensin,Liquid-cooled,32.1,327719.0,12564.0,2015,8.88,Boros
Roda2,Sport,224.9,2,25.7,155.4,Manual,Bensin,Liquid-cooled,55.8,240167.0,10695.0,2015,28.0,Boros
Roda2,Sport Besar,312.8,4,32.7,174.1,Manual,Bensin,Liquid-cooled,76.0,223370.0,11952.0,2016,21.9,Boros
Roda2,Sport,196.6,1,22.1,149.0,Manual,Bensin,Liquid-cooled,64.4,165840.0,13372.0,2021,28.0,Boros
Roda2,Bebek,125.7,1,9.9,96.8,Manual,Bensin,Air-cooled,12.7,118000.0,10025.0,2022,48.26,Hemat
Roda4,City Car,1152.6,4,76.2,953.2,Automatic,Bensin,Liquid-cooled,20.9,357774.0,10508.0,2018,13.0,Boros
Roda4,City Car,1316.0,4,86.3,992.5,Automatic,Bensin,Liquid-cooled,84.9,277743.0,13202.0,2015,13.0,Boros
Roda2,Matic,111.7,1,9.0,95.0,CVT,Bensin,Air-cooled,50.7,289674.0,10084.0,2018,51.12,Hemat
Roda2,Sport Besar,459.5,2,45.8,198.0,Manual,Bensin,Liquid-cooled,22.1,137237.0,13701.0,2017,17.58,Boros
Roda2,Bebek,107.7,1,7.8,92.8,Manual,Bensin,Air-cooled,10.5,146469.0,13088.0,2026,50.06,Hemat
Roda4,City Car,1102.8,3,77.6,800.0,Automatic,Bensin,Liquid-cooled,47.9,412040.0,12535.0,2017,13.53,Boros
Roda4,City Car,1198.7,4,85.6,916.6,Automatic,Bensin,Liquid-cooled,81.5,157761.0,10195.0,2018,13.0,Boros
Roda4,City Car,1351.5,3,93.6,984.2,Manual,Bensin,Liquid-cooled,65.3,348178.0,13161.0,2025,13.0,Boros
Roda2,Sport Besar,596.8,3,64.9,210.8,Manual,Bensin,Liquid-cooled,59.1,71870.0,13893.0,2018,16.0,Boros
Roda4,MPV,1454.0,4,95.4,1167.5,Automatic,Bensin,Liquid-cooled,22.1,324590.0,12168.0,2015,9.54,Boros
Roda2,Sport,200.8,2,21.9,141.2,Manual,Bensin,Liquid-cooled,70.0,281818.0,10360.0,2016,30.28,Boros
Roda2,Matic,132.6,1,11.7,110.5,CVT,Bensin,Air-cooled,12.0,53728.0,10505.0,2023,37.82,Boros
Roda4,SUV,1691.6,4,119.9,1381.1,Automatic,Hybrid,Liquid-cooled,58.9,459821.0,14005.0,2016,9.8,Boros
Roda4,MPV,1574.9,4,112.3,1332.5,Automatic,Diesel,Liquid-cooled,19.8,233895.0,8877.0,2024,10.5,Boros
Roda2,Bebek,119.3,1,8.6,100.0,Manual,Bensin,Air-cooled,29.4,189543.0,11353.0,2016,42.29,Boros
Roda4,City Car,1063.5,4,65.0,828.6,Automatic,Bensin,Liquid-cooled,27.2,579185.0,13640.0,2024,14.7,Boros
Roda4,SUV,1557.8,4,111.6,1327.3,Manual,Diesel,Liquid-cooled,55.6,386309.0,7951.0,2019,12.64,Hemat
Roda4,City Car,1364.3,4,97.5,1029.2,CVT,Bensin,Liquid-cooled,83.5,563674.0,13771.0,2019,13.0,Boros
Roda4,SUV,1722.3,4,112.5,1370.7,Automatic,Diesel,Liquid-cooled,34.6,247859.0,6931.0,2019,10.88,Boros
Roda4,SUV,1826.6,4,135.5,1484.2,Manual,Diesel,Liquid-cooled,22.4,182134.0,10514.0,2015,8.62,Boros
Roda4,SUV,1718.1,4,121.1,1369.6,CVT,Bensin,Liquid-cooled,53.0,507088.0,12903.0,2018,8.56,Boros
Roda2,Sport Besar,632.6,3,70.0,248.3,Manual,Bensin,Liquid-cooled,66.3,230657.0,12416.0,2023,16.0,Boros
Roda4,MPV,1577.9,4,114.7,1368.0,Automatic,Diesel,Liquid-cooled,40.6,358299.0,12067.0,2022,10.18,Boros
Roda2,Sport,162.9,2,16.0,129.4,Manual,Bensin,Liquid-cooled,14.1,226278.0,11962.0,2021,39.47,Hemat
Roda4,SUV,1922.6,4,145.6,1504.3,CVT,Hybrid,Liquid-cooled,47.9,113150.0,14224.0,2022,8.57,Boros
Roda4,SUV,1682.8,4,112.2,1311.1,Manual,Diesel,Liquid-cooled,93.5,112816.0,12664.0,2022,11.2,Hemat
Roda2,Sport,173.2,1,15.3,133.6,Manual,Bensin,Liquid-cooled,15.7,209436.0,11861.0,2018,32.02,Boros
Roda4,MPV,1713.5,4,130.0,1446.5,Manual,Bensin,Liquid-cooled,76.9,222176.0,11530.0,2022,9.0,Boros
Roda4,SUV,1589.4,4,107.0,1356.8,Manual,Hybrid,Liquid-cooled,86.2,370949.0,14044.0,2017,11.07,Hemat
Roda4,City Car,1047.2,4,75.1,800.0,Automatic,Bensin,Liquid-cooled,16.5,341681.0,13887.0,2022,16.83,Hemat
Roda4,City Car,1368.3,3,102.5,1024.6,Automatic,Bensin,Liquid-cooled,16.5,263938.0,10586.0,2024,13.0,Boros
Roda4,SUV,1741.3,4,123.7,1433.7,Automatic,Bensin,Liquid-cooled,36.0,176942.0,11134.0,2022,8.0,Boros
Roda2,Bebek,102.8,1,7.2,91.6,Manual,Bensin,Air-cooled,27.1,126474.0,11884.0,2016,49.15,Hemat
Roda4,MPV,1612.3,4,109.3,1413.7,Automatic,Diesel,Liquid-cooled,27.7,518124.0,9103.0,2015,9.0,Boros
Roda2,Sport Besar,455.1,3,51.2,205.5,Manual,Bensin,Liquid-cooled,51.3,256038.0,12560.0,2025,16.0,Boros
Roda4,SUV,1593.2,4,110.0,1343.4,CVT,Diesel,Liquid-cooled,98.2,516286.0,12992.0,2024,13.01,Hemat
Roda4,City Car,1153.4,3,82.3,911.3,CVT,Bensin,Liquid-cooled,73.7,256246.0,12870.0,2020,17.54,Hemat
Roda2,Sport,212.6,2,23.5,149.8,Manual,Bensin,Liquid-cooled,73.5,274590.0,10795.0,2024,28.0,Boros
Roda2,Sport Besar,553.9,3,54.6,238.1,Manual,Bensin,Liquid-cooled,76.1,135842.0,12352.0,2026,16.0,Boros
Roda4,City Car,1283.8,3,92.6,999.4,Manual,Bensin,Liquid-cooled,41.2,182111.0,12903.0,2022,13.0,Boros
Roda4,SUV,1561.2,4,101.8,1235.5,CVT,Diesel,Liquid-cooled,28.6,410788.0,6947.0,2020,11.69,Hemat
Roda4,City Car,1269.6,3,87.3,981.4,CVT,Bensin,Liquid-cooled,78.8,213875.0,13247.0,2019,13.0,Boros
Roda2,Matic,150.1,1,15.5,116.9,CVT,Bensin,Air-cooled,49.5,101185.0,13572.0,2021,35.0,Boros
Roda4,MPV,1614.7,4,118.7,1392.3,Manual,Diesel,Liquid-cooled,53.7,468791.0,9061.0,2016,9.17,Boros
Roda2,Sport,248.2,1,29.5,170.0,Manual,Bensin,Liquid-cooled,78.2,235747.0,12360.0,2022,28.0,Boros
Roda4,City Car,1085.1,4,69.8,833.3,Automatic,Bensin,Liquid-cooled,42.2,167303.0,13156.0,2021,15.63,Hemat
Roda2,Bebek,133.9,1,10.1,100.7,Manual,Bensin,Air-cooled,15.1,120150.0,11365.0,2026,50.38,Hemat
Roda2,Bebek,139.1,1,10.9,105.8,Manual,Bensin,Air-cooled,44.3,207679.0,12885.0,2026,42.0,Boros
Roda4,MPV,1704.2,4,120.1,1418.0,CVT,Bensin,Liquid-cooled,58.9,382231.0,12738.0,2018,10.19,Boros
Roda4,MPV,1524.8,4,108.9,1239.4,Manual,Diesel,Liquid-cooled,16.6,399901.0,8841.0,2022,12.41,Hemat
Roda4,SUV,1953.5,4,149.2,1523.9,Automatic,Diesel,Liquid-cooled,74.1,328099.0,11478.0,2023,8.58,Boros
Roda4,MPV,1609.2,4,110.1,1370.5,Automatic,Diesel,Liquid-cooled,85.1,267826.0,11590.0,2023,10.38,Boros
Roda2,Bebek,112.9,1,8.0,96.3,Manual,Bensin,Air-cooled,63.5,111953.0,10142.0,2025,52.0,Hemat
Roda4,MPV,1388.1,4,89.7,1182.4,Manual,Bensin,Liquid-cooled,94.3,431900.0,10291.0,2018,13.41,Hemat
Roda4,MPV,1550.8,4,107.3,1285.3,Manual,Diesel,Liquid-cooled,97.4,262811.0,7834.0,2022,11.63,Boros
Roda2,Bebek,125.0,1,9.5,98.4,Manual,Bensin,Air-cooled,47.0,58594.0,12492.0,2016,44.73,Boros
Roda4,MPV,1447.5,4,101.9,1167.4,Manual,Bensin,Liquid-cooled,70.0,165152.0,11002.0,2024,13.25,Hemat
Roda2,Matic,145.5,1,13.6,112.0,CVT,Bensin,Air-cooled,32.4,135496.0,13508.0,2017,35.0,Boros
Roda2,Bebek,121.4,1,8.8,99.7,Manual,Bensin,Air-cooled,28.8,142112.0,13492.0,2021,42.0,Boros
Roda4,MPV,1401.2,4,103.8,1174.5,Automatic,Diesel,Liquid-cooled,59.2,161255.0,10118.0,2025,15.05,Hemat
Roda4,City Car,1027.7,4,68.0,829.7,Manual,Bensin,Liquid-cooled,27.2,413084.0,12035.0,2021,14.86,Boros
Roda2,Bebek,136.1,1,10.1,104.0,Manual,Bensin,Air-cooled,61.8,265743.0,12074.0,2015,42.0,Boros
Roda4,SUV,1896.6,4,145.9,1521.6,Manual,Hybrid,Liquid-cooled,99.0,179842.0,14141.0,2017,8.0,Boros
Roda2,Matic,136.5,1,12.9,113.2,CVT,Bensin,Liquid-cooled,64.8,217749.0,12332.0,2023,35.0,Boros
Roda4,MPV,1509.5,4,102.8,1299.5,Automatic,Bensin,Liquid-cooled,42.0,441847.0,10666.0,2024,9.77,Boros
Roda2,Matic,121.6,1,10.8,98.5,CVT,Bensin,Air-cooled,73.7,284584.0,10049.0,2017,43.44,Hemat
Roda4,SUV,1867.5,4,141.4,1477.0,CVT,Diesel,Liquid-cooled,62.6,559823.0,11269.0,2020,8.0,Boros
Roda2,Sport Besar,309.4,3,40.1,166.1,Manual,Bensin,Liquid-cooled,79.7,213619.0,13334.0,2016,22.94,Hemat
Roda2,Matic,151.7,1,16.0,119.8,CVT,Bensin,Liquid-cooled,29.7,182715.0,10202.0,2017,35.0,Boros
Roda4,SUV,1576.1,4,100.3,1200.0,DCT,Hybrid,Liquid-cooled,68.6,113272.0,14372.0,2020,16.0,Hemat
Roda4,SUV,1957.0,4,143.1,1562.3,DCT,Hybrid,Liquid-cooled,34.7,553083.0,14256.0,2020,8.0,Boros
Roda4,MPV,1752.6,4,119.8,1461.9,Automatic,Bensin,Liquid-cooled,70.9,514876.0,11264.0,2021,9.0,Boros
Roda4,MPV,1676.8,4,113.3,1452.6,CVT,Bensin,Liquid-cooled,75.7,249164.0,12093.0,2026,9.99,Boros
Roda2,Bebek,114.4,1,8.4,96.2,Manual,Bensin,Air-cooled,51.7,93028.0,13610.0,2025,50.79,Hemat
Roda4,City Car,1357.7,4,90.8,1014.2,Manual,Bensin,Liquid-cooled,64.3,286756.0,11803.0,2017,13.0,Boros
Roda4,SUV,1779.6,4,122.0,1436.4,CVT,Bensin,Liquid-cooled,80.8,272573.0,10842.0,2020,8.85,Boros
Roda2,Matic,127.8,1,12.9,106.2,CVT,Bensin,Liquid-cooled,71.2,281019.0,12615.0,2021,37.84,Boros
Roda4,MPV,1491.9,4,102.2,1309.6,CVT,Diesel,Liquid-cooled,98.2,299652.0,9586.0,2015,11.2,Boros
Roda4,MPV,1725.8,4,127.3,1422.7,CVT,Diesel,Liquid-cooled,31.9,326395.0,7957.0,2017,9.49,Boros
Roda2,Sport Besar,597.8,2,66.1,234.4,Manual,Bensin,Liquid-cooled,39.5,189756.0,13699.0,2026,16.0,Boros
Roda4,SUV,1561.6,4,108.9,1255.4,Manual,Bensin,Liquid-cooled,52.3,282659.0,11282.0,2023,11.69,Hemat
Roda2,Sport,168.0,1,19.4,127.7,Manual,Bensin,Liquid-cooled,70.4,88665.0,11903.0,2022,28.0,Boros
Roda2,Sport Besar,531.9,4,57.8,208.5,Manual,Bensin,Liquid-cooled,13.6,53994.0,12415.0,2016,16.0,Boros
Roda2,Matic,117.9,1,10.1,96.3,CVT,Bensin,Air-cooled,73.5,255479.0,11464.0,2016,49.67,Hemat
Roda2,Bebek,111.0,1,7.7,94.4,Manual,Bensin,Air-cooled,52.5,97125.0,13139.0,2016,45.58,Boros
Roda4,SUV,1664.7,4,125.7,1378.6,Manual,Hybrid,Liquid-cooled,50.4,273266.0,14260.0,2019,12.35,Hemat
Roda2,Sport Besar,504.8,3,48.7,221.0,Manual,Bensin,Liquid-cooled,75.3,115159.0,11243.0,2017,16.0,Boros
Roda4,SUV,1899.1,4,130.5,1497.4,Automatic,Diesel,Liquid-cooled,15.4,241139.0,12696.0,2026,8.0,Boros
Roda4,SUV,1666.5,4,109.4,1295.1,Manual,Bensin,Liquid-cooled,43.9,280715.0,10584.0,2025,11.43,Hemat
Roda4,MPV,1303.9,4,86.7,1133.0,CVT,Diesel,Liquid-cooled,35.3,221262.0,10310.0,2021,17.16,Hemat
Roda4,City Car,1141.2,3,72.8,910.1,Manual,Bensin,Liquid-cooled,64.8,204967.0,10250.0,2024,15.86,Hemat
Roda2,Matic,129.2,1,11.5,105.0,CVT,Bensin,Air-cooled,19.5,198843.0,11337.0,2018,43.23,Hemat
Roda2,Bebek,137.4,1,10.7,104.7,Manual,Bensin,Air-cooled,40.4,230862.0,10035.0,2018,42.0,Boros
Roda4,MPV,1464.7,4,92.1,1264.0,Manual,Diesel,Liquid-cooled,61.8,159076.0,9112.0,2015,12.77,Hemat
Roda4,MPV,1703.4,4,121.5,1413.7,Automatic,Diesel,Liquid-cooled,21.5,124207.0,8759.0,2019,9.0,Boros
Roda4,City Car,1397.8,3,98.2,1060.9,Manual,Bensin,Liquid-cooled,72.1,478705.0,11951.0,2016,13.0,Boros
Roda2,Bebek,122.8,1,9.8,98.2,Manual,Bensin,Air-cooled,30.4,223745.0,13354.0,2020,42.0,Boros
Roda4,SUV,1829.4,4,130.7,1462.3,Automatic,Bensin,Liquid-cooled,28.3,545541.0,10708.0,2024,8.16,Boros
Roda2,Sport,208.9,2,20.9,150.0,Manual,Bensin,Liquid-cooled,63.2,181212.0,10271.0,2017,28.0,Boros
Roda4,MPV,1592.7,4,114.0,1319.0,Automatic,Diesel,Liquid-cooled,83.8,412854.0,11819.0,2021,10.65,Boros
Roda2,Bebek,131.8,1,9.9,100.3,Manual,Bensin,Air-cooled,13.0,194932.0,11766.0,2026,42.0,Boros
Roda4,SUV,1838.3,4,136.5,1422.8,CVT,Bensin,Liquid-cooled,52.7,425397.0,10069.0,2026,9.35,Boros
Roda2,Sport Besar,464.0,2,56.1,205.0,Manual,Bensin,Liquid-cooled,31.0,100728.0,11642.0,2024,17.31,Boros
Roda4,City Car,1496.1,3,94.3,1075.4,CVT,Bensin,Liquid-cooled,34.6,547796.0,13444.0,2016,13.0,Boros
Roda2,Sport Besar,325.5,2,36.9,179.1,Manual,Bensin,Liquid-cooled,10.8,296932.0,12387.0,2020,19.57,Boros
Roda2,Sport Besar,344.3,3,35.8,181.8,Manual,Bensin,Liquid-cooled,54.0,237992.0,11710.0,2022,20.84,Boros
Roda4,City Car,1454.6,3,96.1,1081.3,Manual,Bensin,Liquid-cooled,41.5,367868.0,10973.0,2022,13.0,Boros
Roda2,Matic,139.9,1,14.1,116.0,CVT,Bensin,Liquid-cooled,43.9,126394.0,12019.0,2026,35.0,Boros
Roda4,MPV,1417.5,4,99.7,1220.2,Manual,Bensin,Liquid-cooled,84.5,117187.0,12949.0,2019,11.92,Boros
Roda2,Matic,140.4,1,13.6,109.3,CVT,Bensin,Liquid-cooled,25.0,234538.0,10738.0,2020,35.0,Boros
Roda4,City Car,1340.9,3,92.9,976.5,CVT,Bensin,Liquid-cooled,67.0,207272.0,10454.0,2025,14.37,Boros
Roda2,Bebek,108.0,1,7.5,91.5,Manual,Bensin,Air-cooled,72.8,70058.0,12046.0,2022,54.81,Hemat
Roda2,Matic,134.3,1,12.4,114.6,CVT,Bensin,Liquid-cooled,71.6,113644.0,10113.0,2024,35.0,Boros
Roda4,MPV,1755.2,4,130.0,1500.0,Automatic,Diesel,Liquid-cooled,43.7,158518.0,6887.0,2025,9.0,Boros
Roda4,SUV,1587.4,4,110.6,1321.3,CVT,Hybrid,Liquid-cooled,32.7,572333.0,14356.0,2018,12.09,Hemat
Roda4,SUV,1913.2,4,137.3,1464.8,Automatic,Diesel,Liquid-cooled,21.4,439994.0,10134.0,2018,8.0,Boros
Roda4,MPV,1511.8,4,106.0,1231.4,Automatic,Bensin,Liquid-cooled,81.1,549063.0,10652.0,2022,10.21,Boros
Roda4,MPV,1471.4,4,103.9,1237.4,Manual,Bensin,Liquid-cooled,84.3,442446.0,10100.0,2016,11.4,Boros
Roda2,Bebek,141.5,1,12.0,109.2,Manual,Bensin,Air-cooled,71.2,60858.0,11018.0,2022,42.0,Boros
Roda2,Matic,140.1,1,12.5,116.0,CVT,Bensin,Air-cooled,67.0,81455.0,11929.0,2016,35.0,Boros
Roda4,City Car,1229.0,4,92.0,900.6,Manual,Bensin,Liquid-cooled,73.9,315680.0,13424.0,2015,13.0,Boros
Roda4,City Car,1385.7,3,95.7,1050.4,CVT,Bensin,Liquid-cooled,49.4,583303.0,11742.0,2019,13.0,Boros
Roda4,SUV,1548.8,4,105.6,1246.8,Manual,Diesel,Liquid-cooled,51.8,311000.0,8556.0,2020,13.58,Hemat
Roda4,SUV,1658.0,4,116.3,1357.6,DCT,Diesel,Liquid-cooled,36.8,327182.0,10214.0,2024,9.57,Boros
Roda2,Sport Besar,320.0,4,34.3,170.6,Manual,Bensin,Liquid-cooled,18.6,173933.0,12611.0,2026,23.72,Hemat
Roda4,MPV,1754.5,4,124.5,1404.6,Automatic,Bensin,Liquid-cooled,15.2,319110.0,13474.0,2020,9.0,Boros
Roda2,Bebek,124.5,1,9.9,99.4,Manual,Bensin,Air-cooled,77.9,192815.0,10558.0,2020,44.97,Boros
Roda2,Bebek,119.3,1,8.3,100.3,Manual,Bensin,Air-cooled,62.5,277057.0,12959.0,2020,51.53,Hemat
Roda4,MPV,1697.0,4,130.0,1421.4,Automatic,Diesel,Liquid-cooled,50.4,272132.0,7714.0,2019,9.56,Boros
Roda4,SUV,1527.1,4,103.9,1202.6,DCT,Diesel,Liquid-cooled,32.8,215602.0,8157.0,2025,14.31,Hemat
Roda4,City Car,1115.5,4,80.1,869.6,Automatic,Bensin,Liquid-cooled,72.8,217817.0,11055.0,2020,14.67,Boros
Roda2,Sport,233.2,2,24.8,166.7,Manual,Bensin,Liquid-cooled,11.7,194941.0,13278.0,2020,28.0,Boros
Roda4,SUV,1904.5,4,148.8,1481.8,DCT,Diesel,Liquid-cooled,89.6,513019.0,11636.0,2016,8.0,Boros
Roda4,MPV,1332.9,4,86.7,1151.6,CVT,Bensin,Liquid-cooled,93.8,308873.0,10320.0,2020,14.43,Hemat
Roda2,Sport Besar,491.8,3,42.2,201.3,Manual,Bensin,Liquid-cooled,44.5,218283.0,12271.0,2023,20.62,Boros
Roda2,Matic,157.2,1,15.4,123.3,CVT,Bensin,Air-cooled,48.0,258083.0,10435.0,2024,35.0,Boros
Roda4,SUV,1524.1,4,104.5,1250.3,Automatic,Hybrid,Liquid-cooled,29.0,124849.0,14285.0,2017,12.27,Hemat
Roda4,MPV,1487.7,4,95.0,1298.1,Automatic,Diesel,Liquid-cooled,70.8,156133.0,12626.0,2021,13.1,Hemat
Roda4,MPV,1549.9,4,105.3,1326.7,Automatic,Diesel,Liquid-cooled,66.0,544263.0,8528.0,2015,12.55,Hemat
Roda4,City Car,1203.9,3,83.9,925.2,Automatic,Bensin,Liquid-cooled,48.9,106279.0,11111.0,2020,16.51,Hemat
Roda4,SUV,1695.4,4,115.3,1313.2,DCT,Bensin,Liquid-cooled,27.9,543289.0,10523.0,2018,8.08,Boros
Roda4,MPV,1799.7,4,130.0,1492.3,Automatic,Diesel,Liquid-cooled,99.0,253984.0,8821.0,2024,9.0,Boros
Roda4,SUV,1871.2,4,135.9,1473.1,CVT,Diesel,Liquid-cooled,51.6,467300.0,8558.0,2016,8.36,Boros
Roda4,City Car,1124.1,3,71.3,928.0,CVT,Bensin,Liquid-cooled,43.4,356847.0,11259.0,2017,16.17,Hemat
Roda4,MPV,1583.4,4,115.1,1328.6,Automatic,Bensin,Liquid-cooled,75.7,138714.0,10222.0,2024,9.0,Boros
Roda2,Sport,163.0,1,17.9,123.2,Manual,Bensin,Liquid-cooled,28.4,271180.0,12697.0,2022,36.89,Hemat
Roda4,SUV,1616.0,4,108.8,1260.4,Manual,Bensin,Liquid-cooled,30.1,303824.0,10116.0,2026,11.9,Hemat
Roda2,Sport,161.5,2,17.2,124.8,Manual,Bensin,Liquid-cooled,18.1,89811.0,12929.0,2025,33.69,Hemat
Roda4,MPV,1692.4,4,116.3,1485.4,Manual,Bensin,Liquid-cooled,77.3,136005.0,11978.0,2017,9.0,Boros
Roda4,SUV,1678.0,4,114.1,1334.0,CVT,Hybrid,Liquid-cooled,82.9,445874.0,14250.0,2018,10.99,Boros
Roda4,MPV,1546.9,4,101.2,1332.8,Automatic,Diesel,Liquid-cooled,92.2,135541.0,8073.0,2024,11.16,Boros
Roda2,Bebek,139.9,1,11.5,108.2,Manual,Bensin,Air-cooled,66.3,63098.0,10623.0,2021,42.0,Boros
Roda2,Bebek,107.3,1,7.4,97.3,Manual,Bensin,Air-cooled,59.5,91760.0,10654.0,2026,47.78,Boros
Roda4,SUV,1510.6,4,100.7,1228.9,Manual,Diesel,Liquid-cooled,97.5,188668.0,7406.0,2023,13.32,Hemat
Roda4,SUV,1511.7,4,106.0,1200.0,DCT,Hybrid,Liquid-cooled,87.4,366513.0,14494.0,2022,13.72,Hemat
Roda4,SUV,1842.1,4,143.3,1489.8,DCT,Hybrid,Liquid-cooled,67.4,434650.0,14143.0,2021,10.54,Boros
Roda4,SUV,1927.7,4,140.9,1544.0,Manual,Bensin,Liquid-cooled,78.0,109032.0,10088.0,2021,8.0,Boros
Roda2,Matic,126.7,1,11.9,106.8,CVT,Bensin,Liquid-cooled,42.4,257763.0,10386.0,2025,42.15,Hemat
Roda2,Sport,198.4,1,21.0,148.7,Manual,Bensin,Liquid-cooled,54.3,201673.0,11875.0,2019,28.0,Boros
Roda2,Matic,136.0,1,14.0,112.7,CVT,Bensin,Liquid-cooled,72.4,99110.0,12394.0,2016,35.0,Boros
Roda4,SUV,1650.9,4,108.6,1288.0,CVT,Diesel,Liquid-cooled,44.5,198287.0,10237.0,2025,13.23,Hemat
Roda4,City Car,1390.6,3,103.3,1059.3,CVT,Bensin,Liquid-cooled,17.9,525263.0,11508.0,2022,13.0,Boros
Roda2,Matic,117.7,1,9.5,100.3,CVT,Bensin,Liquid-cooled,67.2,216464.0,12868.0,2021,44.04,Hemat
Roda4,City Car,1314.4,3,87.6,976.1,Manual,Bensin,Liquid-cooled,21.9,487086.0,10987.0,2026,13.55,Boros
Roda4,City Car,1392.6,4,90.2,1050.9,Automatic,Bensin,Liquid-cooled,55.8,266762.0,12466.0,2017,13.0,Boros
Roda2,Sport Besar,592.1,4,60.5,234.5,Manual,Bensin,Liquid-cooled,55.4,291884.0,12645.0,2016,16.0,Boros
Roda4,SUV,1747.5,4,114.2,1397.9,CVT,Diesel,Liquid-cooled,17.7,170703.0,11396.0,2021,12.41,Hemat
Roda2,Matic,129.0,1,12.9,108.1,CVT,Bensin,Liquid-cooled,29.2,197335.0,10554.0,2017,37.84,Boros
Roda2,Matic,142.2,1,14.2,113.6,CVT,Bensin,Air-cooled,73.5,115992.0,11096.0,2015,35.0,Boros
Roda2,Sport,242.1,2,30.0,170.0,Manual,Bensin,Liquid-cooled,77.1,203093.0,10019.0,2019,28.0,Boros
Roda4,MPV,1509.1,4,102.5,1260.4,CVT,Diesel,Liquid-cooled,45.8,556411.0,7951.0,2025,14.21,Hemat
Roda2,Matic,130.0,1,11.8,110.0,CVT,Bensin,Liquid-cooled,51.5,57745.0,11084.0,2026,50.92,Hemat
Roda2,Bebek,119.2,1,8.9,101.0,Manual,Bensin,Air-cooled,14.6,226496.0,10929.0,2026,42.0,Boros
Roda2,Matic,120.4,1,10.0,101.0,CVT,Bensin,Air-cooled,51.7,112636.0,11302.0,2025,47.6,Hemat
Roda4,SUV,1783.6,4,133.4,1456.2,Manual,Diesel,Liquid-cooled,28.2,509180.0,11867.0,2025,9.13,Boros
Roda4,City Car,1099.1,4,76.2,851.6,Automatic,Bensin,Liquid-cooled,38.2,287702.0,10951.0,2023,17.0,Hemat
Roda4,City Car,1368.7,3,98.6,998.7,CVT,Bensin,Liquid-cooled,86.1,369413.0,10892.0,2025,13.0,Boros
Roda4,SUV,1664.2,4,111.5,1302.5,CVT,Diesel,Liquid-cooled,73.2,293484.0,8554.0,2018,11.04,Hemat
Roda4,MPV,1347.5,4,96.4,1180.1,Manual,Diesel,Liquid-cooled,61.4,555897.0,8942.0,2020,14.32,Hemat
Roda2,Sport Besar,517.1,4,56.2,228.0,Manual,Bensin,Liquid-cooled,63.9,82402.0,12227.0,2015,16.0,Boros
Roda2,Matic,157.7,1,16.0,119.5,CVT,Bensin,Air-cooled,69.5,153582.0,10438.0,2015,35.0,Boros
Roda2,Matic,143.9,1,13.5,108.6,CVT,Bensin,Liquid-cooled,29.0,72078.0,13238.0,2020,37.37,Boros
Roda2,Matic,140.9,1,13.4,115.0,CVT,Bensin,Air-cooled,25.0,154464.0,11138.0,2017,35.6,Boros
Roda2,Matic,117.3,1,9.6,96.4,CVT,Bensin,Liquid-cooled,44.2,230711.0,13782.0,2018,46.43,Hemat
Roda2,Matic,152.1,1,13.8,125.0,CVT,Bensin,Liquid-cooled,47.6,159955.0,13010.0,2022,36.7,Boros
Roda4,SUV,1725.9,4,121.7,1348.9,DCT,Hybrid,Liquid-cooled,97.7,400889.0,14169.0,2023,11.49,Hemat
Roda2,Bebek,133.3,1,10.4,104.7,Manual,Bensin,Air-cooled,46.0,234057.0,11702.0,2025,42.0,Boros
Roda2,Matic,110.1,1,9.1,95.0,CVT,Bensin,Air-cooled,25.5,256157.0,12373.0,2022,55.46,Hemat
Roda2,Sport Besar,366.6,3,37.4,190.2,Manual,Bensin,Liquid-cooled,13.2,76398.0,11718.0,2019,21.02,Boros
Roda4,SUV,1505.5,4,100.0,1268.4,CVT,Bensin,Liquid-cooled,95.7,127914.0,12825.0,2026,12.35,Hemat
Roda2,Matic,157.4,1,16.0,122.1,CVT,Bensin,Liquid-cooled,45.2,172953.0,10670.0,2022,35.0,Boros
Roda4,City Car,1316.7,3,89.8,999.9,Manual,Bensin,Liquid-cooled,23.1,149099.0,11016.0,2025,13.0,Boros
Roda4,MPV,1321.5,4,86.9,1103.8,Manual,Bensin,Liquid-cooled,17.6,230114.0,10520.0,2015,11.51,Boros
Roda4,MPV,1510.5,4,112.7,1329.5,Automatic,Bensin,Liquid-cooled,97.3,579312.0,11862.0,2016,9.0,Boros
Roda2,Matic,139.8,1,13.6,115.0,CVT,Bensin,Air-cooled,49.7,107769.0,12533.0,2025,35.69,Boros
Roda4,MPV,1334.5,4,86.6,1143.9,CVT,Diesel,Liquid-cooled,31.3,242490.0,10095.0,2024,17.91,Hemat
Roda2,Bebek,119.8,1,8.8,97.2,Manual,Bensin,Air-cooled,73.5,89071.0,10858.0,2026,55.0,Hemat
Roda4,SUV,1698.8,4,115.4,1296.5,CVT,Bensin,Liquid-cooled,92.8,189136.0,12629.0,2022,10.14,Boros
Roda2,Matic,119.1,1,10.5,104.4,CVT,Bensin,Liquid-cooled,65.8,210437.0,13411.0,2020,42.3,Hemat
Roda2,Bebek,122.5,1,9.7,96.9,Manual,Bensin,Air-cooled,71.7,289771.0,10750.0,2022,42.0,Boros
Roda4,MPV,1739.3,4,126.5,1419.9,CVT,Diesel,Liquid-cooled,34.7,536614.0,10426.0,2018,9.09,Boros
Roda4,SUV,1507.1,4,100.0,1222.8,Automatic,Bensin,Liquid-cooled,84.5,154549.0,13254.0,2025,12.09,Hemat
Roda2,Matic,125.4,1,11.3,105.5,CVT,Bensin,Liquid-cooled,46.0,263013.0,12503.0,2021,40.8,Boros
Roda2,Sport,216.2,2,26.7,154.6,Manual,Bensin,Liquid-cooled,54.2,249070.0,11750.0,2022,28.0,Boros
Roda4,MPV,1745.6,4,122.5,1495.9,Automatic,Diesel,Liquid-cooled,97.7,487999.0,10158.0,2019,9.65,Boros
Roda4,MPV,1768.7,4,130.0,1497.9,Automatic,Diesel,Liquid-cooled,57.6,510308.0,9731.0,2024,9.0,Boros
Roda4,City Car,1223.9,3,85.2,914.9,Manual,Bensin,Liquid-cooled,28.4,255726.0,11513.0,2017,14.32,Boros
Roda4,SUV,1535.1,4,100.0,1217.8,CVT,Diesel,Liquid-cooled,16.3,293826.0,6951.0,2025,12.98,Hemat
Roda2,Matic,140.8,1,13.8,108.0,CVT,Bensin,Air-cooled,67.5,184944.0,11187.0,2019,35.0,Boros
Roda4,MPV,1354.9,4,85.0,1161.1,Automatic,Bensin,Liquid-cooled,19.4,493942.0,11199.0,2024,14.33,Hemat
Roda4,SUV,1692.0,4,115.9,1375.5,Manual,Hybrid,Liquid-cooled,73.5,490292.0,13916.0,2022,13.32,Hemat
Roda2,Sport,174.5,2,22.0,132.9,Manual,Bensin,Liquid-cooled,78.8,51748.0,12473.0,2015,29.89,Boros
Roda2,Sport,219.6,2,25.9,156.7,Manual,Bensin,Liquid-cooled,68.6,163125.0,12917.0,2019,28.0,Boros
Roda2,Sport Besar,583.5,2,66.8,238.4,Manual,Bensin,Liquid-cooled,36.5,149893.0,11640.0,2019,16.0,Boros
Roda2,Matic,154.8,1,14.7,121.4,CVT,Bensin,Liquid-cooled,29.9,271902.0,11435.0,2026,35.0,Boros
Roda2,Bebek,109.9,1,8.0,94.1,Manual,Bensin,Air-cooled,65.7,130933.0,12984.0,2018,51.2,Hemat
Roda2,Sport Besar,528.9,4,55.6,225.8,Manual,Bensin,Liquid-cooled,14.9,213811.0,12641.0,2023,18.66,Boros
Roda4,City Car,1383.3,3,88.1,1016.3,Manual,Bensin,Liquid-cooled,19.8,158805.0,10248.0,2025,13.0,Boros
Roda2,Sport Besar,263.2,3,25.0,160.0,Manual,Bensin,Liquid-cooled,40.1,276326.0,10258.0,2022,24.11,Hemat
Roda4,SUV,1519.2,4,100.0,1232.8,Manual,Diesel,Liquid-cooled,57.1,403108.0,10114.0,2024,13.6,Hemat
Roda4,SUV,1622.0,4,118.9,1317.1,CVT,Bensin,Liquid-cooled,65.9,466900.0,13336.0,2025,9.53,Boros
Roda4,MPV,1303.7,4,85.0,1100.0,Manual,Bensin,Liquid-cooled,26.6,116498.0,11922.0,2016,14.63,Hemat
Roda2,Sport,206.2,2,25.0,143.5,Manual,Bensin,Liquid-cooled,45.1,224632.0,11766.0,2024,28.0,Boros
Roda2,Sport,204.8,2,21.6,152.7,Manual,Bensin,Liquid-cooled,10.9,271530.0,11379.0,2022,28.0,Boros
Roda2,Matic,113.8,1,9.0,95.4,CVT,Bensin,Air-cooled,75.4,52142.0,10186.0,2017,47.72,Hemat
Roda2,Matic,151.2,1,15.3,121.1,CVT,Bensin,Air-cooled,29.4,274560.0,11822.0,2015,35.0,Boros
Roda2,Sport,163.3,2,17.0,134.6,Manual,Bensin,Liquid-cooled,54.9,282181.0,13286.0,2020,32.79,Boros
Roda4,MPV,1535.4,4,103.5,1324.1,Manual,Bensin,Liquid-cooled,94.7,227901.0,10412.0,2018,9.0,Boros
Roda2,Bebek,149.0,1,12.0,110.0,Manual,Bensin,Air-cooled,49.6,165983.0,13791.0,2019,42.0,Boros
Roda4,City Car,1292.3,3,92.9,959.6,Automatic,Bensin,Liquid-cooled,51.2,536826.0,11629.0,2018,13.0,Boros
Roda2,Matic,139.4,1,13.6,110.8,CVT,Bensin,Liquid-cooled,35.4,234401.0,12339.0,2020,44.39,Hemat
Roda4,SUV,1659.4,4,121.0,1342.8,Manual,Diesel,Liquid-cooled,15.3,378534.0,11228.0,2018,10.92,Boros
Roda4,City Car,1305.8,3,85.8,996.9,Manual,Bensin,Liquid-cooled,31.1,162523.0,10941.0,2025,13.0,Boros
Roda4,MPV,1783.1,4,130.0,1500.0,CVT,Bensin,Liquid-cooled,24.6,310886.0,13203.0,2026,9.0,Boros
Roda4,MPV,1544.5,4,100.3,1296.3,CVT,Bensin,Liquid-cooled,24.1,447828.0,12524.0,2019,11.15,Boros
Roda4,MPV,1349.7,4,88.1,1127.9,Manual,Bensin,Liquid-cooled,69.5,118951.0,11328.0,2019,12.88,Hemat
Roda2,Sport,209.9,2,24.2,153.8,Manual,Bensin,Liquid-cooled,18.6,114423.0,13682.0,2018,28.0,Boros
Roda4,MPV,1386.7,4,90.9,1189.9,CVT,Diesel,Liquid-cooled,59.4,304718.0,6976.0,2025,13.75,Hemat
Roda4,MPV,1775.4,4,120.2,1475.3,CVT,Diesel,Liquid-cooled,49.4,155829.0,11611.0,2021,10.46,Boros
Roda4,SUV,1547.0,4,100.0,1200.0,DCT,Hybrid,Liquid-cooled,38.4,246434.0,14386.0,2015,13.37,Hemat
Roda4,MPV,1523.4,4,98.5,1233.2,Automatic,Diesel,Liquid-cooled,23.1,163048.0,7813.0,2016,14.72,Hemat
Roda4,City Car,1232.4,3,81.5,948.3,CVT,Bensin,Liquid-cooled,26.6,219131.0,13574.0,2015,13.0,Boros
Roda2,Sport Besar,296.4,3,31.5,175.8,Manual,Bensin,Liquid-cooled,46.9,131699.0,12949.0,2015,28.0,Hemat
Roda4,SUV,1919.0,4,143.2,1482.9,Manual,Hybrid,Liquid-cooled,25.1,421134.0,13905.0,2017,8.0,Boros
Roda4,City Car,1189.4,4,82.1,880.4,CVT,Bensin,Liquid-cooled,99.1,239487.0,13572.0,2020,14.22,Boros
Roda4,SUV,1565.3,4,110.3,1296.4,DCT,Diesel,Liquid-cooled,40.5,325685.0,11320.0,2026,12.64,Hemat
Roda2,Sport Besar,548.5,3,63.6,236.5,Manual,Bensin,Liquid-cooled,28.9,255488.0,12914.0,2024,17.05,Boros
Roda2,Matic,144.0,1,14.3,119.4,CVT,Bensin,Air-cooled,68.5,194477.0,10068.0,2020,35.0,Boros
Roda2,Bebek,136.0,1,10.6,104.5,Manual,Bensin,Air-cooled,13.7,231521.0,10473.0,2016,42.0,Boros
Roda2,Sport,177.0,2,15.0,138.2,Manual,Bensin,Liquid-cooled,64.8,187992.0,13717.0,2019,31.13,Boros
Roda4,City Car,1453.4,3,101.1,1085.7,CVT,Bensin,Liquid-cooled,24.4,372319.0,13747.0,2021,13.0,Boros
Roda2,Bebek,133.6,1,10.4,102.4,Manual,Bensin,Air-cooled,79.2,170808.0,13849.0,2018,42.0,Boros
Roda4,MPV,1648.5,4,121.4,1353.7,Manual,Bensin,Liquid-cooled,72.8,282043.0,12702.0,2019,9.0,Boros
Roda4,MPV,1789.4,4,124.8,1500.0,Automatic,Diesel,Liquid-cooled,83.9,429658.0,9209.0,2026,9.0,Boros
Roda2,Bebek,122.6,1,9.5,100.8,Manual,Bensin,Air-cooled,37.4,249586.0,11451.0,2015,42.0,Boros
Roda4,City Car,1307.5,4,80.9,953.7,CVT,Bensin,Liquid-cooled,19.3,562134.0,10344.0,2018,13.0,Boros
Roda4,MPV,1646.3,4,111.5,1329.4,CVT,Bensin,Liquid-cooled,62.0,318349.0,10006.0,2024,9.74,Boros
Roda2,Bebek,135.8,1,10.9,103.1,Manual,Bensin,Air-cooled,68.3,140608.0,13368.0,2025,42.0,Boros
Roda2,Matic,140.6,1,12.7,112.5,CVT,Bensin,Air-cooled,36.1,154381.0,11172.0,2017,37.33,Boros
Roda2,Bebek,104.8,1,8.4,90.0,Manual,Bensin,Air-cooled,15.2,106588.0,12848.0,2025,53.73,Hemat
Roda4,MPV,1329.4,4,85.0,1116.0,Automatic,Bensin,Liquid-cooled,56.0,202813.0,10709.0,2023,12.76,Hemat
Roda4,SUV,1817.4,4,135.3,1441.6,Automatic,Bensin,Liquid-cooled,54.2,556269.0,12681.0,2019,8.21,Boros
Roda2,Matic,154.6,1,14.9,123.1,CVT,Bensin,Liquid-cooled,79.9,294127.0,13751.0,2017,35.0,Boros
Roda2,Matic,116.1,1,10.3,101.3,CVT,Bensin,Air-cooled,71.5,98968.0,10651.0,2022,51.25,Hemat
Roda4,SUV,1926.9,4,144.9,1540.8,Manual,Bensin,Liquid-cooled,29.7,153400.0,10559.0,2023,8.0,Boros
Roda4,City Car,1006.6,4,67.2,807.7,CVT,Bensin,Liquid-cooled,19.6,420799.0,13312.0,2022,18.98,Hemat
Roda2,Sport,246.2,2,30.0,167.2,Manual,Bensin,Liquid-cooled,44.9,243957.0,11224.0,2022,28.0,Boros
Roda4,MPV,1662.8,4,114.2,1398.6,CVT,Bensin,Liquid-cooled,48.7,593042.0,11359.0,2015,9.0,Boros
Roda2,Bebek,123.0,1,9.0,101.6,Manual,Bensin,Air-cooled,20.6,268971.0,12102.0,2018,42.0,Boros
Roda4,SUV,1949.1,4,133.2,1591.3,Manual,Hybrid,Liquid-cooled,49.4,146695.0,14348.0,2017,8.38,Boros
Roda2,Matic,148.8,1,13.8,119.2,CVT,Bensin,Air-cooled,45.3,181672.0,13614.0,2018,35.58,Boros
Roda4,City Car,1499.3,4,101.8,1100.0,Automatic,Bensin,Liquid-cooled,21.8,470867.0,12111.0,2025,13.0,Boros
Roda2,Sport Besar,619.3,4,66.1,245.0,Manual,Bensin,Liquid-cooled,61.3,232231.0,12204.0,2019,16.0,Boros
Roda4,SUV,1596.0,4,109.5,1259.8,CVT,Diesel,Liquid-cooled,40.3,406864.0,7100.0,2024,12.47,Hemat
Roda2,Sport,248.5,2,30.0,166.8,Manual,Bensin,Liquid-cooled,68.8,132316.0,12917.0,2017,28.0,Boros
Roda2,Matic,115.7,1,9.3,101.4,CVT,Bensin,Liquid-cooled,52.7,62085.0,13402.0,2024,49.65,Hemat
Roda4,MPV,1425.4,4,93.2,1281.5,Automatic,Diesel,Liquid-cooled,20.5,590393.0,9215.0,2022,11.29,Boros
Roda4,SUV,1657.2,4,107.4,1361.4,DCT,Diesel,Liquid-cooled,72.0,379046.0,13123.0,2026,10.7,Boros
Roda4,SUV,1642.6,4,112.5,1351.4,Manual,Diesel,Liquid-cooled,51.4,341274.0,13043.0,2022,11.19,Hemat
Roda4,MPV,1335.3,4,85.0,1165.4,CVT,Diesel,Liquid-cooled,61.1,489325.0,12153.0,2026,13.34,Hemat
Roda4,MPV,1530.2,4,108.0,1268.9,Manual,Bensin,Liquid-cooled,43.5,585116.0,12498.0,2022,11.35,Boros
Roda2,Matic,120.2,1,10.0,106.1,CVT,Bensin,Air-cooled,41.0,242056.0,11032.0,2019,48.92,Hemat
Roda4,SUV,1727.2,4,117.5,1408.7,Manual,Hybrid,Liquid-cooled,99.0,253343.0,14209.0,2026,12.09,Hemat
Roda4,City Car,1438.7,3,98.8,1023.3,Manual,Bensin,Liquid-cooled,42.0,334377.0,10864.0,2019,13.0,Boros
Roda4,MPV,1594.5,4,107.8,1285.7,Automatic,Bensin,Liquid-cooled,60.8,473408.0,12780.0,2018,9.96,Boros
Roda4,MPV,1433.9,4,102.8,1180.7,CVT,Bensin,Liquid-cooled,42.3,204748.0,10989.0,2024,12.84,Hemat
Roda4,MPV,1420.1,4,100.4,1214.4,Manual,Bensin,Liquid-cooled,71.7,553079.0,10270.0,2023,10.79,Boros
Roda4,SUV,1869.5,4,145.4,1491.4,DCT,Diesel,Liquid-cooled,47.3,192118.0,11664.0,2025,8.28,Boros
Roda2,Bebek,134.0,1,10.8,103.1,Manual,Bensin,Air-cooled,75.5,185498.0,13665.0,2018,42.0,Boros
Roda4,SUV,1764.6,4,120.7,1445.7,Automatic,Bensin,Liquid-cooled,53.3,550528.0,11078.0,2026,8.0,Boros
Roda4,SUV,1729.0,4,131.3,1361.9,CVT,Diesel,Liquid-cooled,50.4,164171.0,10209.0,2017,10.29,Boros
Roda4,City Car,1452.8,4,97.8,1071.8,CVT,Bensin,Liquid-cooled,48.3,407096.0,11477.0,2026,13.0,Boros
Roda4,City Car,1235.3,4,83.3,946.9,CVT,Bensin,Liquid-cooled,43.8,103694.0,11702.0,2021,13.77,Boros
Roda4,MPV,1643.5,4,120.9,1366.1,Automatic,Bensin,Liquid-cooled,60.9,545255.0,11824.0,2026,9.0,Boros
Roda4,SUV,1793.1,4,126.5,1493.8,Automatic,Bensin,Liquid-cooled,81.2,489639.0,10763.0,2023,8.0,Boros
Roda2,Sport,214.2,1,22.0,149.6,Manual,Bensin,Liquid-cooled,22.8,171960.0,11345.0,2020,28.0,Boros
Roda4,MPV,1626.4,4,115.2,1328.9,CVT,Diesel,Liquid-cooled,42.2,291650.0,10656.0,2015,9.19,Boros
Roda4,SUV,1809.4,4,134.3,1378.5,CVT,Diesel,Liquid-cooled,87.8,237523.0,7313.0,2020,10.74,Boros
Roda4,SUV,1614.9,4,118.7,1302.0,Automatic,Bensin,Liquid-cooled,55.1,522516.0,13116.0,2026,10.34,Boros
Roda2,Sport,239.9,1,25.6,170.0,Manual,Bensin,Liquid-cooled,73.9,299733.0,13019.0,2020,28.0,Boros
Roda4,SUV,1752.3,4,125.4,1280.1,DCT,Hybrid,Liquid-cooled,71.3,104006.0,13929.0,2019,11.72,Hemat
Roda2,Matic,132.3,1,12.6,104.5,CVT,Bensin,Air-cooled,75.9,179192.0,12038.0,2019,35.0,Boros
Roda2,Bebek,114.8,1,8.6,94.6,Manual,Bensin,Air-cooled,36.0,243038.0,10665.0,2016,42.0,Boros
Roda2,Sport,150.1,2,15.3,120.0,Manual,Bensin,Liquid-cooled,43.1,154815.0,13460.0,2024,44.08,Hemat
Roda2,Sport,166.2,2,16.9,130.0,Manual,Bensin,Liquid-cooled,60.9,187797.0,11862.0,2019,34.85,Hemat
Roda4,MPV,1784.1,4,125.7,1500.0,Automatic,Bensin,Liquid-cooled,26.0,427750.0,12235.0,2019,9.0,Boros
Roda4,City Car,1226.7,3,77.7,918.2,Automatic,Bensin,Liquid-cooled,22.7,290807.0,11653.0,2025,14.02,Boros
Roda4,MPV,1567.5,4,105.2,1292.3,CVT,Diesel,Liquid-cooled,92.6,183701.0,10194.0,2017,12.16,Hemat
Roda4,SUV,1965.7,4,147.7,1600.0,Automatic,Diesel,Liquid-cooled,18.0,567676.0,12110.0,2017,8.0,Boros
Roda2,Sport,225.4,2,25.3,160.9,Manual,Bensin,Liquid-cooled,34.1,83768.0,11228.0,2020,28.0,Boros
Roda4,MPV,1630.8,4,112.8,1371.2,Automatic,Diesel,Liquid-cooled,92.5,489317.0,10513.0,2016,9.0,Boros
Roda2,Sport Besar,493.8,3,52.6,214.8,Manual,Bensin,Liquid-cooled,59.0,228424.0,10161.0,2019,16.97,Boros
Roda4,City Car,1259.4,3,80.4,1021.8,Automatic,Bensin,Liquid-cooled,46.0,323282.0,10439.0,2023,13.0,Boros
Roda4,MPV,1362.7,4,95.3,1141.9,CVT,Diesel,Liquid-cooled,52.0,182657.0,7830.0,2015,14.35,Hemat
Roda4,City Car,1221.5,4,82.1,955.8,Manual,Bensin,Liquid-cooled,87.9,180869.0,12953.0,2016,13.86,Boros
Roda2,Matic,119.1,1,10.4,95.0,CVT,Bensin,Liquid-cooled,75.7,245110.0,13593.0,2024,43.58,Hemat
Roda2,Sport,223.1,1,28.7,157.4,Manual,Bensin,Liquid-cooled,66.4,165176.0,10294.0,2021,28.0,Boros
Roda4,City Car,1442.8,3,104.3,1085.8,Automatic,Bensin,Liquid-cooled,26.5,156123.0,13343.0,2018,13.0,Boros
Roda2,Matic,151.7,1,15.2,119.7,CVT,Bensin,Air-cooled,15.7,146823.0,12341.0,2016,35.0,Boros
Roda2,Sport,169.9,2,17.0,126.7,Manual,Bensin,Liquid-cooled,55.7,170916.0,10131.0,2026,37.2,Hemat
Roda2,Sport,188.5,1,21.1,134.7,Manual,Bensin,Liquid-cooled,32.7,75888.0,13180.0,2022,30.73,Boros
Roda4,MPV,1703.1,4,129.2,1396.3,Automatic,Diesel,Liquid-cooled,32.2,454957.0,7583.0,2020,9.0,Boros
Roda4,SUV,1507.9,4,102.9,1215.1,Automatic,Diesel,Liquid-cooled,23.4,543998.0,9723.0,2026,12.9,Hemat
Roda4,SUV,1958.9,4,141.0,1523.5,CVT,Diesel,Liquid-cooled,39.0,346880.0,9114.0,2020,8.82,Boros
Roda4,MPV,1646.1,4,120.4,1338.5,Manual,Diesel,Liquid-cooled,61.1,460376.0,9963.0,2023,11.48,Boros
Roda4,City Car,1052.1,4,72.1,823.6,CVT,Bensin,Liquid-cooled,37.9,431840.0,11448.0,2025,15.97,Hemat
Roda4,MPV,1458.4,4,93.7,1183.3,CVT,Diesel,Liquid-cooled,86.6,231206.0,12059.0,2017,15.12,Hemat
Roda2,Sport,211.6,1,25.1,156.0,Manual,Bensin,Liquid-cooled,66.5,243527.0,11162.0,2017,28.0,Boros
Roda4,SUV,1896.9,4,141.0,1535.0,Automatic,Diesel,Liquid-cooled,90.0,163271.0,12527.0,2016,8.0,Boros
Roda4,SUV,1883.4,4,138.1,1488.1,Automatic,Hybrid,Liquid-cooled,52.5,394489.0,14417.0,2020,8.43,Boros
Roda2,Matic,134.1,1,13.2,111.7,CVT,Bensin,Liquid-cooled,58.6,254399.0,12123.0,2023,35.0,Boros
Roda2,Sport,191.7,1,21.8,137.9,Manual,Bensin,Liquid-cooled,21.3,143306.0,13489.0,2024,35.46,Hemat
Roda4,MPV,1797.5,4,130.0,1492.2,CVT,Bensin,Liquid-cooled,85.9,366938.0,12145.0,2021,9.0,Boros
Roda4,SUV,1723.5,4,114.2,1335.5,Automatic,Bensin,Liquid-cooled,67.2,105103.0,12637.0,2018,9.59,Boros
Roda2,Sport,194.0,1,23.3,135.9,Manual,Bensin,Liquid-cooled,26.2,294825.0,11938.0,2025,33.35,Hemat
Roda2,Sport,234.2,1,28.5,157.7,Manual,Bensin,Liquid-cooled,45.9,271871.0,13857.0,2015,28.0,Boros
Roda4,SUV,1745.6,4,121.1,1465.7,Automatic,Diesel,Liquid-cooled,62.5,488399.0,8418.0,2021,8.0,Boros
Roda4,SUV,1976.7,4,145.7,1502.4,Automatic,Hybrid,Liquid-cooled,65.2,393608.0,14346.0,2022,8.14,Boros
Roda4,MPV,1448.7,4,96.0,1259.5,Manual,Diesel,Liquid-cooled,83.6,587112.0,11138.0,2024,13.19,Hemat
Roda2,Bebek,133.4,1,10.6,104.0,Manual,Bensin,Air-cooled,44.0,87345.0,12528.0,2024,42.0,Boros
Roda2,Sport,222.4,1,24.6,161.3,Manual,Bensin,Liquid-cooled,31.7,81077.0,13640.0,2026,28.0,Boros
Roda4,SUV,1949.3,4,142.6,1564.9,CVT,Bensin,Liquid-cooled,89.4,205107.0,13395.0,2022,8.0,Boros
Roda4,MPV,1528.0,4,91.2,1271.9,Automatic,Bensin,Liquid-cooled,76.1,265585.0,10447.0,2023,11.08,Boros
Roda4,MPV,1660.7,4,117.1,1388.0,Manual,Bensin,Liquid-cooled,27.2,453398.0,12366.0,2024,9.21,Boros
Roda2,Bebek,113.8,1,8.7,97.1,Manual,Bensin,Air-cooled,24.7,142618.0,11890.0,2018,42.0,Boros
Roda4,City Car,1283.5,4,83.9,948.8,CVT,Bensin,Liquid-cooled,95.1,343159.0,13306.0,2019,13.0,Boros
Roda4,City Car,1458.7,4,105.0,1026.7,Automatic,Bensin,Liquid-cooled,88.1,441221.0,13434.0,2022,13.0,Boros
Roda4,SUV,1856.3,4,133.9,1400.8,Automatic,Bensin,Liquid-cooled,88.5,265806.0,11118.0,2024,8.0,Boros
Roda4,MPV,1674.8,4,115.5,1314.3,CVT,Diesel,Liquid-cooled,88.4,147919.0,9141.0,2017,10.87,Boros
Roda2,Matic,141.4,1,12.6,111.4,CVT,Bensin,Air-cooled,52.0,227732.0,11185.0,2018,42.08,Hemat
Roda2,Sport,246.4,1,29.2,159.9,Manual,Bensin,Liquid-cooled,25.3,161042.0,13875.0,2017,28.0,Boros
Roda2,Matic,128.3,1,10.2,108.1,CVT,Bensin,Liquid-cooled,25.1,100088.0,13863.0,2021,42.08,Hemat
Roda2,Matic,155.6,1,15.1,123.2,CVT,Bensin,Air-cooled,76.3,111654.0,12607.0,2015,35.0,Boros
Roda4,SUV,1857.8,4,136.9,1452.9,DCT,Bensin,Liquid-cooled,39.8,434253.0,12841.0,2022,8.0,Boros
Roda4,SUV,1994.1,4,150.0,1600.0,Manual,Diesel,Liquid-cooled,67.9,467308.0,10600.0,2015,8.0,Boros
Roda4,MPV,1634.2,4,108.1,1358.0,Automatic,Bensin,Liquid-cooled,53.0,494776.0,12976.0,2017,9.0,Boros
Roda2,Sport Besar,378.0,4,43.1,180.1,Manual,Bensin,Liquid-cooled,61.4,52863.0,11055.0,2024,21.42,Boros
Roda4,MPV,1628.4,4,112.6,1408.9,CVT,Bensin,Liquid-cooled,31.9,588196.0,13390.0,2019,9.0,Boros
Roda4,City Car,1216.6,4,85.8,923.3,Manual,Bensin,Liquid-cooled,26.7,512194.0,12116.0,2018,13.0,Boros
Roda2,Matic,135.6,1,14.2,114.6,CVT,Bensin,Air-cooled,42.6,281633.0,10038.0,2024,41.54,Boros
Roda4,City Car,1458.0,4,104.0,1100.0,Manual,Bensin,Liquid-cooled,16.4,297390.0,13080.0,2015,13.0,Boros
Roda2,Sport Besar,400.5,3,39.5,187.7,Manual,Bensin,Liquid-cooled,13.0,149774.0,12036.0,2020,19.32,Boros
Roda4,City Car,1134.8,3,75.2,865.2,Manual,Bensin,Liquid-cooled,45.3,143806.0,11325.0,2015,15.3,Hemat
Roda2,Matic,152.8,1,14.4,122.5,CVT,Bensin,Liquid-cooled,79.2,268514.0,13891.0,2016,35.0,Boros
Roda4,SUV,1618.1,4,106.5,1319.1,CVT,Hybrid,Liquid-cooled,63.7,195782.0,13933.0,2019,13.03,Hemat
Roda4,SUV,1896.1,4,134.9,1487.8,Manual,Diesel,Liquid-cooled,73.4,538832.0,7795.0,2022,10.02,Boros
Roda2,Bebek,109.5,1,8.1,95.2,Manual,Bensin,Air-cooled,50.5,276090.0,13188.0,2022,47.41,Boros
Roda2,Matic,120.0,1,9.8,99.5,CVT,Bensin,Air-cooled,58.9,280447.0,11456.0,2024,48.79,Hemat
Roda2,Sport,192.1,2,20.9,137.6,Manual,Bensin,Liquid-cooled,14.1,171297.0,13735.0,2023,28.0,Boros
Roda4,MPV,1634.0,4,110.7,1378.0,Manual,Diesel,Liquid-cooled,17.5,137308.0,7492.0,2021,9.86,Boros
Roda2,Bebek,122.5,1,9.2,99.8,Manual,Bensin,Air-cooled,32.6,114527.0,11810.0,2018,42.0,Boros
Roda2,Matic,159.0,1,15.7,124.2,CVT,Bensin,Liquid-cooled,58.9,164060.0,12071.0,2019,35.0,Boros
Roda4,MPV,1533.0,4,100.1,1275.8,CVT,Diesel,Liquid-cooled,16.5,493920.0,10494.0,2020,13.49,Hemat
Roda4,MPV,1774.3,4,126.7,1414.5,Automatic,Bensin,Liquid-cooled,73.9,155900.0,12450.0,2016,9.0,Boros
Roda2,Sport,213.3,2,24.8,140.9,Manual,Bensin,Liquid-cooled,27.1,62070.0,12284.0,2025,28.0,Boros
Roda2,Sport Besar,317.6,4,25.0,160.5,Manual,Bensin,Liquid-cooled,75.5,191368.0,12513.0,2025,25.97,Hemat
Roda4,MPV,1617.6,4,112.5,1378.4,Manual,Bensin,Liquid-cooled,47.7,309490.0,11942.0,2015,9.0,Boros
Roda2,Bebek,104.6,1,7.3,91.9,Manual,Bensin,Air-cooled,41.5,223227.0,12859.0,2016,62.3,Hemat
Roda4,City Car,1346.8,4,92.2,1020.1,Manual,Bensin,Liquid-cooled,38.2,305793.0,13104.0,2019,13.0,Boros
Roda2,Matic,156.2,1,15.9,123.9,CVT,Bensin,Liquid-cooled,76.0,165285.0,11214.0,2022,35.0,Boros
Roda4,MPV,1433.3,4,95.4,1253.2,Manual,Diesel,Liquid-cooled,80.9,283678.0,9438.0,2018,14.01,Hemat
Roda2,Bebek,101.4,1,7.7,91.5,Manual,Bensin,Air-cooled,43.8,244364.0,12624.0,2018,54.66,Hemat
Roda2,Matic,129.4,1,11.4,104.7,CVT,Bensin,Air-cooled,38.7,259573.0,13826.0,2015,44.15,Hemat
Roda4,City Car,1378.1,4,91.4,998.1,Automatic,Bensin,Liquid-cooled,68.5,275996.0,11659.0,2019,13.0,Boros
Roda2,Matic,122.3,1,11.6,103.2,CVT,Bensin,Liquid-cooled,57.3,187235.0,10014.0,2021,40.53,Boros
Roda2,Sport,215.8,2,26.9,149.6,Manual,Bensin,Liquid-cooled,40.4,183215.0,10042.0,2015,28.0,Boros
Roda4,MPV,1490.2,4,100.0,1260.2,Automatic,Diesel,Liquid-cooled,31.3,143741.0,9938.0,2019,10.71,Boros
Roda4,MPV,1671.5,4,120.8,1362.0,CVT,Diesel,Liquid-cooled,22.4,266821.0,7564.0,2022,9.0,Boros
Roda2,Sport Besar,496.4,3,57.0,214.5,Manual,Bensin,Liquid-cooled,22.1,254465.0,10834.0,2022,17.21,Boros
Roda2,Sport Besar,569.2,2,69.8,243.4,Manual,Bensin,Liquid-cooled,55.4,113359.0,10711.0,2016,16.0,Boros
Roda4,City Car,1012.5,3,65.0,804.5,CVT,Bensin,Liquid-cooled,73.8,525565.0,10507.0,2022,19.57,Hemat
Roda4,SUV,1934.3,4,143.4,1511.7,Manual,Hybrid,Liquid-cooled,75.5,171624.0,14248.0,2022,8.0,Boros
Roda4,City Car,1357.2,3,92.6,1048.4,CVT,Bensin,Liquid-cooled,58.9,565828.0,11524.0,2019,13.0,Boros
Roda2,Sport Besar,632.7,4,70.0,250.0,Manual,Bensin,Liquid-cooled,73.9,232699.0,12426.0,2024,16.0,Boros
Roda2,Matic,146.3,1,14.1,116.1,CVT,Bensin,Liquid-cooled,58.1,123501.0,12184.0,2017,35.0,Boros
Roda4,City Car,1073.3,3,79.6,885.6,Manual,Bensin,Liquid-cooled,44.6,277870.0,12879.0,2022,13.99,Boros
Roda2,Sport,171.4,1,17.1,129.6,Manual,Bensin,Liquid-cooled,19.4,53341.0,11710.0,2023,32.49,Boros
Roda2,Matic,154.5,1,15.5,125.0,CVT,Bensin,Liquid-cooled,47.6,150463.0,13662.0,2026,35.0,Boros
Roda2,Sport,191.8,1,22.8,134.3,Manual,Bensin,Liquid-cooled,48.9,119031.0,12407.0,2020,28.0,Boros
Roda4,MPV,1362.8,4,89.1,1148.9,CVT,Bensin,Liquid-cooled,78.4,487030.0,13542.0,2024,13.12,Hemat
Roda4,SUV,1879.5,4,138.8,1505.5,Automatic,Hybrid,Liquid-cooled,48.9,532810.0,14404.0,2023,9.41,Boros
Roda4,MPV,1450.0,4,94.3,1212.6,CVT,Bensin,Liquid-cooled,41.7,563876.0,13888.0,2021,12.78,Hemat
Roda2,Sport,228.4,2,26.3,154.9,Manual,Bensin,Liquid-cooled,31.6,162494.0,11109.0,2019,28.0,Boros
Roda4,City Car,1279.7,3,91.1,1019.8,Manual,Bensin,Liquid-cooled,80.1,248042.0,12693.0,2024,13.0,Boros
Roda4,SUV,1950.2,4,138.3,1567.0,CVT,Hybrid,Liquid-cooled,80.7,493957.0,13985.0,2018,9.15,Boros
Roda4,SUV,1964.3,4,150.0,1542.0,DCT,Hybrid,Liquid-cooled,46.6,452915.0,14178.0,2024,8.0,Boros
Roda4,MPV,1597.5,4,99.5,1359.3,Automatic,Diesel,Liquid-cooled,77.6,493291.0,7377.0,2024,10.99,Boros
Roda4,MPV,1494.2,4,96.4,1191.6,Automatic,Diesel,Liquid-cooled,45.4,426268.0,11357.0,2015,11.47,Boros
Roda4,MPV,1460.7,4,94.6,1215.7,CVT,Diesel,Liquid-cooled,77.2,137958.0,12492.0,2015,13.19,Hemat
Roda2,Matic,133.2,1,12.0,110.5,CVT,Bensin,Liquid-cooled,10.9,50301.0,12403.0,2026,36.21,Boros
Roda2,Matic,156.0,1,15.6,122.8,CVT,Bensin,Liquid-cooled,44.5,279038.0,13727.0,2025,35.0,Boros
Roda2,Matic,156.4,1,16.0,124.5,CVT,Bensin,Air-cooled,46.6,270992.0,12152.0,2022,35.0,Boros
Roda4,City Car,1039.3,3,72.3,868.5,Manual,Bensin,Liquid-cooled,60.5,597791.0,11732.0,2024,16.23,Hemat
Roda2,Matic,123.1,1,11.4,99.2,CVT,Bensin,Air-cooled,47.1,116007.0,12507.0,2024,45.0,Hemat
Roda4,MPV,1559.6,4,109.1,1247.9,Manual,Diesel,Liquid-cooled,51.3,580991.0,8094.0,2024,12.4,Hemat
Roda2,Bebek,106.4,1,8.2,95.7,Manual,Bensin,Air-cooled,77.6,164316.0,13284.0,2026,52.71,Hemat
Roda4,MPV,1324.7,4,85.2,1144.0,CVT,Bensin,Liquid-cooled,38.9,299211.0,12523.0,2018,13.13,Hemat
Roda2,Bebek,102.3,1,7.0,91.3,Manual,Bensin,Air-cooled,49.7,214258.0,13504.0,2017,48.09,Hemat
Roda2,Sport,212.2,1,28.4,151.7,Manual,Bensin,Liquid-cooled,51.0,297095.0,12292.0,2021,28.0,Boros
Roda2,Sport Besar,352.7,3,37.1,196.2,Manual,Bensin,Liquid-cooled,49.2,149694.0,13824.0,2023,22.62,Hemat
Roda4,MPV,1724.0,4,127.1,1434.3,CVT,Diesel,Liquid-cooled,92.9,478386.0,10764.0,2024,9.0,Boros
Roda2,Sport Besar,521.4,3,63.7,221.7,Manual,Bensin,Liquid-cooled,24.3,223497.0,10012.0,2021,16.0,Boros
Roda2,Matic,110.9,1,9.0,99.5,CVT,Bensin,Air-cooled,67.2,297473.0,11587.0,2023,56.08,Hemat
Roda4,MPV,1323.5,4,85.0,1108.6,CVT,Bensin,Liquid-cooled,21.2,546478.0,12565.0,2024,14.69,Hemat
Roda4,City Car,1411.3,3,95.4,1051.1,Manual,Bensin,Liquid-cooled,95.3,279321.0,13641.0,2021,13.0,Boros
Roda2,Sport Besar,399.4,4,48.5,205.6,Manual,Bensin,Liquid-cooled,39.5,121325.0,13097.0,2021,17.49,Boros
Roda2,Matic,153.3,1,15.1,121.3,CVT,Bensin,Liquid-cooled,60.1,202732.0,13325.0,2024,35.0,Boros
Roda2,Sport,190.6,2,19.0,138.8,Manual,Bensin,Liquid-cooled,24.5,290632.0,13734.0,2022,29.36,Boros
Roda4,City Car,1273.8,3,94.4,934.3,Manual,Bensin,Liquid-cooled,37.4,370773.0,10326.0,2019,13.0,Boros
Roda4,SUV,1799.2,4,135.8,1525.3,Manual,Diesel,Liquid-cooled,75.4,440470.0,7628.0,2021,8.68,Boros
Roda2,Matic,139.8,1,13.0,109.1,CVT,Bensin,Liquid-cooled,57.6,111867.0,12342.0,2023,41.68,Boros
Roda4,MPV,1548.7,4,104.5,1340.8,Manual,Bensin,Liquid-cooled,92.9,568464.0,13199.0,2015,9.39,Boros
Roda4,MPV,1606.6,4,113.9,1367.8,Manual,Bensin,Liquid-cooled,34.9,359321.0,11019.0,2018,9.0,Boros
Roda2,Matic,156.8,1,14.8,123.6,CVT,Bensin,Liquid-cooled,50.2,166501.0,12483.0,2018,35.0,Boros
Roda4,MPV,1334.2,4,98.7,1196.6,Manual,Diesel,Liquid-cooled,40.6,358240.0,7995.0,2024,14.61,Hemat
Roda4,MPV,1496.9,4,106.7,1246.1,Manual,Bensin,Liquid-cooled,93.2,168459.0,10832.0,2018,11.51,Boros
Roda2,Sport Besar,411.4,2,45.8,191.3,Manual,Bensin,Liquid-cooled,19.7,64579.0,11072.0,2023,18.7,Boros
Roda2,Bebek,123.5,1,9.8,97.4,Manual,Bensin,Air-cooled,55.9,115059.0,10622.0,2020,44.83,Boros
Roda4,MPV,1709.4,4,121.9,1475.0,Automatic,Diesel,Liquid-cooled,71.3,459651.0,9850.0,2023,9.0,Boros
Roda4,MPV,1470.7,4,98.9,1194.6,CVT,Bensin,Liquid-cooled,33.0,199790.0,12993.0,2022,12.77,Hemat
Roda4,City Car,1122.0,4,74.5,871.8,Manual,Bensin,Liquid-cooled,80.6,544765.0,13163.0,2023,16.01,Hemat
Roda4,SUV,1860.3,4,137.3,1526.4,Manual,Diesel,Liquid-cooled,44.8,366853.0,7165.0,2019,8.0,Boros
Roda2,Bebek,149.5,1,11.7,110.0,Manual,Bensin,Air-cooled,19.1,239566.0,10096.0,2025,42.0,Boros
Roda4,City Car,1347.1,4,97.1,1030.1,CVT,Bensin,Liquid-cooled,74.9,200420.0,12412.0,2015,13.0,Boros
Roda4,City Car,1119.3,4,73.1,880.6,CVT,Bensin,Liquid-cooled,98.4,578053.0,13018.0,2018,19.72,Hemat
Roda4,SUV,1714.1,4,111.5,1404.6,CVT,Hybrid,Liquid-cooled,82.9,596165.0,14462.0,2019,12.91,Hemat
Roda4,SUV,1679.1,4,115.2,1334.0,Automatic,Hybrid,Liquid-cooled,70.9,102619.0,14444.0,2017,11.22,Hemat
Roda2,Bebek,118.1,1,9.0,92.9,Manual,Bensin,Air-cooled,65.8,135242.0,13141.0,2017,43.86,Boros
Roda4,MPV,1764.4,4,127.8,1419.1,Manual,Bensin,Liquid-cooled,79.7,584055.0,13649.0,2018,9.0,Boros
Roda2,Sport Besar,487.2,2,52.6,204.5,Manual,Bensin,Liquid-cooled,14.8,102382.0,10031.0,2023,18.04,Boros
Roda4,SUV,1511.1,4,100.0,1236.0,Automatic,Diesel,Liquid-cooled,47.1,483049.0,7794.0,2025,13.75,Hemat
Roda4,City Car,1412.2,3,92.0,1100.0,Automatic,Bensin,Liquid-cooled,99.2,239158.0,13055.0,2018,13.0,Boros
Roda4,MPV,1300.3,4,92.6,1100.0,CVT,Diesel,Liquid-cooled,25.0,188535.0,10745.0,2023,16.01,Hemat
Roda2,Bebek,105.5,1,7.7,93.5,Manual,Bensin,Air-cooled,58.4,224284.0,12530.0,2021,50.14,Hemat
Roda2,Bebek,125.4,1,9.9,101.0,Manual,Bensin,Air-cooled,57.4,54147.0,11997.0,2026,45.14,Boros
Roda2,Matic,148.0,1,14.9,117.7,CVT,Bensin,Liquid-cooled,23.8,112858.0,10677.0,2026,35.0,Boros
Roda4,City Car,1107.7,3,75.4,874.6,Automatic,Bensin,Liquid-cooled,39.2,486070.0,10035.0,2015,13.0,Boros
Roda2,Sport,200.4,1,23.4,148.2,Manual,Bensin,Liquid-cooled,58.3,51627.0,13124.0,2023,32.06,Boros
Roda2,Sport,222.6,1,26.4,157.6,Manual,Bensin,Liquid-cooled,44.4,219721.0,10569.0,2022,28.0,Boros
Roda4,MPV,1720.2,4,130.0,1431.4,Manual,Diesel,Liquid-cooled,28.8,477698.0,8622.0,2024,9.69,Boros
Roda2,Sport,159.7,2,16.0,124.8,Manual,Bensin,Liquid-cooled,10.2,248845.0,11379.0,2016,33.56,Hemat
Roda4,SUV,1545.0,4,108.3,1252.8,Manual,Diesel,Liquid-cooled,22.9,383244.0,9911.0,2025,12.04,Hemat
Roda2,Bebek,130.8,1,10.3,104.2,Manual,Bensin,Air-cooled,50.3,147042.0,12509.0,2018,44.86,Boros
Roda2,Sport,170.4,1,20.6,132.8,Manual,Bensin,Liquid-cooled,71.7,58728.0,13232.0,2025,38.45,Hemat
Roda2,Sport Besar,614.9,3,70.0,239.2,Manual,Bensin,Liquid-cooled,73.8,219143.0,11298.0,2017,16.0,Boros
Roda2,Sport,151.2,2,17.0,123.2,Manual,Bensin,Liquid-cooled,55.1,123676.0,10959.0,2020,43.0,Hemat
Roda2,Sport Besar,448.5,2,52.8,207.4,Manual,Bensin,Liquid-cooled,70.9,157883.0,11898.0,2025,20.16,Boros
Roda4,City Car,1317.1,3,78.7,1011.8,Manual,Bensin,Liquid-cooled,38.0,430486.0,10898.0,2023,13.0,Boros
Roda4,MPV,1730.3,4,130.0,1454.3,CVT,Bensin,Liquid-cooled,53.9,197676.0,13796.0,2018,9.0,Boros
Roda2,Bebek,102.0,1,7.0,90.0,Manual,Bensin,Air-cooled,17.6,57857.0,12482.0,2026,60.17,Hemat
Roda4,City Car,1372.5,3,93.3,1021.0,Manual,Bensin,Liquid-cooled,44.6,196996.0,12320.0,2022,13.0,Boros
Roda2,Matic,139.6,1,13.0,111.2,CVT,Bensin,Air-cooled,64.4,247145.0,12761.0,2017,35.28,Boros
Roda2,Matic,132.4,1,12.7,105.8,CVT,Bensin,Liquid-cooled,20.6,240509.0,12655.0,2023,39.85,Boros
Roda2,Sport,166.4,1,19.6,129.0,Manual,Bensin,Liquid-cooled,55.7,167767.0,10560.0,2025,37.11,Hemat
Roda2,Sport,207.3,1,23.0,151.3,Manual,Bensin,Liquid-cooled,14.9,136964.0,13818.0,2019,28.0,Boros
Roda4,City Car,1405.1,4,99.6,1057.1,Manual,Bensin,Liquid-cooled,28.3,517628.0,11985.0,2019,13.0,Boros
Roda2,Matic,123.7,1,10.8,100.9,CVT,Bensin,Air-cooled,55.2,221843.0,11453.0,2018,48.26,Hemat
Roda4,City Car,1334.3,3,86.4,1039.8,CVT,Bensin,Liquid-cooled,26.1,595171.0,10049.0,2022,13.0,Boros
Roda2,Sport,182.4,1,19.9,139.0,Manual,Bensin,Liquid-cooled,50.5,147128.0,13019.0,2017,29.36,Boros
Roda2,Matic,158.4,1,14.9,125.0,CVT,Bensin,Air-cooled,16.9,159075.0,13753.0,2021,35.0,Boros
Roda2,Sport,193.1,2,20.9,128.8,Manual,Bensin,Liquid-cooled,72.7,133060.0,12257.0,2025,28.88,Boros
Roda2,Sport,214.9,2,26.5,142.7,Manual,Bensin,Liquid-cooled,31.9,168879.0,12641.0,2022,28.0,Boros
Roda2,Sport Besar,454.2,3,46.7,184.9,Manual,Bensin,Liquid-cooled,47.1,221834.0,10876.0,2020,21.37,Boros
Roda4,MPV,1724.8,4,114.1,1442.2,CVT,Bensin,Liquid-cooled,96.3,528732.0,11705.0,2015,9.0,Boros
Roda2,Bebek,105.3,1,7.0,90.3,Manual,Bensin,Air-cooled,14.9,138733.0,11962.0,2018,55.28,Hemat
Roda4,City Car,1311.4,4,87.1,1002.5,CVT,Bensin,Liquid-cooled,80.3,476306.0,13188.0,2019,13.0,Boros
Roda2,Matic,150.9,1,14.3,121.5,CVT,Bensin,Liquid-cooled,43.1,237588.0,12385.0,2020,35.0,Boros
Roda2,Sport,167.3,2,16.9,133.5,Manual,Bensin,Liquid-cooled,79.8,180672.0,12123.0,2021,32.93,Boros
Roda4,City Car,1137.8,4,71.6,899.1,CVT,Bensin,Liquid-cooled,85.2,164615.0,10503.0,2016,15.78,Hemat
Roda2,Matic,150.6,1,15.5,122.0,CVT,Bensin,Liquid-cooled,10.2,111200.0,12654.0,2021,35.0,Boros
Roda4,SUV,1917.1,4,142.0,1502.9,DCT,Diesel,Liquid-cooled,32.7,336923.0,9850.0,2016,9.35,Boros
Roda4,MPV,1507.0,4,110.6,1282.7,CVT,Bensin,Liquid-cooled,94.5,493985.0,11452.0,2024,11.81,Boros
Roda4,City Car,1337.8,3,94.5,1045.1,CVT,Bensin,Liquid-cooled,39.9,573702.0,11529.0,2016,13.0,Boros
Roda4,SUV,1665.9,4,118.2,1373.8,CVT,Diesel,Liquid-cooled,74.0,306411.0,10266.0,2017,10.41,Boros
Roda4,MPV,1418.9,4,87.4,1233.1,CVT,Bensin,Liquid-cooled,87.3,472581.0,11360.0,2019,12.94,Hemat
Roda2,Sport,224.8,2,27.2,169.5,Manual,Bensin,Liquid-cooled,21.0,138367.0,10587.0,2018,28.0,Boros
Roda2,Matic,158.8,1,16.0,119.2,CVT,Bensin,Liquid-cooled,41.1,131367.0,10221.0,2026,35.0,Boros
Roda4,MPV,1391.5,4,93.8,1179.1,CVT,Diesel,Liquid-cooled,59.6,536426.0,7253.0,2021,14.49,Hemat
Roda2,Matic,156.7,1,14.6,123.9,CVT,Bensin,Liquid-cooled,12.8,251208.0,11439.0,2021,35.0,Boros
Roda2,Matic,123.7,1,11.4,106.9,CVT,Bensin,Liquid-cooled,53.1,75221.0,12291.0,2015,36.69,Boros
Roda2,Sport Besar,419.4,3,43.1,189.1,Manual,Bensin,Liquid-cooled,71.4,257215.0,12074.0,2026,20.42,Boros
Roda4,SUV,1626.4,4,110.2,1332.1,DCT,Diesel,Liquid-cooled,28.6,391105.0,7821.0,2024,13.1,Hemat
Roda4,SUV,1706.2,4,124.2,1377.3,Manual,Hybrid,Liquid-cooled,39.1,155747.0,14048.0,2023,12.41,Hemat
Roda2,Matic,111.5,1,9.4,95.0,CVT,Bensin,Air-cooled,79.5,214759.0,10197.0,2015,53.8,Hemat
Roda2,Matic,141.9,1,14.7,114.3,CVT,Bensin,Liquid-cooled,72.2,261306.0,12049.0,2017,35.0,Boros
Roda4,MPV,1403.0,4,94.5,1100.6,Automatic,Bensin,Liquid-cooled,32.7,118843.0,11735.0,2016,11.96,Boros
Roda4,City Car,1236.6,4,81.0,906.5,CVT,Bensin,Liquid-cooled,32.0,175068.0,11996.0,2021,14.86,Boros
Roda2,Matic,139.7,1,13.0,111.9,CVT,Bensin,Air-cooled,74.4,275501.0,13713.0,2022,40.98,Boros
Roda2,Matic,151.6,1,15.5,120.2,CVT,Bensin,Air-cooled,32.0,117854.0,12519.0,2022,35.0,Boros
Roda4,City Car,1304.6,3,92.9,953.5,Manual,Bensin,Liquid-cooled,64.1,184927.0,12788.0,2022,13.06,Boros
Roda2,Sport Besar,384.1,4,41.7,194.7,Manual,Bensin,Liquid-cooled,51.1,199388.0,11178.0,2020,18.99,Boros
Roda4,MPV,1553.4,4,109.2,1343.9,Automatic,Bensin,Liquid-cooled,46.1,314868.0,12929.0,2025,10.32,Boros
Roda2,Matic,123.6,1,11.6,108.4,CVT,Bensin,Liquid-cooled,13.5,223589.0,13246.0,2025,42.84,Hemat
Roda4,MPV,1739.7,4,126.9,1393.8,CVT,Bensin,Liquid-cooled,70.4,325569.0,13151.0,2023,9.0,Boros
Roda2,Sport Besar,450.5,3,50.4,206.1,Manual,Bensin,Liquid-cooled,10.6,258304.0,12014.0,2024,17.46,Boros
Roda4,SUV,1963.9,4,150.0,1561.5,Manual,Bensin,Liquid-cooled,47.1,291962.0,10489.0,2020,8.0,Boros
Roda4,MPV,1458.5,4,105.0,1305.1,Manual,Diesel,Liquid-cooled,65.3,294339.0,7950.0,2017,11.35,Boros
Roda4,City Car,1327.2,3,94.5,1001.0,Automatic,Bensin,Liquid-cooled,62.3,348884.0,13688.0,2023,13.0,Boros
Roda4,MPV,1770.7,4,130.0,1500.0,Manual,Diesel,Liquid-cooled,74.3,226578.0,13079.0,2019,9.31,Boros
Roda2,Sport Besar,447.4,2,40.4,196.9,Manual,Bensin,Liquid-cooled,59.1,291549.0,10321.0,2018,18.96,Boros
Roda4,SUV,1691.1,4,118.8,1384.1,Automatic,Diesel,Liquid-cooled,97.5,240825.0,7012.0,2018,8.7,Boros
Roda2,Bebek,106.7,1,8.1,92.8,Manual,Bensin,Air-cooled,43.9,274383.0,13540.0,2026,50.7,Hemat
Roda4,MPV,1448.7,4,103.9,1133.8,Manual,Diesel,Liquid-cooled,41.5,328489.0,12493.0,2020,14.41,Hemat
Roda4,MPV,1421.9,4,88.6,1183.7,Manual,Bensin,Liquid-cooled,41.3,418313.0,11118.0,2019,13.09,Hemat
Roda2,Sport Besar,285.5,4,28.6,163.6,Manual,Bensin,Liquid-cooled,26.0,120641.0,10706.0,2020,21.81,Boros
Roda2,Sport Besar,568.1,3,54.5,227.3,Manual,Bensin,Liquid-cooled,49.5,248961.0,10604.0,2018,16.0,Boros
Roda2,Sport,201.4,1,22.4,149.5,Manual,Bensin,Liquid-cooled,50.7,286664.0,13463.0,2022,28.0,Boros
Roda4,SUV,1991.9,4,149.3,1600.0,Manual,Hybrid,Liquid-cooled,20.9,496954.0,14249.0,2020,8.0,Boros
Roda2,Matic,141.7,1,12.3,111.7,CVT,Bensin,Liquid-cooled,23.7,60620.0,10624.0,2024,35.0,Boros
Roda4,SUV,1920.6,4,145.0,1554.7,DCT,Hybrid,Liquid-cooled,25.6,535842.0,14144.0,2026,8.0,Boros
Roda4,MPV,1368.3,4,93.7,1113.2,CVT,Diesel,Liquid-cooled,32.7,386107.0,8369.0,2015,13.5,Hemat
Roda4,SUV,1559.7,4,107.7,1262.8,Automatic,Hybrid,Liquid-cooled,62.8,420631.0,14183.0,2016,13.35,Hemat
Roda4,City Car,1230.6,3,82.1,907.5,Automatic,Bensin,Liquid-cooled,73.6,514736.0,10332.0,2015,14.9,Boros
Roda4,City Car,1073.1,3,73.8,854.4,Automatic,Bensin,Liquid-cooled,95.9,543123.0,13335.0,2023,13.5,Boros
Roda4,SUV,1516.6,4,111.0,1220.5,CVT,Diesel,Liquid-cooled,38.8,266841.0,12934.0,2017,12.03,Hemat
Roda2,Matic,154.3,1,15.1,117.0,CVT,Bensin,Liquid-cooled,64.3,249386.0,12098.0,2021,35.0,Boros
Roda4,MPV,1602.7,4,107.1,1289.3,CVT,Bensin,Liquid-cooled,32.9,528235.0,11214.0,2021,11.03,Boros
Roda4,SUV,1957.3,4,139.5,1522.3,Automatic,Hybrid,Liquid-cooled,51.7,195559.0,14471.0,2026,8.0,Boros
Roda4,SUV,1863.6,4,138.8,1493.5,Automatic,Bensin,Liquid-cooled,15.0,431374.0,11855.0,2021,8.0,Boros
Roda4,SUV,1545.6,4,105.8,1219.5,Automatic,Bensin,Liquid-cooled,58.8,289553.0,12106.0,2015,10.84,Boros
Roda4,City Car,1022.0,3,65.0,800.0,Manual,Bensin,Liquid-cooled,95.4,322800.0,13412.0,2015,15.59,Hemat
Roda2,Sport Besar,578.1,4,57.5,228.4,Manual,Bensin,Liquid-cooled,66.8,167265.0,13572.0,2021,16.14,Boros
Roda2,Sport,170.8,1,20.0,125.2,Manual,Bensin,Liquid-cooled,75.5,216332.0,10915.0,2021,30.8,Boros
Roda4,MPV,1730.2,4,119.3,1397.9,Manual,Bensin,Liquid-cooled,36.0,306047.0,12430.0,2021,9.0,Boros
Roda4,City Car,1475.8,4,105.0,1068.3,Automatic,Bensin,Liquid-cooled,79.5,533064.0,10031.0,2015,13.0,Boros
Roda2,Matic,152.9,1,14.9,120.0,CVT,Bensin,Air-cooled,46.7,185984.0,11528.0,2023,35.0,Boros
Roda4,City Car,1244.1,4,88.0,866.7,Manual,Bensin,Liquid-cooled,67.0,247199.0,12201.0,2024,14.14,Boros
Roda2,Matic,135.7,1,12.5,108.8,CVT,Bensin,Liquid-cooled,43.9,253514.0,13720.0,2024,35.77,Boros
Roda4,SUV,1589.0,4,110.0,1267.2,Automatic,Diesel,Liquid-cooled,49.6,385543.0,11714.0,2016,12.28,Hemat
Roda4,MPV,1604.9,4,113.7,1344.5,CVT,Diesel,Liquid-cooled,70.4,511143.0,13132.0,2025,11.82,Boros
Roda2,Matic,145.8,1,14.2,118.7,CVT,Bensin,Liquid-cooled,79.5,205648.0,10140.0,2020,35.0,Boros
Roda2,Matic,153.8,1,15.3,122.9,CVT,Bensin,Liquid-cooled,14.3,181395.0,11937.0,2019,35.0,Boros
Roda2,Bebek,141.3,1,11.4,108.9,Manual,Bensin,Air-cooled,71.9,281938.0,13880.0,2021,42.0,Boros
Roda2,Matic,131.6,1,11.2,111.0,CVT,Bensin,Liquid-cooled,39.9,96488.0,10433.0,2017,35.0,Boros
Roda4,MPV,1337.1,4,95.6,1111.9,Automatic,Diesel,Liquid-cooled,90.9,286986.0,10302.0,2024,14.77,Hemat
Roda4,City Car,1140.2,4,79.0,840.5,CVT,Bensin,Liquid-cooled,49.2,144923.0,10103.0,2023,17.89,Hemat
Roda2,Matic,154.1,1,16.0,125.0,CVT,Bensin,Liquid-cooled,77.5,68391.0,10208.0,2015,35.0,Boros
Roda2,Sport,205.5,2,25.8,151.5,Manual,Bensin,Liquid-cooled,65.1,235288.0,10696.0,2023,28.0,Boros
Roda4,SUV,1667.9,4,117.7,1360.9,Automatic,Bensin,Liquid-cooled,62.2,345749.0,11524.0,2020,9.81,Boros
Roda4,MPV,1344.7,4,86.3,1100.0,Manual,Bensin,Liquid-cooled,32.7,549562.0,11261.0,2021,14.66,Hemat
Roda4,City Car,1063.4,3,71.6,800.8,CVT,Bensin,Liquid-cooled,56.7,248564.0,12652.0,2015,18.51,Hemat
Roda4,SUV,1582.4,4,105.3,1270.1,CVT,Diesel,Liquid-cooled,83.7,308045.0,12661.0,2023,12.47,Hemat
Roda4,MPV,1460.5,4,97.8,1218.7,CVT,Diesel,Liquid-cooled,19.1,252139.0,12623.0,2026,14.61,Hemat
Roda4,SUV,1708.1,4,126.5,1394.3,DCT,Hybrid,Liquid-cooled,53.1,128344.0,14427.0,2021,10.38,Boros
Roda2,Sport Besar,542.8,2,59.8,226.6,Manual,Bensin,Liquid-cooled,48.8,284561.0,13172.0,2023,18.93,Boros
Roda4,SUV,1964.5,4,147.5,1596.6,Manual,Diesel,Liquid-cooled,21.6,481576.0,12082.0,2022,8.0,Boros
Roda2,Matic,144.0,1,13.9,118.9,CVT,Bensin,Liquid-cooled,22.7,185236.0,11071.0,2018,35.0,Boros
Roda4,City Car,1499.1,3,105.0,1080.3,Automatic,Bensin,Liquid-cooled,33.0,333691.0,12314.0,2021,13.0,Boros
Roda4,SUV,1773.3,4,124.6,1401.0,Manual,Bensin,Liquid-cooled,68.9,429412.0,12725.0,2018,9.48,Boros
Roda4,City Car,1310.6,3,87.5,999.1,Automatic,Bensin,Liquid-cooled,77.3,111450.0,10350.0,2021,13.03,Boros
Roda4,SUV,1666.0,4,113.3,1347.8,Manual,Diesel,Liquid-cooled,26.0,348117.0,11513.0,2019,12.46,Hemat
Roda4,MPV,1702.6,4,105.8,1418.2,CVT,Bensin,Liquid-cooled,64.6,129219.0,13400.0,2024,10.12,Boros
Roda2,Matic,155.3,1,16.0,123.2,CVT,Bensin,Air-cooled,71.2,264688.0,11574.0,2023,35.0,Boros
Roda2,Matic,151.5,1,13.7,120.4,CVT,Bensin,Liquid-cooled,75.5,246160.0,12546.0,2023,35.0,Boros
Roda2,Sport,191.0,2,21.3,136.9,Manual,Bensin,Liquid-cooled,69.6,235919.0,12197.0,2017,28.0,Boros
Roda2,Bebek,127.5,1,9.3,100.6,Manual,Bensin,Air-cooled,34.8,285431.0,12607.0,2017,42.9,Boros
Roda4,City Car,1409.3,3,104.1,1053.6,Automatic,Bensin,Liquid-cooled,22.1,347115.0,12441.0,2022,13.0,Boros
Roda2,Matic,138.8,1,12.9,110.1,CVT,Bensin,Air-cooled,76.1,252953.0,12893.0,2021,35.0,Boros
Roda2,Matic,141.3,1,13.4,111.8,CVT,Bensin,Liquid-cooled,63.4,177698.0,12171.0,2015,35.0,Boros
Roda2,Matic,115.7,1,10.0,98.1,CVT,Bensin,Air-cooled,60.2,159320.0,11574.0,2024,50.72,Hemat
Roda4,SUV,1966.9,4,150.0,1565.9,Manual,Hybrid,Liquid-cooled,48.4,394079.0,13956.0,2025,8.0,Boros
Roda4,MPV,1330.6,4,88.4,1100.0,CVT,Bensin,Liquid-cooled,99.3,565837.0,11374.0,2018,12.63,Hemat
Roda4,City Car,1062.0,4,71.6,827.8,Manual,Bensin,Liquid-cooled,84.4,464924.0,12296.0,2024,15.59,Hemat
Roda2,Sport,228.6,1,26.7,157.4,Manual,Bensin,Liquid-cooled,28.6,73379.0,12084.0,2018,28.0,Boros
Roda4,City Car,1488.7,4,101.9,1056.9,CVT,Bensin,Liquid-cooled,39.2,272088.0,12472.0,2023,13.0,Boros
Roda2,Matic,135.3,1,13.3,114.5,CVT,Bensin,Liquid-cooled,30.8,120034.0,10569.0,2017,35.0,Boros
Roda4,SUV,1676.3,4,120.5,1356.7,Automatic,Bensin,Liquid-cooled,33.2,517332.0,13845.0,2021,8.75,Boros
Roda2,Bebek,126.3,1,9.5,98.0,Manual,Bensin,Air-cooled,20.0,272524.0,11349.0,2021,42.0,Boros
Roda2,Matic,144.5,1,15.0,121.4,CVT,Bensin,Liquid-cooled,64.4,188056.0,12578.0,2024,35.0,Boros
Roda2,Matic,132.8,1,11.9,112.2,CVT,Bensin,Liquid-cooled,54.1,248785.0,13049.0,2026,42.96,Hemat
Roda2,Matic,120.5,1,9.0,101.9,CVT,Bensin,Air-cooled,79.8,243103.0,12969.0,2017,42.04,Hemat
Roda2,Sport,204.7,2,23.2,150.1,Manual,Bensin,Liquid-cooled,26.1,76234.0,10106.0,2020,30.2,Boros
Roda4,SUV,1824.2,4,134.5,1485.3,Automatic,Hybrid,Liquid-cooled,58.0,452767.0,14388.0,2018,9.75,Boros
Roda2,Matic,126.1,1,10.9,107.1,CVT,Bensin,Liquid-cooled,76.3,267998.0,10978.0,2025,37.03,Boros
Roda4,MPV,1512.7,4,107.0,1295.6,CVT,Bensin,Liquid-cooled,61.0,578217.0,13632.0,2021,12.85,Hemat
Roda2,Matic,156.6,1,15.1,121.6,CVT,Bensin,Air-cooled,56.5,111460.0,13380.0,2026,35.0,Boros
Roda2,Bebek,118.4,1,8.9,97.3,Manual,Bensin,Air-cooled,70.0,166720.0,11403.0,2016,44.33,Boros
Roda4,MPV,1429.8,4,108.6,1226.4,Manual,Bensin,Liquid-cooled,70.7,480122.0,10467.0,2023,11.15,Boros
Roda2,Matic,112.5,1,10.6,96.0,CVT,Bensin,Air-cooled,38.4,95978.0,11401.0,2022,49.17,Hemat
Roda2,Matic,142.8,1,13.3,116.6,CVT,Bensin,Air-cooled,44.8,148394.0,11885.0,2021,35.0,Boros
Roda4,SUV,1964.0,4,143.4,1541.2,Automatic,Diesel,Liquid-cooled,55.1,359336.0,13128.0,2016,8.0,Boros
Roda2,Matic,113.5,1,9.1,95.0,CVT,Bensin,Air-cooled,34.4,83025.0,10494.0,2024,51.56,Hemat
Roda2,Matic,132.6,1,12.6,107.0,CVT,Bensin,Air-cooled,76.0,122727.0,13600.0,2018,37.91,Boros
Roda2,Sport Besar,618.9,2,70.0,244.7,Manual,Bensin,Liquid-cooled,64.0,183669.0,11972.0,2015,16.0,Boros
Roda2,Sport,181.8,2,19.9,133.1,Manual,Bensin,Liquid-cooled,41.4,99487.0,10341.0,2018,32.84,Boros
Roda2,Matic,137.7,1,12.3,104.7,CVT,Bensin,Air-cooled,79.2,68007.0,10177.0,2024,38.51,Boros
Roda4,SUV,1561.1,4,100.0,1314.1,CVT,Diesel,Liquid-cooled,68.7,469042.0,12867.0,2020,13.59,Hemat
Roda2,Sport Besar,564.4,4,61.1,227.7,Manual,Bensin,Liquid-cooled,23.8,159911.0,12923.0,2018,16.0,Boros
Roda2,Sport Besar,474.5,4,59.6,203.4,Manual,Bensin,Liquid-cooled,77.6,106747.0,10289.0,2019,17.56,Boros
Roda2,Matic,155.2,1,15.3,116.8,CVT,Bensin,Liquid-cooled,27.6,273635.0,12789.0,2024,35.0,Boros
Roda2,Bebek,110.2,1,7.8,96.9,Manual,Bensin,Air-cooled,36.5,179323.0,11611.0,2016,47.48,Boros
Roda2,Sport,172.4,2,19.7,134.1,Manual,Bensin,Liquid-cooled,64.6,116112.0,11449.0,2024,34.63,Hemat
Roda2,Matic,145.3,1,13.3,117.4,CVT,Bensin,Liquid-cooled,68.4,85071.0,13458.0,2020,35.0,Boros
Roda4,SUV,1832.7,4,134.9,1496.3,CVT,Hybrid,Liquid-cooled,38.9,185477.0,14464.0,2025,12.28,Hemat
Roda4,City Car,1281.6,4,84.5,1004.6,Manual,Bensin,Liquid-cooled,98.5,408956.0,11472.0,2020,13.0,Boros
Roda4,SUV,1526.3,4,102.6,1200.0,Manual,Bensin,Liquid-cooled,88.0,201029.0,11373.0,2020,11.12,Hemat
Roda2,Matic,159.1,1,15.6,125.0,CVT,Bensin,Liquid-cooled,47.3,58876.0,13708.0,2023,35.0,Boros
Roda2,Sport,181.1,1,18.9,126.7,Manual,Bensin,Liquid-cooled,76.3,185714.0,10247.0,2016,31.08,Boros
Roda2,Bebek,130.5,1,10.0,100.4,Manual,Bensin,Air-cooled,69.8,62374.0,13250.0,2020,42.0,Boros
Roda2,Bebek,119.6,1,8.8,96.3,Manual,Bensin,Air-cooled,10.4,252671.0,13699.0,2023,42.0,Boros
Roda4,MPV,1539.1,4,100.9,1321.1,Automatic,Bensin,Liquid-cooled,59.8,259340.0,11371.0,2024,11.49,Boros
Roda2,Sport,219.9,2,23.6,153.8,Manual,Bensin,Liquid-cooled,76.3,129987.0,10715.0,2024,28.0,Boros
Roda2,Sport Besar,310.6,2,41.2,178.7,Manual,Bensin,Liquid-cooled,52.8,227707.0,10040.0,2023,24.0,Hemat
Roda4,SUV,1986.8,4,150.0,1600.0,CVT,Diesel,Liquid-cooled,44.5,234292.0,11428.0,2019,8.0,Boros
Roda4,City Car,1154.3,4,83.4,896.0,Manual,Bensin,Liquid-cooled,15.3,350774.0,12336.0,2023,13.15,Boros
Roda4,City Car,1104.2,3,75.9,851.7,CVT,Bensin,Liquid-cooled,36.7,276730.0,10557.0,2024,15.9,Hemat
Roda4,SUV,1547.8,4,105.2,1251.5,DCT,Diesel,Liquid-cooled,24.8,253230.0,8280.0,2024,13.4,Hemat
Roda4,MPV,1614.0,4,106.4,1389.1,Automatic,Bensin,Liquid-cooled,83.9,196572.0,13491.0,2021,9.19,Boros
Roda4,MPV,1577.4,4,108.5,1321.6,Manual,Bensin,Liquid-cooled,35.2,210193.0,10158.0,2018,9.72,Boros
Roda2,Matic,119.3,1,11.0,104.3,CVT,Bensin,Liquid-cooled,21.0,109121.0,11427.0,2019,45.04,Hemat
Roda4,City Car,1386.3,4,99.9,1016.0,CVT,Bensin,Liquid-cooled,18.4,384642.0,10411.0,2017,13.0,Boros
Roda4,SUV,1633.9,4,115.5,1346.0,Automatic,Hybrid,Liquid-cooled,43.7,437994.0,14412.0,2025,12.05,Hemat
Roda2,Matic,138.2,1,12.2,111.5,CVT,Bensin,Liquid-cooled,68.6,234139.0,13093.0,2026,43.85,Hemat
Roda2,Bebek,124.3,1,9.5,99.5,Manual,Bensin,Air-cooled,45.2,194226.0,11921.0,2019,45.73,Boros
Roda2,Matic,156.7,1,15.8,121.9,CVT,Bensin,Liquid-cooled,30.5,232783.0,13042.0,2025,35.0,Boros
Roda4,City Car,1349.0,4,92.3,1018.0,Manual,Bensin,Liquid-cooled,34.8,101504.0,12701.0,2023,13.0,Boros
Roda4,SUV,1878.2,4,144.9,1481.8,CVT,Hybrid,Liquid-cooled,21.3,369841.0,14420.0,2019,10.88,Boros
Roda2,Sport Besar,333.6,2,36.3,186.8,Manual,Bensin,Liquid-cooled,47.6,237260.0,10439.0,2017,25.29,Hemat
Roda4,SUV,1680.0,4,116.8,1419.2,DCT,Diesel,Liquid-cooled,72.4,561219.0,9434.0,2017,11.39,Hemat
Roda4,City Car,1061.7,4,65.0,912.6,Automatic,Bensin,Liquid-cooled,24.8,384151.0,11324.0,2022,13.0,Boros
Roda2,Bebek,137.9,1,10.2,103.5,Manual,Bensin,Air-cooled,25.7,105954.0,12094.0,2017,42.0,Boros
Roda4,MPV,1352.0,4,90.2,1100.1,Automatic,Diesel,Liquid-cooled,50.5,337858.0,7437.0,2018,14.03,Hemat
Roda4,SUV,1829.7,4,135.4,1481.6,DCT,Hybrid,Liquid-cooled,47.4,275045.0,14284.0,2019,8.61,Boros
Roda4,City Car,1135.3,4,79.2,865.5,CVT,Bensin,Liquid-cooled,21.8,351354.0,12001.0,2016,15.34,Hemat
Roda2,Bebek,134.7,1,10.8,104.5,Manual,Bensin,Air-cooled,17.4,164134.0,10852.0,2023,42.0,Boros
Roda4,SUV,1658.7,4,117.3,1248.7,Manual,Diesel,Liquid-cooled,94.1,174127.0,8155.0,2020,12.46,Hemat
Roda4,City Car,1013.9,4,71.3,847.3,Manual,Bensin,Liquid-cooled,33.6,219841.0,13122.0,2020,17.02,Hemat
Roda2,Matic,143.7,1,13.2,114.9,CVT,Bensin,Liquid-cooled,55.1,203214.0,12805.0,2018,35.0,Boros
Roda2,Sport,211.5,2,23.5,156.0,Manual,Bensin,Liquid-cooled,72.7,262590.0,13825.0,2018,28.92,Boros
Roda4,City Car,1258.2,3,82.4,951.4,Automatic,Bensin,Liquid-cooled,32.2,296749.0,12676.0,2015,13.0,Boros
Roda2,Sport,203.2,2,24.5,147.5,Manual,Bensin,Liquid-cooled,57.7,161032.0,13409.0,2017,28.0,Boros
Roda4,City Car,1285.9,4,88.1,1018.9,Automatic,Bensin,Liquid-cooled,41.4,196307.0,11571.0,2020,13.0,Boros
Roda2,Sport,217.0,2,26.1,159.1,Manual,Bensin,Liquid-cooled,19.8,117323.0,11625.0,2026,28.0,Boros
Roda2,Bebek,122.2,1,8.4,99.6,Manual,Bensin,Air-cooled,68.0,247323.0,11200.0,2024,42.0,Boros
Roda4,MPV,1310.2,4,86.1,1136.8,Automatic,Diesel,Liquid-cooled,40.4,224357.0,11340.0,2016,13.7,Hemat
Roda4,SUV,1640.4,4,114.4,1251.7,CVT,Bensin,Liquid-cooled,73.0,392804.0,10827.0,2026,12.11,Hemat
Roda2,Matic,128.7,1,11.7,104.9,CVT,Bensin,Air-cooled,58.4,151037.0,13414.0,2023,44.02,Hemat
Roda4,SUV,1968.0,4,145.8,1600.0,Automatic,Bensin,Liquid-cooled,73.0,341140.0,11980.0,2022,8.0,Boros
Roda4,MPV,1306.9,4,91.5,1117.1,Automatic,Bensin,Liquid-cooled,50.9,357019.0,13449.0,2026,13.72,Hemat
Roda4,City Car,1200.0,4,82.1,938.7,Automatic,Bensin,Liquid-cooled,35.5,130219.0,11104.0,2019,13.57,Boros
Roda2,Matic,112.2,1,10.0,102.1,CVT,Bensin,Liquid-cooled,33.7,137840.0,10463.0,2018,43.42,Hemat
Roda2,Sport Besar,325.8,4,35.0,192.4,Manual,Bensin,Liquid-cooled,49.2,87519.0,12333.0,2021,22.76,Hemat
Roda4,MPV,1499.6,4,113.4,1248.9,Automatic,Bensin,Liquid-cooled,97.0,490239.0,10233.0,2017,9.0,Boros
Roda4,SUV,1536.8,4,100.0,1229.2,CVT,Bensin,Liquid-cooled,53.7,297371.0,10360.0,2024,13.93,Hemat
Roda4,SUV,1705.6,4,120.5,1381.9,Automatic,Diesel,Liquid-cooled,40.7,457261.0,7436.0,2017,9.68,Boros
Roda2,Sport Besar,481.1,4,43.5,215.9,Manual,Bensin,Liquid-cooled,14.1,270600.0,11236.0,2019,19.69,Boros
Roda2,Bebek,106.5,1,7.0,90.0,Manual,Bensin,Air-cooled,39.3,199825.0,12003.0,2020,53.5,Hemat
Roda2,Sport Besar,413.3,3,40.6,198.5,Manual,Bensin,Liquid-cooled,49.1,175187.0,11039.0,2015,17.49,Boros
Roda4,MPV,1767.9,4,121.3,1493.4,Automatic,Bensin,Liquid-cooled,19.3,174577.0,13311.0,2020,9.0,Boros
Roda4,City Car,1111.2,3,74.6,841.7,Manual,Bensin,Liquid-cooled,25.1,223242.0,13386.0,2015,16.79,Hemat
Roda2,Matic,144.8,1,13.2,113.1,CVT,Bensin,Liquid-cooled,28.7,160036.0,13104.0,2020,35.0,Boros
Roda4,City Car,1095.4,3,72.3,854.3,Automatic,Bensin,Liquid-cooled,38.9,337538.0,12943.0,2018,16.18,Hemat
Roda2,Matic,151.2,1,15.0,122.0,CVT,Bensin,Liquid-cooled,75.9,215865.0,13398.0,2017,35.0,Boros
Roda4,City Car,1270.9,3,88.4,984.9,CVT,Bensin,Liquid-cooled,48.2,444867.0,10723.0,2015,14.64,Boros
Roda4,City Car,1097.7,3,74.2,879.9,CVT,Bensin,Liquid-cooled,51.5,572289.0,11871.0,2023,18.96,Hemat
Roda4,City Car,1256.9,4,82.7,961.8,CVT,Bensin,Liquid-cooled,41.8,379470.0,12360.0,2019,14.85,Boros
Roda2,Matic,130.7,1,13.1,110.5,CVT,Bensin,Air-cooled,33.6,145382.0,12865.0,2019,35.0,Boros
Roda2,Sport,236.5,2,28.9,170.0,Manual,Bensin,Liquid-cooled,68.4,166035.0,10235.0,2026,28.0,Boros
Roda2,Matic,135.4,1,12.0,110.1,CVT,Bensin,Air-cooled,20.3,187758.0,10564.0,2024,39.99,Boros
Roda4,MPV,1756.8,4,130.0,1481.9,Manual,Bensin,Liquid-cooled,53.6,469971.0,12139.0,2022,9.0,Boros
Roda4,SUV,1704.5,4,122.1,1386.7,Manual,Bensin,Liquid-cooled,96.4,272441.0,10772.0,2015,8.57,Boros
Roda4,City Car,1207.3,4,80.9,886.7,CVT,Bensin,Liquid-cooled,52.3,503959.0,12693.0,2023,15.76,Hemat
Roda4,MPV,1351.8,4,85.0,1148.9,Automatic,Diesel,Liquid-cooled,32.2,380110.0,8086.0,2026,14.76,Hemat
Roda2,Matic,130.0,1,11.5,101.0,CVT,Bensin,Air-cooled,72.6,218550.0,10797.0,2018,43.95,Hemat
Roda4,City Car,1445.9,3,92.9,1038.5,Automatic,Bensin,Liquid-cooled,21.5,181721.0,12414.0,2021,13.0,Boros
Roda2,Matic,132.3,1,12.2,104.7,CVT,Bensin,Liquid-cooled,32.8,289832.0,13702.0,2023,40.17,Boros
Roda2,Matic,110.9,1,9.9,95.6,CVT,Bensin,Liquid-cooled,64.9,73324.0,12031.0,2016,44.3,Hemat
Roda4,MPV,1430.5,4,85.0,1271.8,Manual,Bensin,Liquid-cooled,73.4,510572.0,10433.0,2018,14.55,Hemat
Roda4,SUV,1848.5,4,141.3,1554.6,Manual,Diesel,Liquid-cooled,99.7,485091.0,12744.0,2020,8.0,Boros
Roda4,SUV,1895.2,4,150.0,1502.8,DCT,Hybrid,Liquid-cooled,75.6,404952.0,14113.0,2025,8.24,Boros
Roda4,SUV,1663.6,4,115.6,1214.7,DCT,Hybrid,Liquid-cooled,31.4,284667.0,14245.0,2022,12.48,Hemat
Roda2,Bebek,129.3,1,10.1,102.0,Manual,Bensin,Air-cooled,41.0,226849.0,11518.0,2017,42.0,Boros
Roda2,Matic,110.8,1,9.0,95.0,CVT,Bensin,Liquid-cooled,49.5,211735.0,13392.0,2021,48.94,Hemat
Roda4,SUV,1733.0,4,120.2,1365.5,CVT,Hybrid,Liquid-cooled,87.7,422137.0,14041.0,2020,13.44,Hemat
Roda2,Matic,146.9,1,14.8,118.1,CVT,Bensin,Air-cooled,50.3,148560.0,11196.0,2025,35.0,Boros
Roda2,Bebek,121.1,1,9.4,95.3,Manual,Bensin,Air-cooled,35.1,145962.0,11817.0,2020,42.82,Boros
Roda4,City Car,1441.4,3,96.4,1025.4,CVT,Bensin,Liquid-cooled,97.9,481782.0,13322.0,2016,14.08,Boros
Roda4,MPV,1624.4,4,119.2,1409.2,CVT,Bensin,Liquid-cooled,88.8,556630.0,13001.0,2015,9.0,Boros
Roda2,Matic,133.5,1,12.0,111.4,CVT,Bensin,Liquid-cooled,11.8,135262.0,13133.0,2017,35.0,Boros
Roda2,Bebek,115.4,1,8.0,96.1,Manual,Bensin,Air-cooled,76.7,106682.0,13429.0,2017,48.31,Hemat
Roda4,MPV,1679.4,4,120.2,1429.4,Automatic,Bensin,Liquid-cooled,59.4,385531.0,11803.0,2021,9.0,Boros
Roda4,City Car,1161.4,4,83.2,913.7,CVT,Bensin,Liquid-cooled,36.2,470100.0,11198.0,2017,13.0,Boros
Roda4,City Car,1482.9,3,105.0,1075.9,Automatic,Bensin,Liquid-cooled,22.1,452035.0,11882.0,2017,13.0,Boros
Roda2,Bebek,101.4,1,7.0,90.0,Manual,Bensin,Air-cooled,45.6,297958.0,11038.0,2020,56.7,Hemat
Roda2,Sport,178.9,2,16.9,133.3,Manual,Bensin,Liquid-cooled,30.5,133496.0,10106.0,2025,37.41,Hemat
Roda4,SUV,1758.0,4,120.5,1379.1,CVT,Hybrid,Liquid-cooled,55.2,572781.0,14298.0,2025,11.75,Hemat
Roda2,Sport,233.1,2,27.2,154.9,Manual,Bensin,Liquid-cooled,70.8,233568.0,10085.0,2025,28.0,Boros
Roda2,Bebek,150.0,1,11.8,110.0,Manual,Bensin,Air-cooled,45.0,158182.0,11785.0,2021,42.0,Boros
Roda4,City Car,1261.6,3,91.5,990.5,Automatic,Bensin,Liquid-cooled,60.2,268223.0,12784.0,2017,13.0,Boros
Roda2,Bebek,132.8,1,10.1,103.3,Manual,Bensin,Air-cooled,60.1,293198.0,13834.0,2018,42.0,Boros
Roda2,Matic,116.6,1,10.5,101.2,CVT,Bensin,Air-cooled,41.0,70568.0,13479.0,2021,49.57,Hemat
Roda2,Sport Besar,579.7,4,63.0,235.5,Manual,Bensin,Liquid-cooled,34.0,292231.0,12166.0,2025,16.0,Boros
Roda2,Bebek,124.8,1,9.1,99.1,Manual,Bensin,Air-cooled,60.5,117887.0,11570.0,2016,43.33,Boros
Roda2,Sport,219.8,1,25.3,152.9,Manual,Bensin,Liquid-cooled,59.6,289042.0,12437.0,2023,28.0,Boros
Roda4,City Car,1261.4,4,83.5,962.4,Automatic,Bensin,Liquid-cooled,17.0,412677.0,11538.0,2021,13.0,Boros
Roda2,Sport,216.6,2,23.9,156.3,Manual,Bensin,Liquid-cooled,22.0,143065.0,12341.0,2017,28.0,Boros
Roda2,Sport Besar,594.6,4,66.0,231.6,Manual,Bensin,Liquid-cooled,76.6,187354.0,12086.0,2021,16.0,Boros
Roda4,City Car,1146.1,4,73.4,904.2,Manual,Bensin,Liquid-cooled,37.4,577154.0,13363.0,2026,15.01,Hemat
Roda2,Matic,125.6,1,11.1,104.5,CVT,Bensin,Air-cooled,35.2,272372.0,12693.0,2026,49.99,Hemat
Roda4,SUV,1754.1,4,121.4,1385.9,Automatic,Hybrid,Liquid-cooled,37.3,263553.0,14098.0,2016,9.19,Boros
Roda2,Sport Besar,308.0,3,32.9,167.9,Manual,Bensin,Liquid-cooled,67.5,207485.0,13066.0,2015,19.36,Boros
Roda2,Bebek,133.2,1,10.4,103.9,Manual,Bensin,Air-cooled,67.7,154427.0,10285.0,2020,42.0,Boros
Roda2,Sport Besar,430.7,2,38.8,195.0,Manual,Bensin,Liquid-cooled,18.6,136822.0,10327.0,2023,19.7,Boros
Roda4,MPV,1508.8,4,98.7,1332.9,Automatic,Diesel,Liquid-cooled,51.1,548318.0,10642.0,2016,12.73,Hemat
Roda2,Matic,141.1,1,13.1,111.8,CVT,Bensin,Liquid-cooled,64.9,125460.0,11998.0,2025,39.61,Boros
Roda4,MPV,1690.5,4,126.8,1398.6,CVT,Diesel,Liquid-cooled,58.5,216444.0,11853.0,2021,10.04,Boros
Roda4,MPV,1492.9,4,103.1,1307.1,Manual,Bensin,Liquid-cooled,93.8,506001.0,13630.0,2025,10.12,Boros
Roda4,SUV,1722.0,4,117.3,1381.3,CVT,Hybrid,Liquid-cooled,33.0,431076.0,13993.0,2016,9.95,Boros
Roda2,Sport Besar,644.2,3,70.0,241.6,Manual,Bensin,Liquid-cooled,37.7,267724.0,10107.0,2019,16.0,Boros
Roda2,Matic,143.5,1,13.3,109.3,CVT,Bensin,Liquid-cooled,35.5,268303.0,10665.0,2024,35.0,Boros
Roda4,MPV,1314.5,4,88.2,1123.4,Manual,Bensin,Liquid-cooled,44.6,125381.0,11629.0,2018,14.22,Hemat
Roda4,City Car,1493.3,4,105.0,1098.7,Manual,Bensin,Liquid-cooled,87.9,520034.0,13168.0,2019,13.0,Boros
Roda4,City Car,1266.3,4,81.8,921.5,Automatic,Bensin,Liquid-cooled,63.9,578240.0,12904.0,2023,13.0,Boros
Roda4,City Car,1355.1,4,87.6,1053.9,Manual,Bensin,Liquid-cooled,68.3,132823.0,13178.0,2018,13.0,Boros
Roda2,Bebek,122.1,1,9.0,98.0,Manual,Bensin,Air-cooled,27.1,199502.0,11502.0,2026,44.53,Boros
Roda4,SUV,1739.7,4,131.4,1405.2,DCT,Bensin,Liquid-cooled,26.8,599828.0,11348.0,2023,8.0,Boros
Roda2,Bebek,120.1,1,10.5,98.5,Manual,Bensin,Air-cooled,55.0,69639.0,12888.0,2020,42.0,Boros
Roda4,SUV,1593.0,4,107.0,1231.4,DCT,Hybrid,Liquid-cooled,69.2,100347.0,14348.0,2015,11.71,Hemat
Roda4,SUV,1949.2,4,140.7,1557.2,Manual,Hybrid,Liquid-cooled,81.8,254434.0,14098.0,2021,8.0,Boros
Roda4,SUV,1658.9,4,105.5,1305.2,Automatic,Diesel,Liquid-cooled,88.8,393469.0,11212.0,2017,12.47,Hemat
Roda4,SUV,1714.6,4,117.5,1396.3,CVT,Bensin,Liquid-cooled,22.9,328419.0,12809.0,2018,8.96,Boros
Roda2,Bebek,147.8,1,11.9,107.8,Manual,Bensin,Air-cooled,66.6,69104.0,11090.0,2015,42.0,Boros
Roda4,SUV,1904.6,4,135.4,1549.0,CVT,Hybrid,Liquid-cooled,26.4,541960.0,14326.0,2016,10.48,Boros
Roda2,Bebek,131.8,1,9.5,106.1,Manual,Bensin,Air-cooled,32.0,60763.0,13046.0,2024,42.0,Boros
Roda2,Matic,130.1,1,11.1,107.3,CVT,Bensin,Liquid-cooled,79.8,293798.0,13769.0,2024,44.62,Hemat
Roda2,Sport,229.4,1,25.8,156.8,Manual,Bensin,Liquid-cooled,28.4,107546.0,12568.0,2025,28.0,Boros
Roda2,Bebek,141.1,1,10.9,103.9,Manual,Bensin,Air-cooled,23.1,264544.0,13194.0,2017,42.0,Boros
Roda4,SUV,1588.3,4,100.0,1264.9,Manual,Hybrid,Liquid-cooled,93.2,309550.0,14299.0,2026,13.59,Hemat
Roda4,MPV,1522.1,4,106.0,1285.0,Manual,Bensin,Liquid-cooled,71.3,117755.0,10426.0,2015,10.87,Boros
Roda2,Matic,146.7,1,14.1,117.6,CVT,Bensin,Liquid-cooled,60.0,233984.0,10539.0,2024,35.0,Boros
Roda4,MPV,1450.2,4,101.8,1220.8,Automatic,Diesel,Liquid-cooled,30.6,275856.0,9832.0,2022,13.25,Hemat
Roda2,Matic,138.6,1,13.2,110.2,CVT,Bensin,Air-cooled,59.2,242149.0,11470.0,2018,35.0,Boros
Roda4,City Car,1234.6,3,86.0,921.1,CVT,Bensin,Liquid-cooled,80.2,472892.0,10723.0,2024,17.33,Hemat
Roda4,MPV,1552.6,4,105.2,1257.4,Manual,Bensin,Liquid-cooled,69.0,298335.0,12419.0,2025,10.37,Boros
Roda2,Bebek,127.7,1,9.7,102.4,Manual,Bensin,Air-cooled,50.1,109584.0,13096.0,2020,42.0,Boros
Roda2,Bebek,114.9,1,8.2,98.7,Manual,Bensin,Air-cooled,48.1,293945.0,11440.0,2018,42.0,Boros
Roda2,Matic,123.8,1,10.4,98.8,CVT,Bensin,Air-cooled,14.1,224066.0,10206.0,2015,38.31,Boros
Roda2,Matic,137.1,1,12.7,112.0,CVT,Bensin,Air-cooled,38.3,251156.0,11824.0,2017,35.0,Boros
Roda2,Sport Besar,577.2,3,69.5,245.1,Manual,Bensin,Liquid-cooled,42.6,211076.0,11199.0,2019,16.0,Boros
Roda4,SUV,1981.9,4,150.0,1558.5,Automatic,Hybrid,Liquid-cooled,66.9,412705.0,14353.0,2025,8.0,Boros
Roda2,Matic,130.9,1,11.8,108.1,CVT,Bensin,Liquid-cooled,37.4,66227.0,11514.0,2023,45.49,Hemat
Roda2,Bebek,111.9,1,8.2,91.7,Manual,Bensin,Air-cooled,10.6,212074.0,11993.0,2025,54.38,Hemat
Roda2,Bebek,100.7,1,7.0,90.0,Manual,Bensin,Air-cooled,59.7,287211.0,10123.0,2020,53.42,Hemat
Roda4,SUV,1540.9,4,105.1,1261.2,DCT,Hybrid,Liquid-cooled,25.2,308520.0,14236.0,2015,12.69,Hemat
Roda4,MPV,1692.8,4,117.3,1418.7,Manual,Diesel,Liquid-cooled,66.5,198740.0,7127.0,2016,9.0,Boros
Roda2,Bebek,111.6,1,7.9,95.4,Manual,Bensin,Air-cooled,30.6,109271.0,13699.0,2015,42.0,Boros
Roda4,MPV,1429.2,4,105.2,1192.7,CVT,Diesel,Liquid-cooled,95.8,356430.0,11885.0,2017,14.21,Hemat
Roda2,Bebek,110.2,1,7.5,95.3,Manual,Bensin,Air-cooled,54.3,233976.0,13308.0,2021,50.22,Hemat
Roda2,Sport,165.7,2,19.3,123.9,Manual,Bensin,Liquid-cooled,45.0,265060.0,13522.0,2020,35.12,Hemat
Roda4,City Car,1297.7,4,84.3,961.3,Manual,Bensin,Liquid-cooled,90.0,161364.0,11847.0,2021,15.46,Hemat
Roda2,Matic,125.8,1,11.4,103.5,CVT,Bensin,Air-cooled,44.4,113955.0,10219.0,2020,46.49,Hemat
Roda2,Matic,118.9,1,10.1,95.0,CVT,Bensin,Air-cooled,71.8,126843.0,12699.0,2024,51.97,Hemat
Roda2,Bebek,144.7,1,12.0,106.9,Manual,Bensin,Air-cooled,59.5,244643.0,10558.0,2015,42.0,Boros
Roda2,Matic,150.0,1,14.1,116.9,CVT,Bensin,Air-cooled,45.6,280474.0,13352.0,2018,35.0,Boros
Roda2,Sport Besar,281.6,3,25.0,174.5,Manual,Bensin,Liquid-cooled,53.1,272762.0,10235.0,2023,24.04,Hemat
Roda4,MPV,1429.2,4,100.7,1259.7,Automatic,Bensin,Liquid-cooled,44.2,457043.0,10049.0,2024,11.71,Boros
Roda2,Matic,133.7,1,12.3,106.9,CVT,Bensin,Liquid-cooled,76.5,224736.0,11987.0,2018,35.0,Boros
Roda4,City Car,1286.3,3,84.4,979.8,CVT,Bensin,Liquid-cooled,81.1,425167.0,10631.0,2015,13.34,Boros
Roda2,Sport,200.2,2,22.9,141.2,Manual,Bensin,Liquid-cooled,15.2,259088.0,11267.0,2016,28.0,Boros
Roda2,Bebek,102.8,1,7.0,91.6,Manual,Bensin,Air-cooled,22.7,95851.0,11187.0,2016,54.05,Hemat
Roda4,City Car,1173.7,3,80.2,950.0,CVT,Bensin,Liquid-cooled,80.6,352577.0,10337.0,2020,14.27,Boros
Roda2,Matic,115.7,1,9.4,100.6,CVT,Bensin,Liquid-cooled,13.3,250293.0,12357.0,2023,44.91,Hemat
Roda4,SUV,1997.1,4,147.8,1535.1,DCT,Hybrid,Liquid-cooled,29.5,381064.0,14316.0,2022,9.14,Boros
Roda2,Sport,220.9,1,26.2,150.6,Manual,Bensin,Liquid-cooled,45.6,283655.0,13243.0,2025,28.0,Boros
Roda4,MPV,1493.5,4,102.1,1304.6,Manual,Bensin,Liquid-cooled,82.1,512006.0,10739.0,2015,9.35,Boros
Roda4,MPV,1572.0,4,111.0,1384.0,Manual,Diesel,Liquid-cooled,95.8,136637.0,10256.0,2015,9.0,Boros
Roda2,Bebek,109.1,1,8.1,91.2,Manual,Bensin,Air-cooled,65.2,79777.0,10548.0,2021,51.37,Hemat
Roda4,SUV,1817.1,4,136.0,1477.8,CVT,Diesel,Liquid-cooled,92.0,466764.0,9556.0,2020,8.4,Boros
Roda4,MPV,1477.4,4,97.0,1218.2,CVT,Bensin,Liquid-cooled,46.5,388658.0,13467.0,2016,14.61,Hemat
Roda2,Sport,201.5,2,22.6,142.5,Manual,Bensin,Liquid-cooled,23.8,50169.0,11426.0,2024,28.33,Boros
Roda2,Sport,189.5,2,18.3,145.3,Manual,Bensin,Liquid-cooled,14.2,279490.0,10669.0,2020,29.42,Boros
Roda2,Matic,115.9,1,9.1,97.4,CVT,Bensin,Air-cooled,49.7,137356.0,12750.0,2022,44.03,Hemat
Roda4,MPV,1654.0,4,122.1,1369.9,Automatic,Bensin,Liquid-cooled,58.9,541277.0,13339.0,2020,9.0,Boros
Roda4,SUV,1958.0,4,147.6,1572.2,DCT,Bensin,Liquid-cooled,59.4,500671.0,10607.0,2018,8.0,Boros
Roda2,Bebek,148.0,1,11.7,110.0,Manual,Bensin,Air-cooled,65.9,123206.0,13822.0,2024,42.0,Boros
Roda2,Bebek,108.9,1,8.3,96.6,Manual,Bensin,Air-cooled,62.4,118079.0,10458.0,2015,47.92,Boros
Roda4,SUV,1866.7,4,130.1,1515.1,DCT,Bensin,Liquid-cooled,51.7,593433.0,13886.0,2016,8.0,Boros
Roda2,Sport Besar,382.0,4,43.8,178.1,Manual,Bensin,Liquid-cooled,31.4,155827.0,10068.0,2021,19.63,Boros
Roda4,SUV,1771.1,4,129.9,1444.1,DCT,Diesel,Liquid-cooled,93.3,365560.0,12535.0,2021,8.69,Boros
Roda2,Matic,149.0,1,14.6,115.9,CVT,Bensin,Liquid-cooled,67.0,259048.0,11406.0,2023,35.0,Boros
Roda4,SUV,1602.6,4,106.3,1210.3,CVT,Bensin,Liquid-cooled,34.0,190075.0,12018.0,2025,12.18,Hemat
Roda4,MPV,1526.7,4,109.6,1246.1,CVT,Bensin,Liquid-cooled,41.1,109381.0,10728.0,2018,10.11,Boros
Roda2,Matic,143.6,1,14.8,111.0,CVT,Bensin,Liquid-cooled,67.6,151503.0,13840.0,2019,35.0,Boros
Roda2,Bebek,127.0,1,10.2,100.2,Manual,Bensin,Air-cooled,12.8,80527.0,11764.0,2024,42.0,Boros
Roda4,City Car,1290.7,3,84.5,970.9,Automatic,Bensin,Liquid-cooled,75.5,205145.0,13098.0,2016,13.0,Boros
Roda2,Sport Besar,440.5,4,47.6,191.1,Manual,Bensin,Liquid-cooled,25.8,121419.0,10482.0,2019,20.19,Boros
Roda4,MPV,1755.2,4,120.3,1437.8,CVT,Diesel,Liquid-cooled,26.2,278706.0,13056.0,2020,9.95,Boros
Roda4,SUV,1937.3,4,143.4,1473.8,Automatic,Diesel,Liquid-cooled,26.0,383131.0,10146.0,2026,8.0,Boros
Roda4,MPV,1708.8,4,116.9,1466.7,Manual,Diesel,Liquid-cooled,27.7,534073.0,12705.0,2015,9.0,Boros
Roda2,Matic,151.0,1,14.2,115.3,CVT,Bensin,Air-cooled,41.5,142974.0,11798.0,2019,35.0,Boros
Roda2,Bebek,133.7,1,10.8,105.6,Manual,Bensin,Air-cooled,67.5,50391.0,12482.0,2026,42.0,Boros
Roda4,City Car,1151.0,4,73.7,869.9,CVT,Bensin,Liquid-cooled,35.6,178915.0,12406.0,2024,18.9,Hemat
Roda4,City Car,1024.2,4,65.0,815.1,Automatic,Bensin,Liquid-cooled,49.5,172914.0,10614.0,2020,17.25,Hemat
Roda4,MPV,1697.8,4,121.7,1426.5,CVT,Bensin,Liquid-cooled,91.7,129575.0,11115.0,2023,9.0,Boros
Roda2,Sport Besar,619.4,3,67.2,241.2,Manual,Bensin,Liquid-cooled,66.1,133220.0,10839.0,2015,16.0,Boros
Roda4,MPV,1768.8,4,130.0,1487.4,CVT,Bensin,Liquid-cooled,76.1,369102.0,12822.0,2026,9.25,Boros
Roda2,Bebek,119.3,1,8.3,98.4,Manual,Bensin,Air-cooled,70.3,267160.0,12825.0,2025,48.52,Hemat
Roda2,Bebek,139.7,1,11.5,106.2,Manual,Bensin,Air-cooled,66.4,261260.0,11541.0,2018,42.0,Boros
Roda4,SUV,1693.1,4,110.8,1327.1,DCT,Hybrid,Liquid-cooled,23.0,282322.0,14069.0,2024,14.62,Hemat
Roda4,SUV,1907.6,4,143.5,1506.7,DCT,Bensin,Liquid-cooled,85.9,469502.0,12613.0,2024,8.35,Boros
Roda4,SUV,1768.5,4,118.9,1368.0,Manual,Diesel,Liquid-cooled,29.3,343816.0,8015.0,2020,10.26,Boros
Roda4,SUV,1605.7,4,104.0,1306.9,Automatic,Bensin,Liquid-cooled,61.9,118367.0,10226.0,2018,9.77,Boros
Roda4,SUV,1787.9,4,132.8,1420.3,Manual,Bensin,Liquid-cooled,69.8,203076.0,12110.0,2026,8.0,Boros
Roda4,MPV,1673.3,4,124.9,1308.9,CVT,Bensin,Liquid-cooled,17.2,130820.0,12498.0,2016,9.31,Boros
Roda2,Bebek,108.9,1,8.7,94.9,Manual,Bensin,Air-cooled,37.5,109231.0,10378.0,2021,52.63,Hemat
Roda2,Matic,128.4,1,12.2,105.8,CVT,Bensin,Liquid-cooled,19.4,114078.0,13797.0,2017,36.82,Boros
Roda2,Matic,120.5,1,10.1,97.1,CVT,Bensin,Liquid-cooled,48.4,73228.0,11472.0,2018,48.56,Hemat
Roda4,MPV,1424.1,4,97.8,1214.1,Manual,Bensin,Liquid-cooled,16.2,191713.0,12671.0,2022,11.03,Boros
Roda4,City Car,1278.4,3,88.2,936.5,CVT,Bensin,Liquid-cooled,99.5,512948.0,12177.0,2018,13.0,Boros
Roda2,Sport Besar,468.9,4,52.0,196.7,Manual,Bensin,Liquid-cooled,30.3,101903.0,12982.0,2015,17.09,Boros
Roda2,Matic,144.2,1,14.8,119.8,CVT,Bensin,Liquid-cooled,40.9,123162.0,12295.0,2021,35.0,Boros
Roda2,Sport Besar,461.4,2,48.2,187.2,Manual,Bensin,Liquid-cooled,32.9,265929.0,10823.0,2022,19.49,Boros
Roda2,Bebek,145.4,1,12.0,105.8,Manual,Bensin,Air-cooled,59.1,197255.0,13661.0,2025,42.0,Boros
Roda2,Sport,206.4,2,22.9,143.5,Manual,Bensin,Liquid-cooled,59.2,212701.0,10355.0,2024,28.0,Boros
Roda4,City Car,1166.9,4,78.4,887.8,CVT,Bensin,Liquid-cooled,72.7,411548.0,10383.0,2018,13.0,Boros
Roda4,City Car,1295.7,3,88.6,976.9,Automatic,Bensin,Liquid-cooled,36.4,458507.0,11590.0,2016,13.0,Boros
Roda4,MPV,1526.5,4,105.4,1229.7,Automatic,Diesel,Liquid-cooled,21.1,408327.0,6821.0,2018,12.14,Hemat
Roda2,Bebek,140.7,1,10.4,107.1,Manual,Bensin,Air-cooled,40.8,67327.0,12255.0,2019,42.0,Boros
Roda4,SUV,1576.4,4,116.7,1306.8,CVT,Hybrid,Liquid-cooled,39.6,353308.0,14394.0,2024,12.89,Hemat
Roda4,City Car,1177.4,4,74.3,977.2,Manual,Bensin,Liquid-cooled,40.4,250100.0,13869.0,2026,13.08,Boros
Roda2,Sport Besar,423.3,2,46.0,189.2,Manual,Bensin,Liquid-cooled,11.7,75988.0,13632.0,2025,18.6,Boros
Roda4,MPV,1564.4,4,105.4,1311.9,Manual,Bensin,Liquid-cooled,53.6,597262.0,12089.0,2023,10.07,Boros
Roda2,Matic,133.5,1,13.1,109.7,CVT,Bensin,Liquid-cooled,16.5,234695.0,13744.0,2020,38.03,Boros
Roda2,Bebek,129.9,1,9.7,97.2,Manual,Bensin,Air-cooled,33.8,267412.0,10344.0,2017,42.07,Boros
Roda2,Bebek,108.5,1,7.2,93.1,Manual,Bensin,Air-cooled,39.1,56001.0,11308.0,2023,52.98,Hemat
Roda2,Sport Besar,293.7,3,29.2,162.3,Manual,Bensin,Liquid-cooled,16.3,179602.0,12008.0,2023,21.47,Boros
Roda2,Sport Besar,417.3,4,41.0,194.0,Manual,Bensin,Liquid-cooled,11.6,266293.0,10112.0,2023,17.78,Boros
Roda4,MPV,1569.8,4,109.1,1372.4,CVT,Bensin,Liquid-cooled,20.4,188154.0,10661.0,2019,9.73,Boros
Roda4,SUV,1602.8,4,107.9,1331.8,CVT,Bensin,Liquid-cooled,75.0,516119.0,11519.0,2019,10.22,Boros
Roda4,MPV,1377.7,4,88.5,1100.0,Manual,Bensin,Liquid-cooled,98.6,187212.0,10396.0,2018,12.27,Hemat
Roda2,Matic,157.8,1,15.5,125.0,CVT,Bensin,Liquid-cooled,38.8,200513.0,12476.0,2019,35.0,Boros
Roda2,Sport Besar,423.5,4,39.6,204.0,Manual,Bensin,Liquid-cooled,27.0,81008.0,11373.0,2018,18.52,Boros
Roda4,SUV,1537.1,4,102.8,1246.4,Automatic,Hybrid,Liquid-cooled,88.8,408741.0,13906.0,2025,13.38,Hemat
Roda4,SUV,1839.8,4,136.8,1481.1,Automatic,Bensin,Liquid-cooled,51.6,156926.0,11311.0,2020,8.0,Boros
Roda2,Matic,147.8,1,13.9,112.8,CVT,Bensin,Air-cooled,63.4,278785.0,10928.0,2015,35.0,Boros
Roda2,Bebek,140.4,1,11.7,107.4,Manual,Bensin,Air-cooled,10.3,106802.0,11585.0,2021,42.0,Boros
Roda2,Bebek,142.6,1,10.9,108.7,Manual,Bensin,Air-cooled,56.3,275818.0,10384.0,2017,42.0,Boros
Roda4,SUV,1596.6,4,112.6,1277.8,Manual,Bensin,Liquid-cooled,34.6,205104.0,13248.0,2022,12.36,Hemat
Roda2,Matic,142.6,1,13.7,123.7,CVT,Bensin,Liquid-cooled,22.2,187953.0,13686.0,2015,35.0,Boros
Roda2,Matic,157.7,1,15.4,121.6,CVT,Bensin,Air-cooled,59.0,141679.0,11763.0,2020,35.0,Boros
Roda2,Sport Besar,479.3,2,58.2,214.4,Manual,Bensin,Liquid-cooled,26.7,127563.0,11233.0,2022,19.6,Boros
Roda2,Sport Besar,452.6,3,41.7,201.7,Manual,Bensin,Liquid-cooled,71.4,294330.0,11957.0,2017,16.0,Boros
Roda2,Matic,136.6,1,13.0,114.7,CVT,Bensin,Liquid-cooled,57.8,215182.0,13707.0,2023,35.0,Boros
Roda4,City Car,1187.0,3,81.9,922.3,Automatic,Bensin,Liquid-cooled,18.9,351245.0,12994.0,2018,13.65,Boros
Roda4,SUV,1503.9,4,105.7,1200.0,DCT,Hybrid,Liquid-cooled,38.8,577628.0,14352.0,2021,14.45,Hemat
Roda4,MPV,1573.6,4,113.8,1298.4,Automatic,Bensin,Liquid-cooled,17.9,566446.0,10099.0,2025,9.0,Boros
Roda4,MPV,1421.8,4,92.8,1200.3,Automatic,Bensin,Liquid-cooled,84.7,550601.0,10814.0,2017,11.44,Boros
Roda4,SUV,1652.3,4,109.3,1359.8,Automatic,Bensin,Liquid-cooled,25.3,165134.0,13281.0,2022,8.0,Boros
Roda4,City Car,1430.2,4,101.9,1100.0,Manual,Bensin,Liquid-cooled,98.7,152227.0,10184.0,2016,13.0,Boros
Roda4,City Car,1415.3,3,95.5,995.7,Manual,Bensin,Liquid-cooled,94.8,327623.0,10334.0,2017,13.0,Boros
Roda4,SUV,1951.9,4,142.5,1526.7,CVT,Diesel,Liquid-cooled,52.0,304334.0,12282.0,2022,8.28,Boros
Roda4,City Car,1404.3,4,96.0,1069.1,CVT,Bensin,Liquid-cooled,63.9,237222.0,11150.0,2015,13.0,Boros
Roda2,Matic,142.8,1,14.7,112.8,CVT,Bensin,Liquid-cooled,71.6,171930.0,12459.0,2024,35.0,Boros
Roda4,MPV,1444.4,4,96.1,1262.8,Manual,Bensin,Liquid-cooled,52.5,475782.0,12803.0,2021,10.8,Boros
Roda2,Sport Besar,572.1,2,61.2,223.4,Manual,Bensin,Liquid-cooled,44.7,103777.0,10036.0,2025,16.0,Boros
Roda4,SUV,1776.9,4,127.4,1363.4,DCT,Diesel,Liquid-cooled,62.0,350312.0,8162.0,2026,11.92,Hemat
Roda2,Sport Besar,311.6,3,26.9,160.9,Manual,Bensin,Liquid-cooled,63.5,277982.0,12255.0,2016,22.12,Hemat
Roda4,MPV,1398.4,4,88.6,1168.0,CVT,Diesel,Liquid-cooled,54.8,176347.0,11865.0,2018,16.07,Hemat
Roda4,SUV,1684.1,4,113.1,1316.0,DCT,Diesel,Liquid-cooled,65.3,131441.0,9725.0,2016,12.23,Hemat
Roda2,Sport,164.4,2,15.9,127.6,Manual,Bensin,Liquid-cooled,75.7,189445.0,12736.0,2021,36.79,Hemat
Roda2,Sport Besar,320.4,4,33.5,188.2,Manual,Bensin,Liquid-cooled,34.0,180286.0,11010.0,2023,24.85,Hemat
Roda4,MPV,1385.4,4,98.2,1129.4,CVT,Diesel,Liquid-cooled,46.6,498210.0,12229.0,2015,15.56,Hemat
Roda4,MPV,1464.5,4,97.9,1236.6,Manual,Bensin,Liquid-cooled,25.5,477706.0,10241.0,2019,12.96,Hemat
Roda2,Sport Besar,577.2,4,60.8,240.1,Manual,Bensin,Liquid-cooled,71.4,112481.0,11223.0,2015,16.0,Boros
Roda4,MPV,1701.8,4,122.3,1430.9,Manual,Diesel,Liquid-cooled,37.3,149849.0,10210.0,2023,9.16,Boros
Roda2,Matic,115.3,1,9.0,101.0,CVT,Bensin,Air-cooled,74.3,200751.0,13132.0,2017,45.09,Hemat
Roda4,SUV,1841.7,4,134.6,1466.0,Automatic,Hybrid,Liquid-cooled,69.2,145047.0,13985.0,2016,8.03,Boros
Roda2,Sport,191.9,1,20.8,147.4,Manual,Bensin,Liquid-cooled,62.0,53374.0,13512.0,2022,31.25,Boros
Roda2,Matic,153.1,1,14.2,121.5,CVT,Bensin,Liquid-cooled,57.7,143219.0,10568.0,2023,35.0,Boros
Roda4,SUV,1760.2,4,121.0,1400.6,DCT,Bensin,Liquid-cooled,81.6,586479.0,12454.0,2019,8.38,Boros
Roda4,MPV,1538.7,4,106.8,1274.3,Manual,Bensin,Liquid-cooled,55.3,328578.0,13320.0,2024,10.79,Boros
Roda2,Bebek,109.7,1,8.3,93.4,Manual,Bensin,Air-cooled,15.0,193466.0,12207.0,2017,48.47,Hemat
Roda4,SUV,1854.7,4,128.5,1466.1,CVT,Bensin,Liquid-cooled,55.5,365655.0,13575.0,2016,9.57,Boros
Roda4,City Car,1366.6,4,96.7,1017.8,Manual,Bensin,Liquid-cooled,73.8,422663.0,12160.0,2020,13.0,Boros
Roda2,Matic,132.6,1,12.5,109.0,CVT,Bensin,Air-cooled,60.2,189512.0,10221.0,2026,46.35,Hemat
Roda2,Sport Besar,381.4,4,37.0,163.8,Manual,Bensin,Liquid-cooled,51.4,235408.0,10581.0,2016,23.14,Hemat
Roda2,Sport Besar,342.0,4,35.1,167.9,Manual,Bensin,Liquid-cooled,66.3,283989.0,13895.0,2020,20.7,Boros
Roda4,City Car,1112.7,4,78.6,856.7,CVT,Bensin,Liquid-cooled,51.8,559763.0,12228.0,2026,18.19,Hemat
Roda2,Sport,205.9,1,22.2,158.5,Manual,Bensin,Liquid-cooled,23.0,128910.0,10145.0,2020,28.0,Boros
Roda2,Sport,189.6,1,21.6,143.3,Manual,Bensin,Liquid-cooled,73.0,70429.0,13761.0,2024,29.84,Boros
Roda4,City Car,1339.4,4,88.2,960.3,Automatic,Bensin,Liquid-cooled,25.8,316015.0,12991.0,2015,13.0,Boros
Roda4,SUV,1985.7,4,142.7,1600.0,DCT,Hybrid,Liquid-cooled,21.1,228476.0,14479.0,2025,8.89,Boros
Roda2,Matic,122.0,1,11.9,98.2,CVT,Bensin,Air-cooled,26.1,178986.0,10989.0,2023,39.06,Boros
Roda2,Bebek,109.8,1,7.5,95.9,Manual,Bensin,Air-cooled,63.8,60901.0,13879.0,2017,42.0,Boros
Roda4,SUV,1961.0,4,150.0,1539.2,CVT,Bensin,Liquid-cooled,48.5,478697.0,10429.0,2016,8.0,Boros
Roda2,Sport,216.8,1,27.1,163.5,Manual,Bensin,Liquid-cooled,54.4,105416.0,11621.0,2026,28.0,Boros
Roda2,Sport,169.7,1,18.9,136.0,Manual,Bensin,Liquid-cooled,21.5,282496.0,11282.0,2024,34.02,Hemat
Roda4,MPV,1445.7,4,106.8,1234.5,CVT,Bensin,Liquid-cooled,78.7,140507.0,12720.0,2023,12.68,Hemat
Roda4,MPV,1376.8,4,99.1,1210.5,Automatic,Bensin,Liquid-cooled,65.9,149932.0,12908.0,2016,10.95,Boros
Roda2,Bebek,127.0,1,9.7,101.8,Manual,Bensin,Air-cooled,48.6,260274.0,13888.0,2025,42.0,Boros
Roda2,Sport Besar,554.6,2,56.7,225.9,Manual,Bensin,Liquid-cooled,74.0,238900.0,11758.0,2023,16.0,Boros
Roda4,City Car,1383.5,3,96.6,1071.7,Manual,Bensin,Liquid-cooled,61.1,473130.0,10140.0,2025,13.0,Boros
Roda2,Bebek,107.0,1,7.5,92.8,Manual,Bensin,Air-cooled,47.2,83947.0,10387.0,2025,48.36,Hemat
Roda2,Bebek,103.2,1,7.4,91.3,Manual,Bensin,Air-cooled,62.7,175008.0,10498.0,2023,48.82,Hemat
Roda4,SUV,1758.8,4,121.8,1447.1,Automatic,Diesel,Liquid-cooled,74.8,353793.0,9692.0,2017,8.0,Boros
Roda2,Sport,243.7,2,29.5,169.0,Manual,Bensin,Liquid-cooled,17.7,217437.0,13040.0,2025,28.0,Boros
Roda4,MPV,1334.0,4,87.5,1108.5,Automatic,Diesel,Liquid-cooled,96.8,142337.0,8370.0,2022,14.81,Hemat
Roda4,SUV,1582.3,4,106.2,1275.5,Automatic,Diesel,Liquid-cooled,95.9,214134.0,9459.0,2017,11.72,Hemat
Roda2,Bebek,108.7,1,7.3,91.6,Manual,Bensin,Air-cooled,68.6,218923.0,12867.0,2016,58.18,Hemat
Roda2,Sport,171.9,2,19.8,135.1,Manual,Bensin,Liquid-cooled,10.7,195966.0,13396.0,2023,33.12,Hemat
Roda2,Matic,124.8,1,11.9,102.2,CVT,Bensin,Liquid-cooled,62.1,292805.0,11708.0,2026,43.74,Hemat
Roda2,Matic,145.6,1,13.2,114.5,CVT,Bensin,Liquid-cooled,32.7,294356.0,10146.0,2019,35.0,Boros
Roda2,Matic,156.8,1,16.0,117.4,CVT,Bensin,Liquid-cooled,18.7,97092.0,11369.0,2017,35.0,Boros
Roda4,MPV,1484.4,4,107.8,1254.8,Automatic,Diesel,Liquid-cooled,86.8,138638.0,12714.0,2017,11.03,Boros
Roda2,Matic,121.9,1,9.9,104.6,CVT,Bensin,Liquid-cooled,52.5,88364.0,10806.0,2024,45.87,Hemat
Roda4,City Car,1164.7,3,77.2,895.0,Manual,Bensin,Liquid-cooled,80.6,369308.0,10239.0,2026,14.87,Boros
Roda4,SUV,1993.7,4,145.6,1600.0,Automatic,Diesel,Liquid-cooled,90.5,202811.0,12463.0,2020,8.0,Boros
Roda4,SUV,1806.7,4,130.0,1427.1,CVT,Hybrid,Liquid-cooled,64.8,202548.0,14364.0,2024,9.43,Boros
Roda2,Bebek,131.9,1,10.0,103.2,Manual,Bensin,Air-cooled,47.4,85534.0,10046.0,2017,43.24,Boros
Roda4,MPV,1304.9,4,85.9,1188.7,Manual,Diesel,Liquid-cooled,91.7,526717.0,12316.0,2026,16.74,Hemat
Roda2,Matic,150.7,1,15.4,118.4,CVT,Bensin,Liquid-cooled,59.1,241543.0,11227.0,2025,35.0,Boros
Roda2,Matic,116.9,1,11.7,95.0,CVT,Bensin,Air-cooled,54.9,269230.0,12637.0,2024,53.05,Hemat
Roda2,Sport,179.2,2,18.9,134.3,Manual,Bensin,Liquid-cooled,40.9,75819.0,11016.0,2016,31.18,Boros
Roda2,Bebek,149.1,1,12.0,110.0,Manual,Bensin,Air-cooled,63.8,207142.0,12470.0,2024,42.0,Boros
Roda2,Matic,137.1,1,13.5,106.3,CVT,Bensin,Liquid-cooled,75.5,124766.0,11401.0,2018,35.0,Boros
Roda4,City Car,1394.6,3,101.2,961.1,CVT,Bensin,Liquid-cooled,93.7,120433.0,12554.0,2021,13.0,Boros
Roda4,MPV,1334.7,4,86.5,1167.8,Manual,Bensin,Liquid-cooled,23.2,488523.0,10392.0,2021,12.6,Hemat
Roda2,Matic,157.7,1,16.0,123.5,CVT,Bensin,Liquid-cooled,69.0,166486.0,10364.0,2016,35.0,Boros
Roda4,MPV,1606.5,4,116.2,1358.9,Automatic,Diesel,Liquid-cooled,52.4,552389.0,11486.0,2023,10.38,Boros
Roda4,City Car,1339.7,4,94.0,1015.6,CVT,Bensin,Liquid-cooled,50.6,382433.0,12668.0,2015,13.0,Boros
Roda2,Sport Besar,370.2,2,32.7,178.3,Manual,Bensin,Liquid-cooled,16.2,147473.0,11571.0,2026,20.41,Boros
Roda2,Sport,168.7,2,17.0,130.3,Manual,Bensin,Liquid-cooled,39.3,149650.0,12260.0,2019,37.59,Hemat
Roda4,MPV,1699.7,4,115.7,1389.9,Manual,Bensin,Liquid-cooled,77.5,584706.0,13312.0,2026,9.0,Boros
Roda2,Matic,126.9,1,10.9,108.4,CVT,Bensin,Liquid-cooled,11.1,79261.0,10721.0,2022,35.12,Boros
Roda4,City Car,1381.5,3,105.0,1044.7,CVT,Bensin,Liquid-cooled,70.8,324308.0,13032.0,2018,13.0,Boros
Roda4,City Car,1029.2,3,69.0,800.1,CVT,Bensin,Liquid-cooled,98.1,413367.0,10301.0,2022,18.74,Hemat
Roda4,MPV,1790.2,4,126.5,1500.0,CVT,Bensin,Liquid-cooled,75.6,184627.0,11685.0,2016,9.0,Boros
Roda4,SUV,1967.7,4,139.2,1600.0,Automatic,Bensin,Liquid-cooled,65.3,486052.0,10015.0,2024,8.0,Boros
Roda2,Matic,119.3,1,9.9,97.3,CVT,Bensin,Liquid-cooled,76.7,279192.0,10318.0,2019,44.69,Hemat
Roda4,MPV,1707.3,4,125.2,1400.8,Manual,Diesel,Liquid-cooled,55.4,446523.0,6847.0,2018,9.0,Boros
Roda4,MPV,1764.3,4,120.3,1469.5,Manual,Diesel,Liquid-cooled,85.3,146414.0,10140.0,2026,9.27,Boros
Roda2,Matic,159.0,1,15.7,125.0,CVT,Bensin,Liquid-cooled,76.8,88965.0,10738.0,2015,35.0,Boros
Roda4,SUV,1875.7,4,139.8,1470.8,Manual,Bensin,Liquid-cooled,19.5,345778.0,10024.0,2023,8.0,Boros
Roda4,SUV,1640.5,4,117.9,1287.0,Automatic,Bensin,Liquid-cooled,57.0,397827.0,11842.0,2016,9.88,Boros
Roda4,MPV,1516.6,4,106.0,1309.7,CVT,Diesel,Liquid-cooled,55.2,199936.0,7329.0,2021,11.41,Boros
Roda2,Matic,136.3,1,12.5,109.8,CVT,Bensin,Air-cooled,16.7,111904.0,11064.0,2025,41.89,Boros
Roda2,Bebek,138.1,1,10.9,100.4,Manual,Bensin,Air-cooled,35.4,231429.0,13488.0,2023,42.0,Boros
Roda2,Matic,114.8,1,9.7,99.9,CVT,Bensin,Air-cooled,45.7,177701.0,13176.0,2017,47.1,Hemat
Roda2,Matic,143.6,1,13.4,112.3,CVT,Bensin,Air-cooled,76.5,84269.0,11993.0,2021,35.0,Boros
Roda2,Bebek,142.0,1,10.6,107.1,Manual,Bensin,Air-cooled,75.7,173091.0,12733.0,2025,42.0,Boros
Roda2,Sport Besar,423.2,3,41.4,188.4,Manual,Bensin,Liquid-cooled,45.4,110060.0,11500.0,2021,21.47,Boros
Roda2,Sport,171.0,1,19.3,130.4,Manual,Bensin,Liquid-cooled,37.4,136508.0,10850.0,2026,30.35,Boros
Roda2,Matic,126.0,1,11.4,107.1,CVT,Bensin,Liquid-cooled,18.9,202577.0,13884.0,2022,38.99,Boros
Roda4,City Car,1369.3,4,99.5,982.8,Manual,Bensin,Liquid-cooled,84.1,196082.0,12253.0,2020,13.0,Boros
Roda4,SUV,1594.3,4,108.0,1239.3,Manual,Diesel,Liquid-cooled,44.0,237181.0,6810.0,2015,10.28,Boros
Roda2,Sport Besar,508.7,2,54.1,215.0,Manual,Bensin,Liquid-cooled,39.5,212535.0,12926.0,2016,16.0,Boros
Roda2,Sport Besar,600.8,3,66.1,241.9,Manual,Bensin,Liquid-cooled,76.0,286026.0,10167.0,2022,16.0,Boros
Roda2,Sport,232.1,1,26.9,155.8,Manual,Bensin,Liquid-cooled,25.0,232915.0,11834.0,2025,28.0,Boros
Roda4,City Car,1161.1,4,77.0,883.3,Automatic,Bensin,Liquid-cooled,30.2,409239.0,12565.0,2015,14.12,Boros
Roda4,MPV,1574.3,4,109.3,1324.7,Manual,Bensin,Liquid-cooled,67.9,425054.0,10355.0,2016,9.0,Boros
Roda4,SUV,1648.7,4,116.2,1258.5,Manual,Diesel,Liquid-cooled,70.7,521638.0,12672.0,2015,9.89,Boros
Roda4,SUV,1830.2,4,132.8,1469.0,DCT,Diesel,Liquid-cooled,28.2,428895.0,8206.0,2022,9.4,Boros
Roda2,Bebek,115.6,1,8.3,97.6,Manual,Bensin,Air-cooled,13.8,101061.0,11633.0,2017,42.0,Boros
Roda4,City Car,1018.5,4,65.0,807.5,CVT,Bensin,Liquid-cooled,54.1,329095.0,10112.0,2022,16.53,Hemat
Roda2,Sport,211.1,1,24.4,163.0,Manual,Bensin,Liquid-cooled,59.0,279058.0,10042.0,2018,28.0,Boros
Roda2,Sport Besar,615.6,4,58.7,239.2,Manual,Bensin,Liquid-cooled,56.9,289229.0,10417.0,2019,16.0,Boros
Roda4,City Car,1324.8,4,90.8,983.5,CVT,Bensin,Liquid-cooled,58.2,344342.0,12976.0,2015,13.0,Boros
Roda4,SUV,1676.2,4,114.0,1317.7,CVT,Bensin,Liquid-cooled,96.8,247983.0,12972.0,2015,9.47,Boros
Roda4,MPV,1433.0,4,98.5,1247.8,CVT,Bensin,Liquid-cooled,51.2,452682.0,12166.0,2024,11.55,Boros
Roda2,Matic,140.3,1,13.6,109.3,CVT,Bensin,Liquid-cooled,10.5,95328.0,11289.0,2016,35.0,Boros
Roda2,Sport,236.6,2,29.9,160.5,Manual,Bensin,Liquid-cooled,36.3,81903.0,12987.0,2024,28.0,Boros
Roda4,SUV,1666.6,4,118.4,1361.8,CVT,Diesel,Liquid-cooled,28.3,328769.0,13090.0,2026,11.15,Hemat
Roda2,Matic,159.3,1,15.5,125.0,CVT,Bensin,Liquid-cooled,10.3,150411.0,10729.0,2019,35.0,Boros
Roda2,Matic,137.2,1,12.5,113.2,CVT,Bensin,Liquid-cooled,70.7,134861.0,10482.0,2024,38.83,Boros
Roda2,Sport Besar,456.7,3,47.2,208.3,Manual,Bensin,Liquid-cooled,41.8,67852.0,13480.0,2016,16.0,Boros
Roda2,Sport,225.1,1,25.4,151.9,Manual,Bensin,Liquid-cooled,68.8,244991.0,10247.0,2023,28.0,Boros
Roda4,City Car,1165.9,4,74.4,929.9,Manual,Bensin,Liquid-cooled,19.9,252028.0,10344.0,2019,14.2,Boros
Roda2,Matic,132.5,1,12.1,107.8,CVT,Bensin,Air-cooled,36.8,128353.0,11484.0,2026,48.89,Hemat
Roda4,SUV,1841.2,4,122.9,1480.4,Automatic,Hybrid,Liquid-cooled,40.3,263963.0,14129.0,2015,9.44,Boros
Roda4,SUV,1575.5,4,116.2,1222.6,Manual,Bensin,Liquid-cooled,27.9,341224.0,11770.0,2016,11.29,Hemat
Roda4,SUV,1938.1,4,145.4,1540.6,CVT,Bensin,Liquid-cooled,36.9,211165.0,11914.0,2018,8.0,Boros
Roda4,City Car,1050.4,4,67.7,832.5,Automatic,Bensin,Liquid-cooled,77.3,595667.0,11014.0,2021,14.98,Boros
Roda4,MPV,1455.5,4,100.6,1307.7,CVT,Diesel,Liquid-cooled,80.4,148737.0,7877.0,2022,13.68,Hemat
Roda4,MPV,1319.2,4,86.2,1236.1,Manual,Bensin,Liquid-cooled,39.3,415574.0,11992.0,2020,12.79,Hemat
Roda2,Matic,153.0,1,15.2,118.6,CVT,Bensin,Liquid-cooled,26.5,143543.0,10712.0,2020,35.0,Boros
Roda4,SUV,1658.6,4,112.4,1317.3,Manual,Diesel,Liquid-cooled,53.1,332135.0,12465.0,2025,12.56,Hemat
Roda4,SUV,1996.2,4,150.0,1600.0,Manual,Diesel,Liquid-cooled,24.8,575196.0,12951.0,2020,8.0,Boros
Roda2,Matic,151.8,1,14.4,119.6,CVT,Bensin,Air-cooled,78.0,286384.0,11457.0,2020,35.0,Boros
Roda2,Sport,161.6,1,15.0,122.9,Manual,Bensin,Liquid-cooled,58.5,167109.0,10381.0,2022,34.72,Hemat
Roda2,Bebek,145.3,1,12.0,109.9,Manual,Bensin,Air-cooled,77.4,179758.0,12642.0,2023,42.0,Boros
Roda4,SUV,1837.4,4,135.7,1506.7,DCT,Diesel,Liquid-cooled,51.3,450649.0,7397.0,2026,8.0,Boros
Roda2,Sport Besar,346.9,3,39.4,186.5,Manual,Bensin,Liquid-cooled,32.1,214574.0,11477.0,2016,17.86,Boros
Roda4,MPV,1522.6,4,112.7,1276.0,Automatic,Bensin,Liquid-cooled,51.8,479268.0,12279.0,2016,10.64,Boros
Roda4,MPV,1387.8,4,94.9,1168.7,CVT,Diesel,Liquid-cooled,96.8,448199.0,11141.0,2018,17.97,Hemat
Roda4,SUV,1652.4,4,115.5,1306.5,CVT,Diesel,Liquid-cooled,94.6,144230.0,9943.0,2018,12.11,Hemat
Roda4,City Car,1065.9,3,72.0,847.3,CVT,Bensin,Liquid-cooled,60.6,546512.0,11811.0,2015,19.06,Hemat
Roda2,Bebek,146.7,1,11.6,106.7,Manual,Bensin,Air-cooled,59.6,94470.0,13465.0,2018,42.0,Boros
Roda2,Sport,168.8,1,19.5,137.6,Manual,Bensin,Liquid-cooled,39.0,263132.0,13790.0,2025,35.62,Hemat
Roda2,Matic,141.0,1,13.3,115.5,CVT,Bensin,Liquid-cooled,78.5,198876.0,12826.0,2015,35.0,Boros
Roda2,Sport Besar,286.5,2,26.0,172.6,Manual,Bensin,Liquid-cooled,57.8,106860.0,10839.0,2026,23.47,Hemat
Roda2,Bebek,109.7,1,8.8,92.4,Manual,Bensin,Air-cooled,60.8,293963.0,12014.0,2022,55.85,Hemat
Roda4,City Car,1446.1,3,95.4,1037.1,Manual,Bensin,Liquid-cooled,75.3,284870.0,12115.0,2017,13.0,Boros
Roda2,Matic,135.6,1,12.8,109.6,CVT,Bensin,Liquid-cooled,76.1,170451.0,12228.0,2025,47.88,Hemat
Roda4,MPV,1620.5,4,119.1,1363.3,Automatic,Bensin,Liquid-cooled,90.8,576117.0,10500.0,2026,9.0,Boros
Roda4,MPV,1387.8,4,89.7,1211.0,CVT,Diesel,Liquid-cooled,17.9,282345.0,9519.0,2020,15.74,Hemat
Roda4,City Car,1128.8,3,77.5,870.0,Manual,Bensin,Liquid-cooled,24.1,128496.0,13408.0,2021,13.0,Boros
Roda4,MPV,1675.1,4,112.5,1399.5,Automatic,Bensin,Liquid-cooled,75.2,433037.0,10979.0,2017,9.02,Boros
Roda4,City Car,1209.5,4,82.0,955.6,Automatic,Bensin,Liquid-cooled,92.1,527172.0,11813.0,2018,13.0,Boros
Roda2,Matic,122.6,1,11.4,95.0,CVT,Bensin,Air-cooled,16.7,55637.0,10217.0,2020,49.91,Hemat
Roda2,Matic,130.7,1,11.4,112.4,CVT,Bensin,Air-cooled,64.0,257053.0,10665.0,2018,35.09,Boros
Roda4,SUV,1701.6,4,126.5,1347.2,Automatic,Bensin,Liquid-cooled,65.9,141688.0,11510.0,2019,8.0,Boros
Roda2,Matic,156.8,1,15.2,124.4,CVT,Bensin,Air-cooled,61.7,226531.0,13847.0,2022,35.0,Boros
Roda2,Matic,126.6,1,10.7,102.0,CVT,Bensin,Liquid-cooled,57.8,260402.0,10517.0,2023,47.18,Hemat
Roda4,City Car,1231.0,4,83.3,917.1,CVT,Bensin,Liquid-cooled,76.3,418922.0,11421.0,2017,14.9,Boros
Roda4,MPV,1470.9,4,94.4,1235.7,Manual,Diesel,Liquid-cooled,44.2,126367.0,12510.0,2023,13.12,Hemat
Roda4,MPV,1579.9,4,116.5,1321.4,Automatic,Bensin,Liquid-cooled,22.5,391070.0,10873.0,2026,10.57,Boros
Roda4,City Car,1436.0,4,100.8,989.0,CVT,Bensin,Liquid-cooled,18.1,519835.0,11242.0,2024,13.0,Boros
Roda2,Matic,124.8,1,11.5,110.2,CVT,Bensin,Air-cooled,58.7,113149.0,13735.0,2025,43.99,Hemat
Roda4,SUV,1519.4,4,101.9,1253.3,CVT,Diesel,Liquid-cooled,80.3,188910.0,6849.0,2023,14.7,Hemat
Roda4,SUV,1555.8,4,100.0,1241.9,Manual,Diesel,Liquid-cooled,97.1,303694.0,10657.0,2016,11.57,Hemat
Roda2,Matic,146.8,1,13.9,122.1,CVT,Bensin,Air-cooled,47.1,136943.0,12030.0,2025,36.76,Boros
Roda2,Sport,236.3,2,29.2,170.0,Manual,Bensin,Liquid-cooled,75.8,112626.0,12710.0,2021,28.0,Boros
Roda4,MPV,1598.3,4,106.5,1340.2,Manual,Bensin,Liquid-cooled,82.6,365124.0,12083.0,2017,10.34,Boros
Roda2,Matic,135.4,1,13.8,111.5,CVT,Bensin,Liquid-cooled,70.2,267116.0,11841.0,2018,37.78,Boros
Roda2,Matic,148.1,1,14.1,113.0,CVT,Bensin,Liquid-cooled,51.6,197344.0,12668.0,2021,35.0,Boros
Roda2,Sport Besar,325.7,3,42.2,168.5,Manual,Bensin,Liquid-cooled,54.1,273218.0,11317.0,2016,22.59,Hemat
Roda2,Matic,159.1,1,16.0,123.0,CVT,Bensin,Air-cooled,41.3,67127.0,10658.0,2018,35.0,Boros
Roda2,Matic,119.5,1,10.8,100.8,CVT,Bensin,Liquid-cooled,42.8,276566.0,13630.0,2026,47.79,Hemat
Roda4,City Car,1120.7,3,70.8,898.4,Automatic,Bensin,Liquid-cooled,32.5,208050.0,13620.0,2017,13.0,Boros
Roda4,SUV,1868.6,4,131.6,1519.2,CVT,Bensin,Liquid-cooled,94.2,223179.0,13347.0,2015,8.0,Boros
Roda2,Sport Besar,282.0,3,28.1,179.7,Manual,Bensin,Liquid-cooled,28.7,262331.0,11725.0,2015,22.4,Hemat
Roda2,Matic,143.7,1,13.5,117.0,CVT,Bensin,Liquid-cooled,40.9,98058.0,11755.0,2021,35.0,Boros
Roda2,Matic,156.9,1,16.0,124.9,CVT,Bensin,Liquid-cooled,29.1,92349.0,12421.0,2021,35.0,Boros
Roda4,City Car,1244.0,4,85.4,959.7,Manual,Bensin,Liquid-cooled,96.6,213002.0,12256.0,2019,16.4,Hemat
Roda4,City Car,1173.6,4,74.4,916.8,Automatic,Bensin,Liquid-cooled,69.8,433076.0,13200.0,2025,13.0,Boros
Roda4,City Car,1177.2,4,74.5,946.0,Automatic,Bensin,Liquid-cooled,46.6,587762.0,10013.0,2021,13.87,Boros
Roda2,Bebek,126.2,1,8.8,99.4,Manual,Bensin,Air-cooled,38.0,61666.0,13798.0,2025,43.69,Boros
Roda2,Matic,123.6,1,11.1,101.6,CVT,Bensin,Air-cooled,49.6,237768.0,10267.0,2018,40.96,Boros
Roda2,Matic,143.5,1,13.3,114.1,CVT,Bensin,Air-cooled,18.8,80821.0,10575.0,2019,35.0,Boros
Roda2,Sport,194.0,1,19.7,141.6,Manual,Bensin,Liquid-cooled,57.7,152738.0,12953.0,2020,28.0,Boros
Roda2,Sport,168.3,1,16.3,127.7,Manual,Bensin,Liquid-cooled,78.8,258735.0,11871.0,2024,34.14,Hemat
Roda2,Matic,131.9,1,11.9,116.6,CVT,Bensin,Liquid-cooled,60.4,213959.0,10605.0,2021,35.0,Boros
Roda2,Matic,154.9,1,15.7,124.6,CVT,Bensin,Liquid-cooled,20.5,155881.0,10727.0,2024,35.0,Boros
Roda4,MPV,1345.2,4,92.6,1196.0,Manual,Bensin,Liquid-cooled,80.5,456342.0,11712.0,2026,14.34,Hemat
Roda2,Matic,110.7,1,9.0,98.1,CVT,Bensin,Liquid-cooled,58.1,199094.0,11428.0,2015,51.75,Hemat
Roda4,MPV,1611.7,4,108.6,1402.3,Automatic,Diesel,Liquid-cooled,39.4,460831.0,11119.0,2016,12.14,Hemat
Roda4,SUV,1967.7,4,143.8,1600.0,DCT,Bensin,Liquid-cooled,75.1,351108.0,13344.0,2022,8.0,Boros
Roda4,MPV,1465.6,4,101.7,1207.6,CVT,Bensin,Liquid-cooled,17.9,290217.0,12236.0,2017,13.25,Hemat
Roda2,Sport,217.1,2,25.8,153.7,Manual,Bensin,Liquid-cooled,78.6,95685.0,13554.0,2026,28.0,Boros
Roda2,Bebek,149.7,1,12.0,107.9,Manual,Bensin,Air-cooled,13.5,65727.0,10731.0,2017,42.0,Boros
Roda2,Bebek,145.3,1,12.0,108.1,Manual,Bensin,Air-cooled,42.8,64076.0,10463.0,2016,42.0,Boros
Roda2,Matic,121.8,1,10.4,102.7,CVT,Bensin,Air-cooled,32.0,208332.0,12685.0,2017,48.84,Hemat
Roda4,City Car,1403.2,4,102.3,1014.8,Manual,Bensin,Liquid-cooled,53.5,460081.0,13384.0,2021,13.0,Boros
Roda4,MPV,1774.6,4,124.8,1471.0,CVT,Bensin,Liquid-cooled,49.2,592332.0,11585.0,2018,9.0,Boros
Roda2,Sport,170.5,1,18.1,135.4,Manual,Bensin,Liquid-cooled,54.7,293122.0,13691.0,2015,38.42,Hemat
Roda2,Sport,184.1,2,19.6,134.7,Manual,Bensin,Liquid-cooled,23.0,289538.0,12300.0,2017,33.52,Hemat
Roda2,Matic,119.9,1,11.6,100.8,CVT,Bensin,Liquid-cooled,31.4,293436.0,12587.0,2024,39.15,Boros
Roda4,SUV,1630.0,4,113.2,1264.4,Manual,Hybrid,Liquid-cooled,78.5,323973.0,14433.0,2024,13.64,Hemat
Roda2,Matic,122.4,1,11.8,104.8,CVT,Bensin,Air-cooled,73.2,68326.0,13487.0,2023,46.77,Hemat
Roda4,City Car,1332.8,4,94.0,981.2,CVT,Bensin,Liquid-cooled,35.6,282733.0,12863.0,2019,13.0,Boros
Roda2,Sport Besar,646.9,3,57.5,250.0,Manual,Bensin,Liquid-cooled,12.5,175107.0,11540.0,2016,16.0,Boros
Roda2,Matic,127.1,1,12.2,104.0,CVT,Bensin,Liquid-cooled,65.3,66059.0,10757.0,2025,49.86,Hemat
Roda2,Sport Besar,388.7,4,45.6,186.3,Manual,Bensin,Liquid-cooled,76.3,134475.0,11738.0,2017,19.01,Boros
Roda2,Matic,118.8,1,10.8,100.8,CVT,Bensin,Air-cooled,69.3,242892.0,13435.0,2023,48.88,Hemat
Roda4,MPV,1456.8,4,102.0,1226.9,CVT,Diesel,Liquid-cooled,53.2,406385.0,7422.0,2023,12.3,Hemat
Roda4,MPV,1471.1,4,97.7,1241.0,Manual,Bensin,Liquid-cooled,16.4,125606.0,13555.0,2026,11.1,Boros
Roda4,MPV,1337.0,4,91.9,1125.7,CVT,Diesel,Liquid-cooled,82.1,592197.0,12615.0,2017,16.27,Hemat
Roda4,City Car,1275.8,4,83.6,963.4,Automatic,Bensin,Liquid-cooled,43.1,103865.0,13309.0,2020,13.0,Boros
Roda2,Matic,146.7,1,13.8,121.9,CVT,Bensin,Liquid-cooled,78.5,108988.0,10657.0,2025,35.0,Boros
Roda4,MPV,1388.8,4,85.8,1133.4,Automatic,Diesel,Liquid-cooled,47.8,364103.0,9926.0,2025,15.36,Hemat
Roda2,Bebek,131.9,1,10.2,104.8,Manual,Bensin,Air-cooled,78.0,262228.0,12815.0,2019,42.0,Boros
Roda2,Sport Besar,300.4,3,32.6,179.0,Manual,Bensin,Liquid-cooled,67.1,190048.0,13851.0,2024,23.13,Hemat
Roda4,MPV,1504.8,4,102.9,1223.7,Manual,Diesel,Liquid-cooled,24.5,539979.0,9640.0,2017,11.26,Boros
Roda2,Matic,125.2,1,10.6,101.0,CVT,Bensin,Air-cooled,57.2,184334.0,11732.0,2021,38.67,Boros
Roda2,Matic,155.9,1,16.0,118.0,CVT,Bensin,Air-cooled,51.0,197838.0,12805.0,2018,35.0,Boros
Roda4,SUV,1670.4,4,117.5,1299.3,DCT,Hybrid,Liquid-cooled,97.6,141198.0,14491.0,2017,12.31,Hemat
Roda4,SUV,1873.4,4,130.2,1522.4,CVT,Diesel,Liquid-cooled,45.4,423853.0,10894.0,2018,9.31,Boros
Roda4,City Car,1180.2,4,76.3,875.2,Manual,Bensin,Liquid-cooled,42.5,219542.0,12529.0,2015,13.0,Boros
Roda2,Matic,140.4,1,13.8,115.9,CVT,Bensin,Air-cooled,23.3,219260.0,12780.0,2019,35.0,Boros
Roda4,SUV,1982.7,4,149.5,1600.0,DCT,Diesel,Liquid-cooled,29.3,244987.0,10497.0,2016,8.06,Boros
Roda4,SUV,1816.5,4,133.3,1500.0,DCT,Bensin,Liquid-cooled,43.5,420356.0,12599.0,2023,8.0,Boros
Roda2,Matic,143.7,1,13.3,109.2,CVT,Bensin,Liquid-cooled,14.3,167438.0,11039.0,2018,35.0,Boros
Roda2,Matic,116.6,1,9.6,98.2,CVT,Bensin,Air-cooled,55.6,291966.0,13366.0,2016,41.99,Boros
Roda4,City Car,1436.1,4,96.3,1067.2,CVT,Bensin,Liquid-cooled,65.8,494597.0,10188.0,2019,13.0,Boros
Roda2,Sport,154.0,2,15.0,127.8,Manual,Bensin,Liquid-cooled,24.5,152257.0,10762.0,2026,37.73,Hemat
Roda4,MPV,1385.3,4,98.6,1180.5,CVT,Diesel,Liquid-cooled,23.9,105526.0,6889.0,2026,14.93,Hemat
Roda2,Bebek,104.4,1,7.1,92.9,Manual,Bensin,Air-cooled,77.8,86963.0,13669.0,2020,54.47,Hemat
Roda2,Bebek,131.3,1,10.3,104.0,Manual,Bensin,Air-cooled,68.7,90170.0,10097.0,2023,42.0,Boros
Roda4,City Car,1017.5,3,65.0,800.0,Automatic,Bensin,Liquid-cooled,15.5,298206.0,10159.0,2022,19.08,Hemat
Roda4,MPV,1363.6,4,88.8,1100.0,CVT,Bensin,Liquid-cooled,43.8,436131.0,13025.0,2024,13.7,Hemat
Roda2,Bebek,131.3,1,10.4,102.9,Manual,Bensin,Air-cooled,10.1,199582.0,12368.0,2023,42.0,Boros
Roda2,Matic,131.7,1,12.9,108.5,CVT,Bensin,Liquid-cooled,52.5,193978.0,11548.0,2025,42.71,Hemat
Roda4,SUV,1511.7,4,102.9,1282.2,Manual,Hybrid,Liquid-cooled,37.2,557797.0,14403.0,2026,13.97,Hemat
Roda2,Matic,125.2,1,10.5,109.6,CVT,Bensin,Liquid-cooled,12.9,167771.0,11552.0,2018,39.46,Boros
Roda2,Sport Besar,354.6,2,25.2,162.5,Manual,Bensin,Liquid-cooled,72.3,147639.0,10300.0,2015,20.47,Boros
Roda2,Matic,112.2,1,9.0,95.0,CVT,Bensin,Air-cooled,17.7,103033.0,13805.0,2015,50.96,Hemat
Roda2,Sport Besar,302.0,2,36.2,168.4,Manual,Bensin,Liquid-cooled,67.3,110284.0,13358.0,2019,22.85,Hemat
Roda2,Sport,166.1,2,15.6,124.0,Manual,Bensin,Liquid-cooled,12.3,132455.0,10094.0,2023,48.0,Hemat
Roda4,City Car,1298.5,3,88.1,999.7,CVT,Bensin,Liquid-cooled,39.6,545645.0,11344.0,2023,13.0,Boros
Roda4,City Car,1497.6,3,100.5,1088.0,Automatic,Bensin,Liquid-cooled,30.8,482764.0,13485.0,2018,13.0,Boros
Roda4,MPV,1769.4,4,130.0,1429.9,Automatic,Diesel,Liquid-cooled,39.8,566238.0,11586.0,2023,9.0,Boros
Roda4,MPV,1326.9,4,91.9,1143.0,Automatic,Diesel,Liquid-cooled,70.5,366086.0,8894.0,2021,15.4,Hemat
Roda4,City Car,1423.3,4,96.3,1059.5,Manual,Bensin,Liquid-cooled,51.1,514887.0,13677.0,2015,13.0,Boros
Roda2,Sport,163.2,2,15.0,120.5,Manual,Bensin,Liquid-cooled,31.3,266584.0,11599.0,2017,38.88,Hemat
Roda2,Matic,125.5,1,12.0,107.9,CVT,Bensin,Air-cooled,10.8,174629.0,11365.0,2026,37.29,Boros
Roda2,Matic,136.5,1,12.1,109.1,CVT,Bensin,Air-cooled,46.5,144989.0,10174.0,2025,38.86,Boros
Roda2,Sport Besar,290.1,3,33.5,162.6,Manual,Bensin,Liquid-cooled,43.5,234156.0,13432.0,2016,20.86,Boros
Roda2,Bebek,104.4,1,7.8,90.0,Manual,Bensin,Air-cooled,71.6,193695.0,10116.0,2017,54.07,Hemat
Roda4,City Car,1380.8,3,94.1,1075.7,Automatic,Bensin,Liquid-cooled,84.7,169353.0,11173.0,2026,13.0,Boros
Roda4,SUV,1948.3,4,148.3,1499.5,Automatic,Diesel,Liquid-cooled,79.8,271228.0,7809.0,2023,8.63,Boros
Roda2,Bebek,122.6,1,8.9,98.6,Manual,Bensin,Air-cooled,77.5,100942.0,12041.0,2019,45.91,Boros
Roda4,SUV,1607.1,4,111.0,1263.0,Manual,Bensin,Liquid-cooled,43.9,488113.0,10177.0,2018,11.0,Boros
Roda4,City Car,1230.0,4,81.0,912.2,Manual,Bensin,Liquid-cooled,82.7,542073.0,11718.0,2024,14.49,Boros
Roda2,Matic,129.0,1,12.0,105.7,CVT,Bensin,Liquid-cooled,36.1,110674.0,12018.0,2023,40.08,Boros
Roda4,SUV,1637.2,4,118.9,1300.5,Manual,Hybrid,Liquid-cooled,50.0,139755.0,14227.0,2025,13.37,Hemat
Roda4,SUV,1915.3,4,145.6,1600.0,Manual,Bensin,Liquid-cooled,92.5,456340.0,13464.0,2020,8.0,Boros
Roda2,Matic,150.1,1,14.0,121.4,CVT,Bensin,Air-cooled,74.9,212114.0,11480.0,2025,35.0,Boros
Roda4,MPV,1572.8,4,116.2,1357.9,Automatic,Bensin,Liquid-cooled,81.6,275693.0,10331.0,2022,9.74,Boros
Roda4,City Car,1244.6,3,90.8,896.8,CVT,Bensin,Liquid-cooled,22.2,472219.0,12061.0,2015,13.0,Boros
Roda4,SUV,1773.2,4,121.4,1433.0,Automatic,Hybrid,Liquid-cooled,69.0,212742.0,14396.0,2020,10.85,Boros
Roda4,SUV,1885.6,4,130.9,1459.9,Automatic,Diesel,Liquid-cooled,59.8,266305.0,13099.0,2016,8.0,Boros
Roda4,SUV,1773.2,4,133.7,1425.5,CVT,Diesel,Liquid-cooled,77.7,351905.0,10748.0,2016,8.7,Boros
Roda2,Matic,148.7,1,14.3,119.1,CVT,Bensin,Air-cooled,70.5,225938.0,10089.0,2018,35.0,Boros
Roda4,SUV,1905.9,4,137.7,1492.1,Manual,Hybrid,Liquid-cooled,51.9,551371.0,13987.0,2022,10.0,Boros
Roda4,City Car,1161.9,4,76.4,860.1,Automatic,Bensin,Liquid-cooled,26.6,219578.0,13383.0,2017,14.59,Boros
Roda2,Sport,232.1,1,28.0,154.8,Manual,Bensin,Liquid-cooled,55.4,190556.0,12970.0,2024,28.0,Boros
Roda2,Bebek,133.5,1,10.3,101.9,Manual,Bensin,Air-cooled,14.5,94282.0,10020.0,2016,42.0,Boros
Roda2,Sport Besar,571.4,4,58.1,240.7,Manual,Bensin,Liquid-cooled,59.2,107847.0,11522.0,2025,17.12,Boros
Roda2,Bebek,108.3,1,8.2,95.1,Manual,Bensin,Air-cooled,49.0,272968.0,11120.0,2026,50.36,Hemat
Roda2,Bebek,135.2,1,11.0,106.5,Manual,Bensin,Air-cooled,29.5,82400.0,12637.0,2015,42.0,Boros
Roda2,Sport Besar,516.4,3,48.7,212.1,Manual,Bensin,Liquid-cooled,67.3,58809.0,11363.0,2021,16.0,Boros
Roda2,Matic,147.5,1,14.5,114.5,CVT,Bensin,Liquid-cooled,74.0,167571.0,12220.0,2020,35.0,Boros
Roda4,MPV,1579.9,4,115.0,1320.6,Automatic,Bensin,Liquid-cooled,33.1,526486.0,12652.0,2016,9.0,Boros
Roda4,SUV,1960.8,4,143.5,1587.2,Manual,Hybrid,Liquid-cooled,37.8,283985.0,14074.0,2026,8.34,Boros
Roda4,City Car,1038.9,4,65.0,863.1,Manual,Bensin,Liquid-cooled,22.8,514700.0,11819.0,2019,17.27,Hemat
Roda2,Sport,162.2,1,18.1,128.2,Manual,Bensin,Liquid-cooled,54.5,206041.0,10517.0,2016,34.98,Hemat
Roda2,Matic,112.9,1,9.5,99.6,CVT,Bensin,Air-cooled,80.0,111016.0,12977.0,2026,45.15,Hemat
Roda4,SUV,1541.9,4,101.6,1209.3,CVT,Bensin,Liquid-cooled,85.5,425832.0,13016.0,2026,12.48,Hemat
Roda2,Sport Besar,525.7,2,65.1,216.2,Manual,Bensin,Liquid-cooled,42.6,198595.0,13650.0,2023,16.0,Boros
Roda4,City Car,1205.9,3,79.2,883.3,CVT,Bensin,Liquid-cooled,44.7,173390.0,10368.0,2021,16.56,Hemat
Roda2,Bebek,134.4,1,9.7,103.1,Manual,Bensin,Air-cooled,60.0,215049.0,11092.0,2020,45.65,Boros
Roda4,City Car,1274.7,4,82.0,990.8,Manual,Bensin,Liquid-cooled,63.4,284436.0,10891.0,2024,14.52,Boros
Roda4,City Car,1105.3,3,77.0,904.9,CVT,Bensin,Liquid-cooled,26.1,350422.0,10767.0,2018,13.23,Boros
Roda2,Sport,212.3,2,23.3,148.6,Manual,Bensin,Liquid-cooled,74.8,223370.0,12619.0,2023,28.0,Boros
Roda4,MPV,1735.2,4,130.0,1421.2,CVT,Bensin,Liquid-cooled,50.9,459532.0,11675.0,2023,9.0,Boros
Roda4,SUV,1834.1,4,134.3,1486.2,Automatic,Hybrid,Liquid-cooled,77.1,434904.0,14415.0,2016,10.59,Boros
Roda4,MPV,1678.9,4,112.5,1401.2,Automatic,Bensin,Liquid-cooled,53.9,178176.0,10693.0,2023,9.0,Boros
Roda2,Sport,203.2,2,22.8,144.5,Manual,Bensin,Liquid-cooled,44.3,159271.0,11132.0,2023,29.99,Boros
Roda2,Sport Besar,498.7,4,53.4,207.4,Manual,Bensin,Liquid-cooled,22.9,59123.0,13344.0,2025,20.55,Boros
Roda2,Matic,142.1,1,12.3,115.1,CVT,Bensin,Liquid-cooled,32.9,245236.0,13278.0,2024,38.27,Boros
Roda4,SUV,1807.2,4,130.0,1490.0,Automatic,Diesel,Liquid-cooled,84.6,207286.0,12594.0,2015,8.0,Boros
Roda2,Bebek,149.9,1,11.6,106.7,Manual,Bensin,Air-cooled,29.8,126123.0,13833.0,2020,42.0,Boros
Roda4,SUV,1738.2,4,128.3,1378.8,DCT,Bensin,Liquid-cooled,58.7,155327.0,11508.0,2018,10.61,Boros
Roda2,Matic,151.0,1,15.4,117.7,CVT,Bensin,Air-cooled,59.5,293668.0,10909.0,2018,35.0,Boros
Roda4,City Car,1262.1,3,86.4,927.3,CVT,Bensin,Liquid-cooled,24.3,576780.0,11148.0,2019,13.0,Boros
Roda2,Sport,233.2,1,25.0,164.8,Manual,Bensin,Liquid-cooled,36.2,83029.0,10925.0,2024,28.0,Boros
Roda2,Matic,146.5,1,14.0,120.2,CVT,Bensin,Liquid-cooled,19.4,130047.0,13562.0,2020,35.0,Boros
Roda2,Sport,166.2,1,16.3,132.4,Manual,Bensin,Liquid-cooled,43.2,280396.0,13895.0,2015,32.91,Boros
Roda4,MPV,1334.7,4,86.2,1100.0,CVT,Diesel,Liquid-cooled,21.5,160080.0,7323.0,2018,15.61,Hemat
Roda4,SUV,1763.8,4,121.9,1393.4,Automatic,Diesel,Liquid-cooled,73.0,421013.0,8993.0,2019,9.46,Boros
Roda4,SUV,1734.6,4,126.9,1327.4,CVT,Bensin,Liquid-cooled,41.2,239734.0,13553.0,2026,12.17,Hemat
Roda4,City Car,1288.2,4,89.6,927.4,Manual,Bensin,Liquid-cooled,77.8,224090.0,11545.0,2018,13.0,Boros
Roda2,Matic,110.5,1,9.0,97.6,CVT,Bensin,Air-cooled,70.4,279240.0,13888.0,2026,55.58,Hemat
Roda2,Matic,130.3,1,12.0,108.1,CVT,Bensin,Liquid-cooled,14.0,209915.0,12223.0,2025,36.89,Boros
Roda2,Sport,199.9,2,25.8,145.1,Manual,Bensin,Liquid-cooled,17.6,116495.0,13249.0,2024,28.0,Boros
Roda4,City Car,1328.5,4,81.7,1045.4,Automatic,Bensin,Liquid-cooled,61.6,437481.0,11405.0,2022,13.0,Boros
Roda2,Bebek,114.0,1,8.5,94.3,Manual,Bensin,Air-cooled,41.3,232500.0,11395.0,2023,58.81,Hemat
Roda4,City Car,1498.2,4,105.0,1094.7,CVT,Bensin,Liquid-cooled,87.0,106070.0,10110.0,2019,13.0,Boros
Roda4,City Car,1231.8,4,81.9,961.9,Automatic,Bensin,Liquid-cooled,23.9,238068.0,11105.0,2023,13.0,Boros
Roda2,Bebek,118.7,1,8.5,98.0,Manual,Bensin,Air-cooled,48.4,66616.0,12989.0,2022,53.16,Hemat
Roda4,City Car,1415.8,3,95.6,996.1,Automatic,Bensin,Liquid-cooled,58.3,569729.0,11090.0,2020,13.0,Boros
Roda4,SUV,1878.7,4,136.1,1538.2,Manual,Bensin,Liquid-cooled,20.2,435822.0,12802.0,2026,8.0,Boros
Roda4,MPV,1767.6,4,130.0,1438.6,Automatic,Bensin,Liquid-cooled,73.8,462491.0,10113.0,2023,9.0,Boros
Roda4,City Car,1456.7,4,96.5,1066.2,Manual,Bensin,Liquid-cooled,87.4,205607.0,12783.0,2017,13.0,Boros
Roda2,Bebek,133.3,1,10.5,102.6,Manual,Bensin,Air-cooled,50.4,66814.0,10370.0,2015,42.0,Boros
Roda4,City Car,1058.0,3,68.7,806.1,CVT,Bensin,Liquid-cooled,94.9,407214.0,11537.0,2026,18.0,Hemat
Roda4,MPV,1419.8,4,95.7,1199.9,CVT,Diesel,Liquid-cooled,28.5,576977.0,7834.0,2019,14.4,Hemat
Roda4,MPV,1399.8,4,91.4,1119.7,CVT,Diesel,Liquid-cooled,46.5,574404.0,9147.0,2016,13.97,Hemat
Roda2,Sport Besar,647.1,2,70.0,227.6,Manual,Bensin,Liquid-cooled,44.8,234363.0,13053.0,2016,16.0,Boros
Roda2,Bebek,121.2,1,10.1,101.8,Manual,Bensin,Air-cooled,38.9,143005.0,13028.0,2017,42.0,Boros
Roda4,MPV,1431.7,4,96.6,1208.9,CVT,Diesel,Liquid-cooled,91.6,442146.0,7235.0,2016,12.58,Hemat
Roda4,SUV,1635.2,4,104.8,1276.9,Automatic,Hybrid,Liquid-cooled,31.8,371124.0,14293.0,2018,11.12,Hemat
Roda4,SUV,1600.9,4,109.8,1328.5,DCT,Bensin,Liquid-cooled,72.2,571585.0,10402.0,2024,10.39,Boros
Roda2,Sport Besar,366.0,2,41.3,179.4,Manual,Bensin,Liquid-cooled,24.6,188412.0,13584.0,2016,17.49,Boros
Roda2,Sport Besar,379.1,3,35.7,175.3,Manual,Bensin,Liquid-cooled,35.8,279244.0,11651.0,2019,21.43,Boros
Roda4,SUV,1727.3,4,118.1,1294.1,DCT,Bensin,Liquid-cooled,88.3,569007.0,12050.0,2015,10.01,Boros
Roda4,MPV,1649.3,4,113.3,1415.8,Automatic,Bensin,Liquid-cooled,64.5,246021.0,13870.0,2021,9.0,Boros
Roda4,MPV,1766.2,4,117.6,1451.7,CVT,Bensin,Liquid-cooled,81.1,334964.0,12891.0,2016,9.0,Boros
Roda4,SUV,1686.8,4,117.6,1383.6,CVT,Hybrid,Liquid-cooled,20.8,517776.0,14008.0,2017,11.93,Hemat
Roda2,Sport,222.2,1,26.2,160.2,Manual,Bensin,Liquid-cooled,46.6,213284.0,10669.0,2017,28.0,Boros
Roda4,MPV,1517.1,4,111.0,1295.9,CVT,Bensin,Liquid-cooled,99.8,407733.0,11563.0,2017,9.21,Boros
Roda2,Matic,120.5,1,11.1,100.4,CVT,Bensin,Air-cooled,55.4,204790.0,13201.0,2019,48.08,Hemat
Roda4,SUV,1705.2,4,119.4,1354.2,Manual,Bensin,Liquid-cooled,51.9,576242.0,11269.0,2017,10.14,Boros
Roda4,SUV,1764.9,4,122.5,1433.2,CVT,Diesel,Liquid-cooled,60.2,557062.0,12535.0,2024,9.34,Boros
Roda4,City Car,1344.5,3,93.0,1037.5,Automatic,Bensin,Liquid-cooled,35.7,126624.0,11288.0,2022,13.0,Boros
Roda4,SUV,1970.0,4,145.0,1545.8,Manual,Bensin,Liquid-cooled,98.5,273637.0,12643.0,2019,8.0,Boros
Roda2,Bebek,142.3,1,11.9,105.8,Manual,Bensin,Air-cooled,43.3,174385.0,10798.0,2021,42.0,Boros
Roda2,Bebek,118.8,1,9.0,93.2,Manual,Bensin,Air-cooled,76.0,110173.0,10474.0,2016,48.74,Hemat
Roda2,Sport Besar,445.1,4,46.7,212.6,Manual,Bensin,Liquid-cooled,16.2,155919.0,11283.0,2017,16.0,Boros
Roda2,Matic,149.8,1,14.5,118.1,CVT,Bensin,Liquid-cooled,58.4,80405.0,10254.0,2025,35.0,Boros
Roda4,SUV,1994.6,4,148.1,1585.1,CVT,Bensin,Liquid-cooled,71.1,273665.0,13876.0,2015,8.0,Boros
Roda4,SUV,1709.9,4,108.7,1448.3,DCT,Hybrid,Liquid-cooled,43.8,426521.0,14270.0,2022,12.51,Hemat
Roda4,City Car,1273.4,4,87.6,1003.6,Manual,Bensin,Liquid-cooled,69.3,165671.0,10580.0,2023,13.0,Boros
Roda2,Sport Besar,343.5,2,39.2,168.4,Manual,Bensin,Liquid-cooled,64.3,87051.0,10291.0,2023,25.84,Hemat
Roda2,Bebek,147.7,1,11.7,106.0,Manual,Bensin,Air-cooled,40.6,198390.0,10285.0,2019,42.0,Boros
Roda4,MPV,1791.2,4,122.0,1499.2,Automatic,Diesel,Liquid-cooled,51.9,579518.0,7406.0,2019,9.0,Boros
Roda2,Sport,248.4,2,29.8,159.9,Manual,Bensin,Liquid-cooled,39.1,109737.0,13720.0,2018,28.0,Boros
Roda4,SUV,1917.3,4,139.5,1594.6,DCT,Bensin,Liquid-cooled,62.4,379382.0,13361.0,2026,8.0,Boros
Roda2,Sport Besar,571.4,4,54.0,232.8,Manual,Bensin,Liquid-cooled,77.0,71944.0,10017.0,2017,16.0,Boros
Roda4,SUV,1696.2,4,110.3,1366.2,Manual,Diesel,Liquid-cooled,48.0,566405.0,11264.0,2016,9.74,Boros
Roda2,Sport,154.2,1,15.0,124.8,Manual,Bensin,Liquid-cooled,38.6,195680.0,12753.0,2022,39.29,Hemat
Roda4,City Car,1223.6,3,79.9,951.6,Automatic,Bensin,Liquid-cooled,29.9,478158.0,11952.0,2025,14.01,Boros
Roda2,Sport Besar,320.3,3,28.9,174.6,Manual,Bensin,Liquid-cooled,36.5,103653.0,11918.0,2024,21.64,Boros
Roda2,Matic,141.6,1,13.4,113.3,CVT,Bensin,Liquid-cooled,45.8,73315.0,13591.0,2017,35.0,Boros
Roda2,Bebek,119.7,1,8.4,96.3,Manual,Bensin,Air-cooled,21.2,201238.0,11241.0,2026,49.58,Hemat
Roda4,City Car,1066.3,3,70.9,820.8,CVT,Bensin,Liquid-cooled,58.7,224927.0,12709.0,2017,15.92,Hemat
Roda4,SUV,1978.7,4,150.0,1577.6,Automatic,Diesel,Liquid-cooled,32.2,530612.0,7429.0,2021,8.0,Boros
Roda2,Sport Besar,461.6,4,49.9,205.0,Manual,Bensin,Liquid-cooled,29.5,63753.0,12597.0,2026,19.1,Boros
Roda4,City Car,1125.9,4,75.8,849.1,CVT,Bensin,Liquid-cooled,37.3,309826.0,12164.0,2024,17.33,Hemat
Roda4,MPV,1519.5,4,106.3,1290.8,CVT,Diesel,Liquid-cooled,83.5,363134.0,13062.0,2015,10.75,Boros
Roda4,SUV,1906.2,4,141.8,1523.9,DCT,Hybrid,Liquid-cooled,39.5,121810.0,14356.0,2024,11.2,Hemat
Roda4,MPV,1535.8,4,100.0,1297.0,CVT,Bensin,Liquid-cooled,59.5,247321.0,13547.0,2016,11.79,Boros
Roda4,SUV,1851.8,4,130.8,1440.3,CVT,Bensin,Liquid-cooled,68.2,266248.0,12428.0,2021,8.0,Boros
Roda2,Matic,111.4,1,9.0,95.0,CVT,Bensin,Air-cooled,70.7,108402.0,13036.0,2023,54.1,Hemat
Roda2,Bebek,141.5,1,10.8,106.8,Manual,Bensin,Air-cooled,39.0,118352.0,10220.0,2023,42.0,Boros
Roda2,Matic,145.1,1,14.7,116.6,CVT,Bensin,Air-cooled,62.1,274262.0,13612.0,2017,35.0,Boros
Roda4,MPV,1780.5,4,127.3,1500.0,CVT,Bensin,Liquid-cooled,77.1,198842.0,12706.0,2026,9.0,Boros
Roda4,MPV,1680.7,4,123.2,1330.2,Manual,Bensin,Liquid-cooled,77.2,275290.0,12338.0,2020,9.0,Boros
Roda4,SUV,1632.0,4,121.0,1288.2,CVT,Diesel,Liquid-cooled,40.8,404403.0,11210.0,2024,13.61,Hemat
Roda2,Matic,146.0,1,14.3,121.6,CVT,Bensin,Air-cooled,75.5,90782.0,10055.0,2016,35.0,Boros
Roda2,Matic,130.9,1,11.7,107.7,CVT,Bensin,Liquid-cooled,48.0,194328.0,12750.0,2022,36.86,Boros
Roda2,Bebek,102.0,1,8.0,90.4,Manual,Bensin,Air-cooled,14.2,111776.0,10622.0,2016,46.98,Boros
Roda2,Bebek,102.2,1,7.4,90.0,Manual,Bensin,Air-cooled,51.6,152844.0,10493.0,2024,63.9,Hemat
Roda4,MPV,1659.4,4,116.1,1356.9,Manual,Bensin,Liquid-cooled,60.0,334021.0,11340.0,2016,9.91,Boros
Roda4,City Car,1424.1,3,96.5,1080.0,Manual,Bensin,Liquid-cooled,16.5,276899.0,11480.0,2019,13.0,Boros
Roda4,City Car,1400.9,4,97.1,985.5,Manual,Bensin,Liquid-cooled,40.2,443324.0,11675.0,2022,13.0,Boros
Roda2,Matic,115.3,1,10.8,102.6,CVT,Bensin,Air-cooled,26.7,155964.0,10057.0,2017,44.07,Hemat
Roda2,Bebek,113.7,1,8.4,96.0,Manual,Bensin,Air-cooled,22.3,52529.0,10580.0,2025,48.45,Hemat
Roda2,Matic,158.2,1,15.7,121.1,CVT,Bensin,Liquid-cooled,21.1,183879.0,13769.0,2023,35.0,Boros
Roda4,SUV,1930.7,4,145.8,1488.9,Automatic,Hybrid,Liquid-cooled,43.4,584390.0,13991.0,2018,8.0,Boros
Roda4,MPV,1760.3,4,130.0,1424.6,Automatic,Bensin,Liquid-cooled,31.4,318706.0,10977.0,2019,9.0,Boros
Roda4,City Car,1351.1,3,88.9,1061.6,CVT,Bensin,Liquid-cooled,29.9,527342.0,12753.0,2017,13.0,Boros
Roda4,City Car,1408.9,3,99.1,1069.1,Automatic,Bensin,Liquid-cooled,71.8,155850.0,10530.0,2025,13.0,Boros
Roda2,Sport,176.5,1,17.4,133.1,Manual,Bensin,Liquid-cooled,43.4,151173.0,13635.0,2019,31.63,Boros
Roda4,MPV,1347.8,4,85.0,1172.1,Automatic,Bensin,Liquid-cooled,41.2,311666.0,11001.0,2015,11.8,Boros
Roda4,City Car,1032.3,3,72.1,800.0,Automatic,Bensin,Liquid-cooled,19.3,398636.0,12356.0,2017,15.65,Hemat
Roda2,Matic,155.5,1,14.3,123.8,CVT,Bensin,Air-cooled,75.5,91185.0,10164.0,2022,35.0,Boros
Roda4,SUV,1831.2,4,135.1,1409.2,Automatic,Bensin,Liquid-cooled,54.6,223859.0,12101.0,2025,8.0,Boros
Roda2,Sport,188.1,1,21.8,139.2,Manual,Bensin,Liquid-cooled,51.2,61287.0,10935.0,2026,29.81,Boros
Roda2,Bebek,134.8,1,9.8,100.1,Manual,Bensin,Air-cooled,60.7,53955.0,11330.0,2021,42.0,Boros
Roda2,Matic,140.4,1,13.2,108.7,CVT,Bensin,Liquid-cooled,41.5,131283.0,11837.0,2021,35.0,Boros
Roda2,Matic,148.5,1,14.7,117.2,CVT,Bensin,Air-cooled,67.7,224924.0,13773.0,2017,35.0,Boros
Roda4,SUV,1867.2,4,138.0,1484.6,DCT,Diesel,Liquid-cooled,93.5,290141.0,13094.0,2022,8.68,Boros
Roda4,SUV,1508.5,4,104.4,1244.9,Automatic,Diesel,Liquid-cooled,22.7,479487.0,12292.0,2024,11.26,Hemat
Roda2,Bebek,139.0,1,10.9,104.5,Manual,Bensin,Air-cooled,20.2,75698.0,12227.0,2022,42.0,Boros
Roda4,City Car,1271.5,4,76.0,945.0,Manual,Bensin,Liquid-cooled,32.7,573602.0,10014.0,2017,13.06,Boros
Roda4,City Car,1323.5,4,88.8,975.1,CVT,Bensin,Liquid-cooled,61.2,319294.0,13161.0,2016,13.0,Boros
Roda4,SUV,1711.2,4,120.2,1366.1,DCT,Bensin,Liquid-cooled,73.1,207236.0,12760.0,2019,10.21,Boros
Roda2,Sport Besar,517.7,4,54.6,215.8,Manual,Bensin,Liquid-cooled,12.3,186657.0,13859.0,2018,16.0,Boros
Roda4,City Car,1024.8,4,65.8,800.0,Manual,Bensin,Liquid-cooled,33.8,564979.0,12999.0,2022,19.58,Hemat
Roda2,Sport,188.3,1,20.9,145.0,Manual,Bensin,Liquid-cooled,60.6,76672.0,10213.0,2022,30.66,Boros
Roda2,Sport Besar,638.1,4,66.3,250.0,Manual,Bensin,Liquid-cooled,12.0,60042.0,10310.0,2026,16.0,Boros
Roda2,Matic,110.6,1,9.0,95.0,CVT,Bensin,Liquid-cooled,40.2,292337.0,10547.0,2016,44.35,Hemat
Roda4,MPV,1753.2,4,126.1,1460.2,CVT,Diesel,Liquid-cooled,48.3,560889.0,9432.0,2017,9.0,Boros
Roda4,SUV,1992.5,4,145.2,1558.2,Automatic,Diesel,Liquid-cooled,95.2,307751.0,9753.0,2017,8.0,Boros
Roda4,SUV,1695.7,4,119.1,1280.7,Automatic,Hybrid,Liquid-cooled,36.0,229398.0,14242.0,2024,11.27,Hemat
Roda4,MPV,1428.0,4,87.2,1113.0,CVT,Bensin,Liquid-cooled,22.8,287346.0,12426.0,2015,12.46,Hemat
Roda2,Sport Besar,384.0,3,47.2,188.0,Manual,Bensin,Liquid-cooled,58.3,222561.0,13648.0,2022,18.4,Boros
Roda4,SUV,1854.3,4,140.0,1495.9,Manual,Diesel,Liquid-cooled,80.1,221985.0,7779.0,2022,8.72,Boros
Roda4,City Car,1428.0,4,92.8,982.2,CVT,Bensin,Liquid-cooled,30.4,265520.0,11481.0,2018,13.0,Boros
Roda2,Sport,219.1,2,23.5,146.9,Manual,Bensin,Liquid-cooled,14.3,254285.0,10842.0,2025,28.0,Boros
Roda2,Sport,185.5,2,21.2,138.2,Manual,Bensin,Liquid-cooled,63.0,66612.0,11072.0,2023,28.0,Boros
Roda4,SUV,1859.0,4,137.9,1456.7,CVT,Diesel,Liquid-cooled,95.1,326972.0,11465.0,2017,8.51,Boros
Roda2,Matic,136.5,1,13.4,115.4,CVT,Bensin,Air-cooled,65.6,213205.0,10905.0,2025,41.01,Boros
Roda2,Sport,214.4,1,23.7,152.1,Manual,Bensin,Liquid-cooled,26.8,50061.0,13131.0,2016,28.0,Boros
Roda2,Bebek,146.9,1,11.4,109.2,Manual,Bensin,Air-cooled,26.2,220338.0,13667.0,2017,42.0,Boros
Roda4,MPV,1539.0,4,104.4,1292.2,CVT,Bensin,Liquid-cooled,39.4,273073.0,12498.0,2024,10.57,Boros
Roda4,SUV,1788.0,4,126.7,1397.6,Manual,Diesel,Liquid-cooled,15.1,417910.0,7251.0,2025,10.2,Boros
Roda2,Bebek,133.5,1,11.0,100.2,Manual,Bensin,Air-cooled,63.0,168539.0,10881.0,2018,42.0,Boros
Roda4,City Car,1368.8,3,103.4,990.0,Automatic,Bensin,Liquid-cooled,59.0,156005.0,11364.0,2026,13.0,Boros
Roda4,City Car,1063.5,4,68.3,834.5,CVT,Bensin,Liquid-cooled,57.1,557647.0,10397.0,2017,18.71,Hemat
Roda4,SUV,1742.8,4,123.2,1523.4,Automatic,Diesel,Liquid-cooled,20.2,385209.0,10155.0,2026,11.38,Hemat
Roda2,Matic,146.5,1,14.6,111.7,CVT,Bensin,Liquid-cooled,16.5,159368.0,10090.0,2025,36.97,Boros
Roda4,City Car,1183.1,3,80.5,883.5,CVT,Bensin,Liquid-cooled,46.5,295794.0,12128.0,2026,15.98,Hemat
Roda4,SUV,1688.8,4,106.8,1394.1,Manual,Bensin,Liquid-cooled,91.4,565173.0,13078.0,2024,9.06,Boros
Roda2,Matic,115.1,1,10.3,96.8,CVT,Bensin,Air-cooled,63.8,263231.0,13038.0,2015,48.2,Hemat
Roda4,City Car,1256.8,3,86.4,969.2,Manual,Bensin,Liquid-cooled,74.9,354811.0,10737.0,2024,14.26,Boros
Roda4,MPV,1770.3,4,129.9,1449.1,CVT,Diesel,Liquid-cooled,18.3,407588.0,8707.0,2016,9.0,Boros
Roda4,MPV,1494.0,4,100.1,1253.1,Automatic,Bensin,Liquid-cooled,18.6,497263.0,10960.0,2020,11.62,Boros
Roda4,SUV,1726.9,4,121.5,1341.0,DCT,Hybrid,Liquid-cooled,93.6,450954.0,14437.0,2015,12.29,Hemat
Roda2,Bebek,104.7,1,7.8,93.1,Manual,Bensin,Air-cooled,22.1,158463.0,11554.0,2018,58.47,Hemat
Roda4,MPV,1482.8,4,95.0,1245.6,Automatic,Diesel,Liquid-cooled,36.3,132994.0,12264.0,2016,12.22,Hemat
Roda2,Matic,114.2,1,9.8,97.2,CVT,Bensin,Liquid-cooled,57.8,83841.0,10557.0,2018,47.85,Hemat
Roda4,City Car,1199.7,4,84.5,991.1,Manual,Bensin,Liquid-cooled,56.6,299352.0,11231.0,2020,14.47,Boros
Roda2,Matic,122.5,1,12.0,100.1,CVT,Bensin,Liquid-cooled,35.1,251396.0,11944.0,2016,43.01,Hemat
Roda2,Bebek,122.4,1,8.4,99.4,Manual,Bensin,Air-cooled,61.6,95571.0,12199.0,2023,42.0,Boros
Roda4,MPV,1514.8,4,102.8,1319.6,Manual,Bensin,Liquid-cooled,94.2,305399.0,13394.0,2023,12.11,Hemat
Roda4,SUV,1586.3,4,112.4,1277.8,CVT,Hybrid,Liquid-cooled,82.0,288963.0,14163.0,2024,12.36,Hemat
Roda2,Sport,243.1,1,28.6,169.3,Manual,Bensin,Liquid-cooled,44.2,90979.0,12608.0,2021,28.0,Boros
Roda2,Sport Besar,469.5,2,52.3,212.9,Manual,Bensin,Liquid-cooled,55.2,291328.0,13249.0,2025,17.22,Boros
Roda2,Matic,148.6,1,14.0,116.0,CVT,Bensin,Air-cooled,16.5,126526.0,11807.0,2020,42.68,Hemat
Roda2,Bebek,120.1,1,9.9,97.5,Manual,Bensin,Air-cooled,17.5,160015.0,12846.0,2021,45.25,Boros
Roda2,Matic,125.2,1,11.3,106.7,CVT,Bensin,Air-cooled,62.3,179447.0,12565.0,2017,45.25,Hemat
Roda2,Sport,166.8,2,17.9,121.7,Manual,Bensin,Liquid-cooled,68.2,128221.0,12658.0,2025,34.91,Hemat
Roda2,Matic,156.8,1,15.9,125.0,CVT,Bensin,Liquid-cooled,59.9,141976.0,11313.0,2016,35.0,Boros
Roda4,SUV,1924.0,4,140.5,1600.0,DCT,Diesel,Liquid-cooled,84.7,310644.0,7672.0,2017,8.0,Boros
Roda2,Sport Besar,519.1,3,53.8,230.5,Manual,Bensin,Liquid-cooled,38.7,129935.0,11006.0,2024,16.0,Boros
Roda2,Matic,133.1,1,12.8,104.2,CVT,Bensin,Air-cooled,48.4,288294.0,10703.0,2018,43.07,Hemat
Roda2,Bebek,145.0,1,11.5,109.0,Manual,Bensin,Air-cooled,37.5,256967.0,13072.0,2021,42.0,Boros
Roda4,SUV,1873.3,4,142.3,1524.3,DCT,Hybrid,Liquid-cooled,99.9,266094.0,14198.0,2020,10.02,Boros
Roda2,Sport,172.3,1,19.8,131.4,Manual,Bensin,Liquid-cooled,60.3,142982.0,10778.0,2024,39.12,Hemat
Roda4,City Car,1034.4,3,67.3,800.0,Manual,Bensin,Liquid-cooled,40.9,182138.0,12776.0,2015,18.07,Hemat
Roda2,Sport,160.3,1,15.0,120.0,Manual,Bensin,Liquid-cooled,22.7,64056.0,13697.0,2022,38.95,Hemat
Roda2,Sport Besar,601.7,4,58.4,235.4,Manual,Bensin,Liquid-cooled,30.4,68685.0,10948.0,2016,16.0,Boros
Roda2,Sport Besar,606.0,4,70.0,238.5,Manual,Bensin,Liquid-cooled,15.8,244088.0,12434.0,2026,16.36,Boros
Roda4,City Car,1337.6,4,97.8,1038.6,Manual,Bensin,Liquid-cooled,59.4,579716.0,11410.0,2017,13.0,Boros
Roda2,Sport,180.8,2,18.1,129.4,Manual,Bensin,Liquid-cooled,64.2,242034.0,11940.0,2016,29.21,Boros
Roda4,City Car,1169.9,4,77.9,905.0,Automatic,Bensin,Liquid-cooled,75.2,108334.0,11289.0,2017,13.0,Boros
Roda4,City Car,1221.7,3,90.0,978.9,Manual,Bensin,Liquid-cooled,85.6,498063.0,11779.0,2021,13.0,Boros
Roda2,Matic,111.1,1,9.0,95.1,CVT,Bensin,Liquid-cooled,73.1,109101.0,11780.0,2018,47.0,Hemat
Roda2,Sport,241.0,2,28.5,156.5,Manual,Bensin,Liquid-cooled,57.4,275378.0,10528.0,2016,28.0,Boros
Roda2,Sport,176.5,1,19.4,142.9,Manual,Bensin,Liquid-cooled,57.6,150328.0,10445.0,2015,28.0,Boros
Roda4,City Car,1203.3,4,83.6,961.1,CVT,Bensin,Liquid-cooled,37.5,355371.0,11189.0,2024,13.49,Boros
Roda4,MPV,1767.8,4,125.5,1472.7,Automatic,Bensin,Liquid-cooled,90.0,455633.0,11312.0,2021,9.0,Boros
Roda2,Matic,149.5,1,14.8,117.7,CVT,Bensin,Liquid-cooled,13.4,75901.0,10501.0,2019,35.0,Boros
Roda4,SUV,1613.2,4,116.9,1354.5,Manual,Hybrid,Liquid-cooled,96.2,554766.0,14187.0,2017,12.54,Hemat
Roda4,SUV,1925.3,4,144.9,1526.1,Automatic,Hybrid,Liquid-cooled,93.9,519859.0,13933.0,2022,8.8,Boros
Roda4,MPV,1442.5,4,94.5,1217.5,CVT,Diesel,Liquid-cooled,28.1,130122.0,8436.0,2016,14.85,Hemat
Roda4,SUV,1635.3,4,117.4,1284.8,Automatic,Hybrid,Liquid-cooled,22.7,185488.0,13928.0,2016,11.03,Hemat
Roda4,SUV,1786.6,4,136.7,1407.1,DCT,Bensin,Liquid-cooled,26.4,167803.0,11802.0,2017,8.97,Boros
Roda4,MPV,1619.0,4,117.5,1331.6,CVT,Diesel,Liquid-cooled,58.8,510268.0,9689.0,2017,11.17,Boros
Roda4,MPV,1524.7,4,105.3,1337.1,Automatic,Bensin,Liquid-cooled,24.1,256633.0,12022.0,2015,9.01,Boros
Roda2,Matic,132.7,1,13.1,110.1,CVT,Bensin,Liquid-cooled,10.9,221119.0,10074.0,2016,35.0,Boros
Roda4,SUV,1792.2,4,132.4,1519.4,Automatic,Bensin,Liquid-cooled,76.9,353698.0,10561.0,2016,8.0,Boros
Roda4,SUV,1747.0,4,127.6,1410.2,CVT,Hybrid,Liquid-cooled,29.3,556053.0,14141.0,2016,10.48,Boros
Roda4,MPV,1590.8,4,106.6,1328.8,Manual,Diesel,Liquid-cooled,35.9,506361.0,8500.0,2016,10.69,Boros
Roda2,Matic,120.5,1,10.4,98.1,CVT,Bensin,Liquid-cooled,57.5,240845.0,11674.0,2022,50.78,Hemat
Roda4,SUV,1901.2,4,135.8,1529.1,CVT,Bensin,Liquid-cooled,17.8,249271.0,12211.0,2018,8.15,Boros
Roda2,Sport Besar,298.6,3,28.8,171.7,Manual,Bensin,Liquid-cooled,37.0,293713.0,10470.0,2022,24.26,Hemat
Roda4,City Car,1252.1,3,82.2,933.4,Manual,Bensin,Liquid-cooled,18.9,517812.0,13135.0,2021,13.46,Boros
Roda4,City Car,1435.0,4,101.8,1044.3,CVT,Bensin,Liquid-cooled,95.6,505085.0,12670.0,2016,13.0,Boros
Roda4,SUV,1507.4,4,104.9,1200.0,Manual,Hybrid,Liquid-cooled,95.6,361090.0,14188.0,2017,13.4,Hemat
Roda4,City Car,1051.5,4,73.6,846.8,Manual,Bensin,Liquid-cooled,98.3,473642.0,12580.0,2015,16.01,Hemat
Roda2,Sport Besar,630.4,3,65.7,234.1,Manual,Bensin,Liquid-cooled,15.4,204505.0,11904.0,2021,16.0,Boros
Roda4,MPV,1540.6,4,104.4,1286.1,Manual,Diesel,Liquid-cooled,72.0,141925.0,12349.0,2021,10.16,Boros
Roda2,Matic,137.0,1,12.3,111.2,CVT,Bensin,Air-cooled,17.7,167897.0,10951.0,2023,35.0,Boros
Roda2,Bebek,103.0,1,7.4,94.0,Manual,Bensin,Air-cooled,25.9,216630.0,10312.0,2025,58.02,Hemat
Roda4,City Car,1281.0,4,85.9,972.0,Automatic,Bensin,Liquid-cooled,83.5,378899.0,11710.0,2018,13.0,Boros
Roda2,Matic,142.0,1,12.8,119.5,CVT,Bensin,Air-cooled,46.8,182088.0,13750.0,2018,35.0,Boros
Roda4,MPV,1378.8,4,94.5,1125.5,Automatic,Bensin,Liquid-cooled,84.2,496145.0,13573.0,2019,10.21,Boros
Roda2,Matic,151.3,1,14.5,119.2,CVT,Bensin,Liquid-cooled,69.4,226515.0,11913.0,2017,35.0,Boros
Roda2,Sport Besar,569.6,2,55.0,230.0,Manual,Bensin,Liquid-cooled,58.2,181404.0,13416.0,2023,16.0,Boros
Roda2,Sport Besar,520.6,2,52.2,217.5,Manual,Bensin,Liquid-cooled,61.7,228947.0,12689.0,2025,16.0,Boros
Roda4,City Car,1036.0,3,75.8,817.8,Automatic,Bensin,Liquid-cooled,84.7,333424.0,11567.0,2015,15.26,Hemat
Roda2,Sport Besar,520.2,2,50.8,214.8,Manual,Bensin,Liquid-cooled,58.0,65013.0,12164.0,2026,16.0,Boros
Roda2,Matic,117.5,1,10.6,96.0,CVT,Bensin,Air-cooled,60.7,146415.0,10286.0,2020,49.97,Hemat
Roda2,Bebek,114.7,1,8.7,92.4,Manual,Bensin,Air-cooled,76.9,110038.0,11262.0,2018,48.68,Hemat
Roda4,City Car,1423.7,4,95.1,1062.8,CVT,Bensin,Liquid-cooled,51.5,357689.0,13422.0,2016,13.0,Boros
Roda4,MPV,1421.8,4,91.2,1229.4,Automatic,Diesel,Liquid-cooled,26.0,443097.0,9517.0,2024,14.09,Hemat
Roda4,MPV,1511.4,4,107.8,1305.7,Manual,Diesel,Liquid-cooled,20.3,181454.0,11803.0,2016,10.33,Boros
Roda2,Matic,150.1,1,14.3,113.4,CVT,Bensin,Liquid-cooled,78.8,99508.0,10523.0,2020,35.0,Boros
Roda2,Matic,152.7,1,14.6,124.0,CVT,Bensin,Liquid-cooled,75.0,194934.0,12601.0,2020,35.0,Boros
Roda4,MPV,1419.6,4,97.6,1176.1,Manual,Diesel,Liquid-cooled,61.7,157547.0,10341.0,2017,14.07,Hemat
Roda4,City Car,1183.4,3,81.6,949.7,Automatic,Bensin,Liquid-cooled,37.5,257067.0,13108.0,2020,13.0,Boros
Roda2,Bebek,101.8,1,7.6,93.2,Manual,Bensin,Air-cooled,64.7,226346.0,11741.0,2019,54.17,Hemat
Roda4,MPV,1774.8,4,125.2,1484.2,CVT,Bensin,Liquid-cooled,39.3,184750.0,12986.0,2015,9.0,Boros
Roda4,City Car,1056.5,4,68.6,856.9,Automatic,Bensin,Liquid-cooled,56.9,190865.0,12995.0,2019,18.05,Hemat
Roda4,City Car,1081.6,3,76.1,849.3,CVT,Bensin,Liquid-cooled,22.2,216552.0,10381.0,2018,14.19,Boros
Roda2,Sport,239.3,1,30.0,170.0,Manual,Bensin,Liquid-cooled,38.2,293908.0,12370.0,2015,28.0,Boros
Roda4,SUV,1751.1,4,125.0,1400.8,Manual,Bensin,Liquid-cooled,17.7,200819.0,11454.0,2018,8.0,Boros
Roda2,Matic,151.6,1,14.9,118.3,CVT,Bensin,Air-cooled,32.5,59372.0,13579.0,2021,35.0,Boros
Roda4,MPV,1393.4,4,90.8,1191.6,Manual,Bensin,Liquid-cooled,16.6,543964.0,11302.0,2016,12.8,Hemat
Roda4,SUV,1526.0,4,103.5,1254.2,CVT,Bensin,Liquid-cooled,59.7,586167.0,12382.0,2020,11.85,Hemat
Roda4,MPV,1451.7,4,102.4,1238.5,Automatic,Bensin,Liquid-cooled,44.3,493297.0,12546.0,2017,9.0,Boros
Roda4,SUV,1909.8,4,140.7,1539.7,Automatic,Diesel,Liquid-cooled,34.6,269830.0,11172.0,2023,8.0,Boros
Roda4,SUV,1886.4,4,135.1,1583.5,DCT,Diesel,Liquid-cooled,15.3,241417.0,10204.0,2016,8.0,Boros
Roda2,Sport Besar,366.8,2,40.1,192.1,Manual,Bensin,Liquid-cooled,45.8,299025.0,12893.0,2019,22.69,Hemat
Roda2,Sport Besar,619.7,3,66.3,250.0,Manual,Bensin,Liquid-cooled,73.1,297012.0,13362.0,2016,16.0,Boros
Roda2,Bebek,138.0,1,10.9,102.6,Manual,Bensin,Air-cooled,21.6,161385.0,10816.0,2017,42.0,Boros
Roda4,MPV,1618.5,4,112.9,1361.3,CVT,Diesel,Liquid-cooled,91.9,402910.0,8159.0,2024,9.17,Boros
Roda2,Sport,172.2,1,19.2,139.7,Manual,Bensin,Liquid-cooled,13.8,69975.0,10956.0,2020,29.52,Boros
Roda4,SUV,1914.2,4,130.8,1464.2,CVT,Hybrid,Liquid-cooled,33.7,451538.0,14288.0,2025,11.28,Hemat
Roda4,MPV,1639.2,4,113.0,1359.5,CVT,Bensin,Liquid-cooled,79.9,221953.0,10393.0,2026,10.03,Boros
Roda4,MPV,1570.0,4,106.9,1372.0,Automatic,Diesel,Liquid-cooled,51.9,448972.0,10660.0,2020,9.0,Boros
Roda4,SUV,1764.9,4,115.1,1465.2,DCT,Bensin,Liquid-cooled,65.8,102667.0,11098.0,2017,8.0,Boros
Roda4,City Car,1327.5,4,93.1,999.7,Manual,Bensin,Liquid-cooled,36.5,577761.0,13127.0,2025,13.16,Boros
Roda2,Matic,154.5,1,15.3,123.1,CVT,Bensin,Liquid-cooled,12.0,111186.0,13438.0,2021,35.0,Boros
Roda2,Sport,204.4,2,22.3,151.0,Manual,Bensin,Liquid-cooled,67.0,127831.0,12244.0,2016,28.0,Boros
Roda2,Sport Besar,439.3,2,42.1,185.3,Manual,Bensin,Liquid-cooled,42.5,194975.0,12751.0,2017,22.14,Hemat
Roda4,MPV,1784.8,4,130.0,1425.8,Automatic,Bensin,Liquid-cooled,55.7,493689.0,13414.0,2016,9.0,Boros
Roda4,SUV,1651.4,4,117.5,1337.6,Manual,Diesel,Liquid-cooled,88.9,161247.0,8231.0,2017,10.59,Boros
Roda2,Bebek,105.9,1,8.2,93.9,Manual,Bensin,Air-cooled,77.4,143718.0,11114.0,2026,51.68,Hemat
Roda4,MPV,1740.8,4,115.7,1475.3,Automatic,Bensin,Liquid-cooled,97.0,213455.0,10663.0,2017,9.0,Boros
Roda4,City Car,1266.0,3,83.8,1029.2,CVT,Bensin,Liquid-cooled,89.1,244012.0,12757.0,2026,13.0,Boros
Roda2,Sport Besar,545.9,3,65.9,221.5,Manual,Bensin,Liquid-cooled,71.2,136894.0,10282.0,2017,16.0,Boros
Roda4,MPV,1583.2,4,110.6,1370.2,Automatic,Bensin,Liquid-cooled,27.7,325893.0,12483.0,2025,9.0,Boros
Roda2,Matic,155.2,1,15.7,125.0,CVT,Bensin,Liquid-cooled,63.3,242693.0,12587.0,2015,35.0,Boros
Roda2,Matic,137.1,1,12.8,113.2,CVT,Bensin,Liquid-cooled,57.3,92558.0,10740.0,2018,35.0,Boros
Roda4,City Car,1174.5,4,77.7,891.4,Manual,Bensin,Liquid-cooled,98.4,592213.0,11841.0,2023,16.04,Hemat
Roda4,City Car,1285.1,4,88.2,986.5,Manual,Bensin,Liquid-cooled,97.6,222918.0,13225.0,2022,13.0,Boros
Roda4,City Car,1216.9,4,82.4,951.2,CVT,Bensin,Liquid-cooled,34.2,379200.0,13546.0,2015,13.83,Boros
Roda2,Sport Besar,436.8,3,41.2,214.8,Manual,Bensin,Liquid-cooled,28.6,276443.0,12509.0,2022,17.31,Boros
Roda4,MPV,1507.1,4,101.3,1317.6,CVT,Diesel,Liquid-cooled,40.5,326439.0,12114.0,2022,10.41,Boros
Roda4,City Car,1020.7,3,65.0,819.3,Automatic,Bensin,Liquid-cooled,23.8,333652.0,10832.0,2016,17.26,Hemat
Roda2,Matic,138.9,1,13.5,111.9,CVT,Bensin,Air-cooled,64.0,158808.0,13693.0,2019,39.0,Boros
Roda4,MPV,1762.8,4,130.0,1500.0,CVT,Diesel,Liquid-cooled,52.4,369139.0,9881.0,2017,9.0,Boros
Roda2,Sport Besar,379.5,4,31.6,191.9,Manual,Bensin,Liquid-cooled,29.2,279840.0,11705.0,2015,20.7,Boros
Roda2,Matic,115.8,1,9.3,99.3,CVT,Bensin,Liquid-cooled,45.2,164061.0,11600.0,2020,47.18,Hemat
Roda4,SUV,1827.6,4,134.8,1399.3,Manual,Diesel,Liquid-cooled,20.4,152180.0,7318.0,2023,9.08,Boros
Roda4,MPV,1770.3,4,126.5,1500.0,Manual,Bensin,Liquid-cooled,60.5,129498.0,11650.0,2024,9.0,Boros
Roda4,SUV,1641.1,4,121.9,1387.1,Automatic,Bensin,Liquid-cooled,94.0,505468.0,12120.0,2025,8.8,Boros
Roda2,Sport,199.7,2,23.0,141.4,Manual,Bensin,Liquid-cooled,16.9,222661.0,13209.0,2016,28.0,Boros
Roda4,MPV,1345.9,4,85.0,1148.3,Manual,Diesel,Liquid-cooled,15.7,511406.0,9775.0,2021,12.22,Hemat
Roda2,Bebek,119.4,1,9.4,97.5,Manual,Bensin,Air-cooled,11.8,105445.0,13044.0,2021,42.04,Boros
Roda4,SUV,1694.9,4,115.4,1287.5,Automatic,Bensin,Liquid-cooled,65.1,209714.0,12191.0,2018,9.21,Boros
Roda2,Sport Besar,390.7,2,38.4,185.6,Manual,Bensin,Liquid-cooled,79.2,112682.0,10263.0,2016,20.96,Boros
Roda2,Bebek,115.7,1,7.8,96.2,Manual,Bensin,Air-cooled,73.0,79035.0,13728.0,2024,44.07,Boros
Roda4,SUV,1897.9,4,148.0,1557.2,CVT,Bensin,Liquid-cooled,98.3,522917.0,11633.0,2024,8.0,Boros
Roda4,City Car,1110.1,4,79.7,855.0,CVT,Bensin,Liquid-cooled,32.2,595759.0,13667.0,2019,17.53,Hemat
Roda4,SUV,1527.7,4,100.0,1234.9,DCT,Hybrid,Liquid-cooled,25.3,388724.0,13916.0,2019,12.27,Hemat
Roda2,Sport,183.0,1,18.5,141.4,Manual,Bensin,Liquid-cooled,45.3,253628.0,13195.0,2019,30.44,Boros
Roda2,Sport,179.7,1,19.5,128.9,Manual,Bensin,Liquid-cooled,71.3,261082.0,10800.0,2021,32.22,Boros
Roda2,Matic,138.2,1,11.8,111.7,CVT,Bensin,Air-cooled,44.6,298673.0,11783.0,2021,46.13,Hemat
Roda2,Sport Besar,629.7,4,69.4,241.5,Manual,Bensin,Liquid-cooled,23.1,223260.0,11005.0,2019,16.0,Boros
Roda2,Bebek,113.5,1,8.9,98.0,Manual,Bensin,Air-cooled,28.6,218015.0,10203.0,2022,47.25,Boros
Roda2,Matic,150.2,1,14.3,116.4,CVT,Bensin,Air-cooled,17.2,95166.0,10507.0,2024,35.0,Boros
Roda4,SUV,1665.5,4,112.6,1357.5,Manual,Hybrid,Liquid-cooled,60.0,115107.0,14330.0,2019,12.69,Hemat
Roda2,Matic,130.8,1,11.8,107.8,CVT,Bensin,Air-cooled,61.1,180439.0,11626.0,2020,42.68,Hemat
Roda2,Matic,117.7,1,9.5,95.3,CVT,Bensin,Air-cooled,17.4,108263.0,13706.0,2016,43.53,Hemat
Roda2,Sport Besar,298.9,3,30.6,165.4,Manual,Bensin,Liquid-cooled,57.3,177292.0,13232.0,2021,25.04,Hemat
Roda2,Matic,138.1,1,12.2,110.7,CVT,Bensin,Liquid-cooled,37.8,220066.0,13474.0,2019,45.31,Hemat
Roda4,SUV,1517.4,4,101.0,1208.1,Manual,Diesel,Liquid-cooled,35.8,283078.0,8846.0,2021,12.64,Hemat
Roda4,City Car,1429.2,3,92.2,1032.5,Automatic,Bensin,Liquid-cooled,76.5,339657.0,10242.0,2023,13.0,Boros
Roda4,MPV,1703.1,4,119.1,1404.3,Automatic,Bensin,Liquid-cooled,52.0,134920.0,11028.0,2022,9.0,Boros
Roda2,Matic,133.5,1,13.0,106.5,CVT,Bensin,Liquid-cooled,31.4,173694.0,10727.0,2019,37.39,Boros
Roda4,MPV,1692.7,4,123.4,1374.2,Manual,Bensin,Liquid-cooled,35.5,426393.0,13150.0,2022,9.0,Boros
Roda2,Bebek,101.9,1,7.0,91.4,Manual,Bensin,Air-cooled,51.3,65333.0,11412.0,2023,55.78,Hemat
Roda2,Sport Besar,477.9,2,51.6,221.7,Manual,Bensin,Liquid-cooled,64.6,58000.0,11942.0,2024,16.0,Boros
Roda4,City Car,1402.7,4,98.7,1004.8,Automatic,Bensin,Liquid-cooled,37.9,415195.0,13316.0,2016,13.0,Boros
Roda2,Bebek,120.5,1,9.9,100.8,Manual,Bensin,Air-cooled,20.8,206693.0,10112.0,2024,42.0,Boros
Roda2,Sport Besar,625.8,2,70.0,245.9,Manual,Bensin,Liquid-cooled,33.5,73186.0,12418.0,2016,16.0,Boros
Roda4,MPV,1624.4,4,110.3,1402.0,Manual,Bensin,Liquid-cooled,74.2,235379.0,11115.0,2021,9.79,Boros
Roda4,City Car,1442.8,4,95.6,1084.0,Automatic,Bensin,Liquid-cooled,27.6,367584.0,10182.0,2016,13.0,Boros
Roda2,Matic,143.5,1,13.0,118.2,CVT,Bensin,Liquid-cooled,63.7,292389.0,12910.0,2021,35.0,Boros
Roda4,SUV,1728.1,4,123.3,1452.8,Manual,Bensin,Liquid-cooled,23.4,107375.0,12602.0,2024,8.0,Boros
Roda4,SUV,1771.0,4,130.3,1400.0,Automatic,Diesel,Liquid-cooled,67.8,446493.0,12559.0,2024,8.82,Boros
Roda2,Matic,149.3,1,13.7,123.6,CVT,Bensin,Liquid-cooled,65.5,133226.0,11842.0,2019,35.0,Boros
Roda2,Sport,233.8,2,27.6,162.1,Manual,Bensin,Liquid-cooled,78.0,213745.0,11123.0,2017,28.0,Boros
Roda4,City Car,1311.3,4,85.5,977.2,Manual,Bensin,Liquid-cooled,69.8,191339.0,13718.0,2017,13.0,Boros
Roda4,MPV,1394.2,4,88.1,1153.5,Manual,Diesel,Liquid-cooled,15.3,298109.0,11950.0,2017,13.86,Hemat
Roda4,SUV,1721.4,4,116.4,1364.5,CVT,Diesel,Liquid-cooled,68.1,518611.0,9848.0,2015,13.2,Hemat
Roda4,SUV,1590.3,4,107.2,1227.0,DCT,Hybrid,Liquid-cooled,47.6,177423.0,13974.0,2015,14.21,Hemat
Roda4,SUV,1898.7,4,142.5,1510.7,DCT,Bensin,Liquid-cooled,29.3,298689.0,11326.0,2024,8.13,Boros
Roda4,MPV,1339.1,4,91.5,1107.6,Manual,Diesel,Liquid-cooled,74.5,227455.0,8873.0,2016,13.99,Hemat
Roda4,MPV,1599.5,4,121.3,1337.3,Manual,Bensin,Liquid-cooled,43.3,405676.0,12524.0,2015,9.0,Boros
Roda2,Sport Besar,501.3,4,50.8,211.1,Manual,Bensin,Liquid-cooled,39.3,147482.0,10466.0,2025,18.84,Boros
Roda4,City Car,1292.1,4,92.5,1001.3,CVT,Bensin,Liquid-cooled,84.4,475215.0,12188.0,2016,13.0,Boros
Roda4,MPV,1323.3,4,85.0,1107.5,Automatic,Bensin,Liquid-cooled,20.7,297132.0,13456.0,2020,14.43,Hemat
Roda2,Matic,153.5,1,14.5,123.0,CVT,Bensin,Liquid-cooled,63.7,294603.0,12724.0,2025,35.0,Boros
Roda4,City Car,1017.4,3,70.0,838.2,CVT,Bensin,Liquid-cooled,94.0,210149.0,13631.0,2021,17.18,Hemat
Roda4,City Car,1380.4,4,88.5,997.9,CVT,Bensin,Liquid-cooled,18.2,170655.0,12481.0,2020,13.0,Boros
Roda4,SUV,1884.0,4,134.9,1490.5,CVT,Diesel,Liquid-cooled,74.0,533332.0,7858.0,2023,9.39,Boros
Roda4,MPV,1781.4,4,130.0,1500.0,CVT,Diesel,Liquid-cooled,44.2,168794.0,6802.0,2022,9.0,Boros
Roda4,SUV,1915.4,4,144.0,1582.1,Automatic,Diesel,Liquid-cooled,16.7,543908.0,7387.0,2023,8.0,Boros
Roda4,City Car,1457.3,4,100.7,1100.0,Manual,Bensin,Liquid-cooled,46.1,167971.0,13607.0,2015,13.0,Boros
Roda4,SUV,1757.1,4,128.8,1382.1,Manual,Bensin,Liquid-cooled,75.6,525387.0,10536.0,2018,8.0,Boros
Roda4,MPV,1565.7,4,105.9,1334.0,Automatic,Bensin,Liquid-cooled,56.5,256165.0,10640.0,2026,11.5,Boros
Roda2,Sport Besar,372.0,2,35.2,189.4,Manual,Bensin,Liquid-cooled,40.3,276310.0,12947.0,2023,21.1,Boros
Roda4,MPV,1685.6,4,128.9,1416.8,CVT,Diesel,Liquid-cooled,97.5,152772.0,10677.0,2015,9.0,Boros
Roda4,SUV,1699.9,4,128.8,1318.6,Manual,Diesel,Liquid-cooled,44.6,482748.0,12856.0,2016,9.43,Boros
Roda4,SUV,1865.3,4,126.5,1509.8,CVT,Bensin,Liquid-cooled,25.1,490264.0,11117.0,2026,8.14,Boros
Roda4,SUV,1698.4,4,116.6,1319.3,Automatic,Bensin,Liquid-cooled,41.3,553628.0,11269.0,2020,8.49,Boros
Roda2,Bebek,110.2,1,8.0,93.3,Manual,Bensin,Air-cooled,41.6,95861.0,13334.0,2021,49.36,Hemat
Roda4,SUV,1533.9,4,100.7,1200.0,CVT,Hybrid,Liquid-cooled,99.9,569335.0,14496.0,2020,14.29,Hemat
Roda4,SUV,1534.0,4,103.9,1200.0,CVT,Diesel,Liquid-cooled,77.6,498610.0,7754.0,2021,14.28,Hemat
Roda2,Bebek,146.6,1,11.6,110.0,Manual,Bensin,Air-cooled,66.5,271478.0,13183.0,2018,42.0,Boros
Roda4,MPV,1793.7,4,130.0,1491.0,CVT,Bensin,Liquid-cooled,52.1,199017.0,13388.0,2018,9.0,Boros
Roda4,SUV,1615.5,4,114.5,1297.4,Automatic,Bensin,Liquid-cooled,23.4,121331.0,13231.0,2017,8.63,Boros
Roda4,MPV,1414.6,4,102.1,1144.5,Manual,Diesel,Liquid-cooled,51.9,199565.0,10231.0,2024,16.05,Hemat
Roda4,City Car,1466.3,4,101.0,1080.5,Manual,Bensin,Liquid-cooled,27.1,519152.0,13747.0,2026,13.0,Boros
Roda4,MPV,1507.3,4,105.4,1229.1,Automatic,Bensin,Liquid-cooled,30.5,264599.0,12536.0,2025,12.84,Hemat
Roda2,Sport Besar,281.5,2,25.0,161.7,Manual,Bensin,Liquid-cooled,14.5,271003.0,11994.0,2024,25.46,Hemat
Roda2,Bebek,102.9,1,8.0,90.0,Manual,Bensin,Air-cooled,64.8,116347.0,10693.0,2023,54.07,Hemat
Roda2,Matic,118.1,1,10.2,95.0,CVT,Bensin,Air-cooled,64.1,192614.0,10360.0,2019,56.03,Hemat
Roda2,Sport Besar,330.9,3,30.6,179.1,Manual,Bensin,Liquid-cooled,55.5,65927.0,11267.0,2026,22.93,Hemat
Roda2,Sport,227.8,2,25.8,160.0,Manual,Bensin,Liquid-cooled,29.8,77256.0,12668.0,2020,28.0,Boros
Roda4,MPV,1390.6,4,95.9,1184.9,Automatic,Bensin,Liquid-cooled,37.5,593735.0,12441.0,2016,10.38,Boros
Roda4,MPV,1769.9,4,121.3,1485.8,Automatic,Diesel,Liquid-cooled,22.2,454899.0,7967.0,2018,9.0,Boros
Roda4,SUV,1785.7,4,124.2,1411.3,Manual,Diesel,Liquid-cooled,96.3,599261.0,6893.0,2026,9.86,Boros
Roda4,City Car,1482.7,3,96.2,1077.8,Automatic,Bensin,Liquid-cooled,42.3,462647.0,11458.0,2025,13.0,Boros
Roda4,City Car,1070.4,3,71.8,884.3,Automatic,Bensin,Liquid-cooled,20.9,256879.0,13837.0,2016,14.71,Boros
Roda2,Matic,132.5,1,12.3,106.0,CVT,Bensin,Air-cooled,15.4,127559.0,11976.0,2021,37.14,Boros
Roda4,SUV,1930.1,4,141.0,1600.0,DCT,Diesel,Liquid-cooled,25.3,440219.0,9772.0,2022,8.51,Boros
Roda2,Sport,227.0,2,24.9,150.6,Manual,Bensin,Liquid-cooled,14.0,130561.0,10243.0,2022,28.0,Boros
Roda2,Sport,205.6,2,22.5,149.3,Manual,Bensin,Liquid-cooled,64.1,175947.0,12494.0,2023,30.53,Boros
Roda2,Matic,129.8,1,11.8,110.2,CVT,Bensin,Air-cooled,46.7,188771.0,12896.0,2026,39.16,Boros
Roda4,SUV,1965.6,4,142.4,1589.8,Automatic,Bensin,Liquid-cooled,80.6,189169.0,11894.0,2015,8.0,Boros
Roda2,Matic,132.2,1,11.1,102.1,CVT,Bensin,Air-cooled,44.9,256154.0,13184.0,2026,42.77,Hemat
Roda2,Sport Besar,585.5,3,63.5,224.9,Manual,Bensin,Liquid-cooled,14.7,128241.0,12549.0,2023,16.0,Boros
Roda2,Sport Besar,509.0,3,54.2,223.7,Manual,Bensin,Liquid-cooled,54.5,162079.0,10067.0,2020,16.0,Boros
Roda4,SUV,1659.9,4,117.3,1259.5,Automatic,Hybrid,Liquid-cooled,66.7,401715.0,13922.0,2024,12.14,Hemat
Roda2,Sport,227.9,2,26.1,157.6,Manual,Bensin,Liquid-cooled,27.7,177440.0,13820.0,2025,28.0,Boros
Roda2,Matic,156.8,1,16.0,119.7,CVT,Bensin,Liquid-cooled,48.2,111184.0,13475.0,2019,35.0,Boros
Roda4,MPV,1302.7,4,85.0,1160.4,CVT,Bensin,Liquid-cooled,53.7,447416.0,10051.0,2017,14.19,Hemat
Roda2,Sport Besar,353.7,2,41.2,185.9,Manual,Bensin,Liquid-cooled,35.6,118470.0,10773.0,2016,17.82,Boros
Roda2,Sport Besar,504.4,4,49.3,210.0,Manual,Bensin,Liquid-cooled,71.7,87739.0,10319.0,2022,19.61,Boros
Roda2,Sport Besar,465.6,4,50.0,191.7,Manual,Bensin,Liquid-cooled,71.1,161075.0,12731.0,2026,19.81,Boros
Roda2,Sport Besar,622.6,4,64.0,230.3,Manual,Bensin,Liquid-cooled,16.0,214597.0,11503.0,2017,16.0,Boros
Roda4,SUV,1869.5,4,134.6,1520.4,DCT,Diesel,Liquid-cooled,60.3,152719.0,7589.0,2015,9.83,Boros
Roda4,MPV,1731.7,4,123.7,1453.4,CVT,Diesel,Liquid-cooled,28.2,421548.0,12927.0,2016,9.84,Boros
Roda4,MPV,1567.4,4,113.8,1285.8,Manual,Diesel,Liquid-cooled,83.3,524044.0,10281.0,2024,13.76,Hemat
Roda2,Sport Besar,578.3,4,64.8,237.4,Manual,Bensin,Liquid-cooled,10.8,266622.0,12042.0,2023,16.0,Boros
Roda2,Bebek,132.7,1,10.7,105.5,Manual,Bensin,Air-cooled,26.2,151060.0,13874.0,2026,42.0,Boros
Roda2,Sport,207.6,1,26.5,151.8,Manual,Bensin,Liquid-cooled,66.8,279729.0,12342.0,2017,28.0,Boros
Roda4,SUV,1593.4,4,107.3,1261.2,CVT,Bensin,Liquid-cooled,62.1,466987.0,11860.0,2025,12.85,Hemat
Roda2,Bebek,112.9,1,8.4,95.3,Manual,Bensin,Air-cooled,42.7,203353.0,10651.0,2022,50.95,Hemat
Roda4,SUV,1758.5,4,131.6,1409.7,Manual,Hybrid,Liquid-cooled,20.7,320191.0,14139.0,2019,9.63,Boros
Roda4,City Car,1469.6,3,100.5,1100.0,Manual,Bensin,Liquid-cooled,16.5,139440.0,12371.0,2018,13.0,Boros
Roda2,Sport,242.6,1,30.0,162.8,Manual,Bensin,Liquid-cooled,40.4,158326.0,10664.0,2025,28.0,Boros
Roda4,MPV,1623.5,4,106.2,1374.9,CVT,Bensin,Liquid-cooled,49.9,217317.0,11773.0,2022,9.36,Boros
Roda4,City Car,1218.0,3,87.0,918.0,Manual,Bensin,Liquid-cooled,58.1,417060.0,13458.0,2017,13.0,Boros
Roda2,Sport Besar,296.9,2,27.6,174.9,Manual,Bensin,Liquid-cooled,41.8,274547.0,11913.0,2026,24.78,Hemat
Roda2,Sport,232.2,2,27.5,163.2,Manual,Bensin,Liquid-cooled,50.9,122499.0,10371.0,2022,28.0,Boros
Roda2,Matic,135.3,1,11.5,110.9,CVT,Bensin,Liquid-cooled,19.5,161892.0,13235.0,2015,35.0,Boros
Roda2,Matic,146.2,1,14.3,116.9,CVT,Bensin,Liquid-cooled,49.8,149606.0,13814.0,2020,35.0,Boros
Roda2,Matic,154.9,1,15.9,122.9,CVT,Bensin,Liquid-cooled,15.5,171956.0,11227.0,2021,35.0,Boros
Roda2,Sport Besar,313.9,4,33.1,178.7,Manual,Bensin,Liquid-cooled,29.5,110440.0,11534.0,2016,20.88,Boros
Roda4,SUV,1996.5,4,150.0,1564.6,Automatic,Hybrid,Liquid-cooled,40.8,113621.0,14282.0,2017,8.0,Boros
Roda2,Matic,155.7,1,15.2,120.6,CVT,Bensin,Liquid-cooled,60.1,253026.0,11398.0,2026,35.0,Boros
Roda4,SUV,1768.6,4,129.1,1434.9,DCT,Diesel,Liquid-cooled,76.0,575330.0,11250.0,2023,11.4,Hemat
Roda2,Sport,234.7,2,28.7,155.5,Manual,Bensin,Liquid-cooled,16.4,206241.0,10931.0,2020,28.0,Boros
Roda2,Bebek,105.9,1,8.7,90.4,Manual,Bensin,Air-cooled,61.6,270748.0,10790.0,2025,62.25,Hemat
Roda2,Sport,238.1,1,29.6,161.0,Manual,Bensin,Liquid-cooled,12.3,83426.0,12479.0,2018,28.0,Boros
Roda2,Bebek,119.0,1,9.0,100.6,Manual,Bensin,Air-cooled,28.8,179399.0,11049.0,2025,42.96,Boros
Roda2,Matic,147.8,1,14.5,123.7,CVT,Bensin,Air-cooled,70.6,93042.0,13317.0,2026,35.0,Boros
Roda4,MPV,1424.0,4,98.3,1194.9,Manual,Diesel,Liquid-cooled,32.8,299483.0,6864.0,2017,11.98,Boros
Roda4,City Car,1282.8,4,81.5,1002.1,Automatic,Bensin,Liquid-cooled,34.4,406828.0,10995.0,2025,13.0,Boros
Roda2,Sport Besar,581.0,2,62.2,226.5,Manual,Bensin,Liquid-cooled,49.7,90680.0,10271.0,2024,16.0,Boros
Roda4,SUV,1713.6,4,117.3,1369.9,CVT,Bensin,Liquid-cooled,39.1,516450.0,12088.0,2020,10.55,Boros
Roda4,SUV,1743.4,4,117.2,1368.9,Manual,Bensin,Liquid-cooled,40.6,334229.0,10183.0,2018,9.34,Boros
Roda4,MPV,1609.9,4,118.5,1395.6,CVT,Bensin,Liquid-cooled,49.7,131634.0,10741.0,2021,10.3,Boros
Roda2,Sport Besar,546.9,4,54.7,220.8,Manual,Bensin,Liquid-cooled,44.0,130944.0,13315.0,2025,16.0,Boros
Roda4,City Car,1147.4,4,75.7,865.0,Manual,Bensin,Liquid-cooled,82.3,520751.0,13565.0,2017,14.91,Boros
Roda4,SUV,1791.1,4,120.1,1460.6,Manual,Diesel,Liquid-cooled,19.5,541201.0,10980.0,2015,8.0,Boros
Roda2,Matic,137.7,1,13.1,117.5,CVT,Bensin,Liquid-cooled,71.7,58060.0,12932.0,2023,37.66,Boros
Roda2,Matic,112.9,1,9.1,95.0,CVT,Bensin,Air-cooled,52.1,299662.0,10785.0,2023,45.07,Hemat
Roda2,Bebek,141.2,1,10.6,106.0,Manual,Bensin,Air-cooled,59.4,110910.0,11828.0,2017,42.0,Boros
Roda4,SUV,1901.4,4,137.2,1531.3,Manual,Diesel,Liquid-cooled,43.4,178272.0,12872.0,2018,8.0,Boros
Roda2,Sport,173.1,1,18.1,138.8,Manual,Bensin,Liquid-cooled,11.9,128256.0,12782.0,2023,30.78,Boros
Roda2,Bebek,146.1,1,11.2,109.4,Manual,Bensin,Air-cooled,36.2,67230.0,10302.0,2026,42.0,Boros
Roda4,City Car,1227.1,4,78.8,940.6,CVT,Bensin,Liquid-cooled,33.8,545996.0,13848.0,2018,16.12,Hemat
Roda2,Sport Besar,541.5,2,57.0,228.1,Manual,Bensin,Liquid-cooled,32.8,140250.0,12296.0,2017,16.0,Boros
Roda2,Sport,172.7,2,18.4,128.7,Manual,Bensin,Liquid-cooled,59.9,122482.0,12014.0,2018,31.71,Boros
Roda2,Sport,248.4,2,29.7,170.0,Manual,Bensin,Liquid-cooled,60.5,70595.0,12615.0,2019,28.0,Boros
Roda4,SUV,1755.3,4,124.7,1415.2,Manual,Bensin,Liquid-cooled,53.4,555679.0,13669.0,2017,8.0,Boros
Roda4,SUV,1718.1,4,116.3,1422.3,DCT,Bensin,Liquid-cooled,99.9,218726.0,12103.0,2026,9.44,Boros
Roda4,SUV,1796.5,4,134.8,1458.2,CVT,Bensin,Liquid-cooled,76.4,239673.0,13020.0,2017,8.7,Boros
Roda2,Sport Besar,393.7,2,45.6,189.0,Manual,Bensin,Liquid-cooled,68.8,297604.0,11036.0,2026,19.85,Boros
Roda4,MPV,1396.5,4,98.3,1177.4,CVT,Bensin,Liquid-cooled,87.1,299622.0,12962.0,2015,11.04,Boros
Roda4,MPV,1673.6,4,120.0,1397.9,CVT,Diesel,Liquid-cooled,60.3,492817.0,8657.0,2023,9.08,Boros
Roda4,MPV,1312.6,4,90.2,1138.0,CVT,Bensin,Liquid-cooled,74.8,336487.0,10594.0,2018,15.31,Hemat
Roda4,SUV,1720.4,4,122.1,1398.7,Automatic,Bensin,Liquid-cooled,71.8,293071.0,13578.0,2019,8.66,Boros
Roda4,SUV,1706.5,4,131.8,1365.4,Automatic,Diesel,Liquid-cooled,95.9,523600.0,13012.0,2023,9.99,Boros
Roda4,MPV,1571.4,4,110.2,1303.6,CVT,Bensin,Liquid-cooled,43.6,235122.0,10628.0,2020,9.45,Boros
Roda2,Sport,191.1,2,23.4,137.0,Manual,Bensin,Liquid-cooled,74.6,278497.0,12280.0,2017,31.18,Boros
Roda4,SUV,1645.7,4,117.2,1253.8,DCT,Diesel,Liquid-cooled,21.3,499834.0,12282.0,2015,11.52,Hemat
Roda2,Sport,242.2,1,28.2,160.7,Manual,Bensin,Liquid-cooled,27.1,198774.0,11075.0,2019,28.0,Boros
Roda2,Matic,151.5,1,14.8,122.9,CVT,Bensin,Air-cooled,53.3,261765.0,10663.0,2015,35.0,Boros
Roda4,MPV,1688.4,4,118.7,1337.9,CVT,Diesel,Liquid-cooled,17.1,215947.0,11788.0,2023,11.84,Boros
Roda4,City Car,1232.1,3,78.8,952.2,Automatic,Bensin,Liquid-cooled,73.7,119033.0,11722.0,2026,13.39,Boros
Roda2,Matic,120.3,1,10.5,96.9,CVT,Bensin,Air-cooled,40.0,69551.0,10474.0,2022,49.66,Hemat
Roda2,Sport,177.9,2,16.4,129.8,Manual,Bensin,Liquid-cooled,28.4,114505.0,11367.0,2018,35.31,Hemat
Roda2,Matic,124.8,1,11.6,106.9,CVT,Bensin,Liquid-cooled,61.3,59824.0,12358.0,2022,40.8,Boros
Roda4,MPV,1373.6,4,87.7,1150.6,CVT,Bensin,Liquid-cooled,65.1,554118.0,11216.0,2020,15.35,Hemat
Roda2,Sport,168.8,2,17.8,140.0,Manual,Bensin,Liquid-cooled,48.4,89669.0,11103.0,2015,28.08,Boros
Roda2,Matic,126.4,1,12.2,107.4,CVT,Bensin,Air-cooled,35.2,216952.0,10158.0,2019,46.15,Hemat
Roda2,Sport,190.9,2,19.7,135.2,Manual,Bensin,Liquid-cooled,30.0,73156.0,11948.0,2025,34.72,Hemat
Roda2,Matic,112.5,1,9.6,95.0,CVT,Bensin,Air-cooled,65.1,152185.0,13211.0,2017,53.82,Hemat
Roda2,Sport,220.7,2,25.4,155.6,Manual,Bensin,Liquid-cooled,11.0,213350.0,11923.0,2020,28.0,Boros
Roda2,Matic,120.0,1,11.1,95.0,CVT,Bensin,Liquid-cooled,60.9,152390.0,12464.0,2016,37.65,Boros
Roda2,Bebek,122.9,1,9.0,100.3,Manual,Bensin,Air-cooled,79.4,216050.0,10777.0,2017,46.9,Boros
Roda2,Matic,155.7,1,14.7,117.1,CVT,Bensin,Air-cooled,24.0,102752.0,12684.0,2020,35.0,Boros
Roda2,Matic,135.3,1,11.8,104.0,CVT,Bensin,Liquid-cooled,49.2,162598.0,12522.0,2017,37.73,Boros
Roda2,Bebek,100.8,1,7.2,90.0,Manual,Bensin,Air-cooled,65.4,200617.0,11995.0,2024,55.23,Hemat
Roda2,Matic,159.9,1,15.5,121.3,CVT,Bensin,Liquid-cooled,72.2,297391.0,10452.0,2024,35.0,Boros
Roda4,SUV,1799.2,4,124.1,1396.3,CVT,Bensin,Liquid-cooled,23.4,505631.0,13152.0,2018,8.87,Boros
Roda4,MPV,1577.8,4,111.7,1367.0,Manual,Diesel,Liquid-cooled,15.8,283427.0,11109.0,2024,11.08,Boros
Roda4,MPV,1625.9,4,116.7,1359.7,Automatic,Diesel,Liquid-cooled,81.6,317193.0,11852.0,2018,9.08,Boros
Roda4,MPV,1451.5,4,99.5,1286.7,Automatic,Diesel,Liquid-cooled,26.0,108184.0,6969.0,2024,12.25,Hemat
Roda2,Matic,145.0,1,15.4,118.9,CVT,Bensin,Air-cooled,49.5,102658.0,13700.0,2018,35.0,Boros
Roda4,SUV,1642.5,4,106.8,1261.1,Manual,Bensin,Liquid-cooled,51.4,578041.0,11281.0,2016,9.54,Boros
Roda2,Sport,226.2,1,26.3,158.0,Manual,Bensin,Liquid-cooled,15.5,193988.0,12734.0,2021,28.0,Boros
Roda4,MPV,1528.1,4,106.8,1292.8,Automatic,Bensin,Liquid-cooled,82.2,282105.0,10058.0,2022,12.49,Hemat
Roda4,SUV,1751.0,4,125.2,1428.6,CVT,Bensin,Liquid-cooled,42.2,463168.0,12167.0,2021,9.59,Boros
Roda2,Matic,119.6,1,10.1,100.7,CVT,Bensin,Air-cooled,30.4,251878.0,11878.0,2022,43.89,Hemat
Roda2,Sport Besar,605.9,3,65.0,247.6,Manual,Bensin,Liquid-cooled,43.2,122815.0,12716.0,2022,16.0,Boros
Roda4,City Car,1286.7,4,86.7,925.6,Automatic,Bensin,Liquid-cooled,36.0,371754.0,10352.0,2025,13.0,Boros
Roda2,Matic,126.7,1,12.1,102.4,CVT,Bensin,Liquid-cooled,15.0,129978.0,11847.0,2019,43.03,Hemat
Roda2,Sport Besar,476.3,2,54.2,214.2,Manual,Bensin,Liquid-cooled,13.5,271282.0,12287.0,2021,16.0,Boros
Roda4,City Car,1030.3,3,67.8,824.3,Automatic,Bensin,Liquid-cooled,49.5,156274.0,11306.0,2020,16.76,Hemat
Roda2,Matic,149.4,1,15.4,115.9,CVT,Bensin,Liquid-cooled,62.4,268568.0,13443.0,2022,35.0,Boros
Roda4,City Car,1372.1,4,88.5,1015.9,Automatic,Bensin,Liquid-cooled,99.9,295983.0,10993.0,2016,13.0,Boros
Roda4,SUV,1640.2,4,111.9,1292.9,DCT,Bensin,Liquid-cooled,88.7,361304.0,10457.0,2025,11.07,Hemat
Roda2,Sport,184.6,1,22.0,139.3,Manual,Bensin,Liquid-cooled,35.3,130279.0,10005.0,2022,30.59,Boros
Roda2,Matic,145.3,1,13.0,116.1,CVT,Bensin,Air-cooled,61.0,249693.0,13686.0,2024,35.0,Boros
Roda2,Matic,116.6,1,9.8,101.0,CVT,Bensin,Air-cooled,48.5,267250.0,12977.0,2017,46.45,Hemat
Roda2,Sport,154.1,2,15.0,125.6,Manual,Bensin,Liquid-cooled,22.4,182826.0,10170.0,2021,33.59,Hemat
Roda2,Matic,140.3,1,14.1,114.3,CVT,Bensin,Liquid-cooled,48.3,188373.0,11936.0,2019,35.0,Boros
Roda2,Matic,132.0,1,11.6,109.5,CVT,Bensin,Liquid-cooled,79.8,243211.0,13421.0,2025,39.13,Boros
Roda4,City Car,1005.1,4,65.0,842.5,Automatic,Bensin,Liquid-cooled,30.8,506968.0,12129.0,2019,15.83,Hemat
Roda4,MPV,1431.8,4,100.1,1173.7,Manual,Bensin,Liquid-cooled,46.3,140711.0,12472.0,2022,12.82,Hemat
Roda4,MPV,1630.4,4,111.5,1353.3,Manual,Bensin,Liquid-cooled,44.7,203523.0,12582.0,2020,9.32,Boros
Roda4,SUV,1525.5,4,104.0,1233.2,Manual,Hybrid,Liquid-cooled,30.2,386318.0,14109.0,2015,12.73,Hemat
Roda2,Sport Besar,512.4,4,55.9,218.8,Manual,Bensin,Liquid-cooled,32.6,258062.0,10683.0,2020,16.66,Boros
Roda2,Sport Besar,480.7,3,45.9,215.7,Manual,Bensin,Liquid-cooled,33.2,61242.0,10822.0,2026,16.0,Boros
Roda4,City Car,1043.2,4,65.0,856.8,CVT,Bensin,Liquid-cooled,18.2,417918.0,11835.0,2017,16.71,Hemat
Roda2,Matic,115.8,1,9.0,101.7,CVT,Bensin,Air-cooled,26.6,175632.0,11058.0,2016,47.02,Hemat
Roda2,Matic,114.6,1,9.9,95.0,CVT,Bensin,Air-cooled,79.1,240797.0,12238.0,2026,50.32,Hemat
Roda2,Sport,245.5,1,29.1,166.4,Manual,Bensin,Liquid-cooled,54.6,126739.0,11684.0,2017,28.0,Boros
Roda2,Sport,236.9,2,27.6,161.0,Manual,Bensin,Liquid-cooled,19.2,296925.0,11299.0,2020,28.0,Boros
Roda2,Matic,119.6,1,9.8,96.4,CVT,Bensin,Liquid-cooled,12.9,137685.0,12660.0,2015,45.48,Hemat
Roda2,Matic,155.3,1,14.3,118.8,CVT,Bensin,Liquid-cooled,78.3,127650.0,11798.0,2026,35.0,Boros
Roda4,MPV,1649.3,4,117.7,1392.6,Manual,Bensin,Liquid-cooled,80.2,342286.0,11578.0,2022,9.0,Boros
Roda4,SUV,1555.4,4,105.0,1238.9,Automatic,Hybrid,Liquid-cooled,26.9,488483.0,13942.0,2018,12.18,Hemat
Roda4,City Car,1019.8,3,66.1,827.7,CVT,Bensin,Liquid-cooled,58.5,304873.0,12240.0,2015,15.11,Hemat
Roda2,Sport,180.7,2,18.0,127.0,Manual,Bensin,Liquid-cooled,49.0,260337.0,10807.0,2024,38.78,Hemat
Roda2,Bebek,124.9,1,9.8,101.0,Manual,Bensin,Air-cooled,17.1,88215.0,10959.0,2019,42.0,Boros
Roda2,Sport,186.4,2,20.9,135.6,Manual,Bensin,Liquid-cooled,63.0,148028.0,11289.0,2025,32.38,Boros
Roda4,MPV,1589.2,4,112.0,1295.8,Automatic,Diesel,Liquid-cooled,26.4,477987.0,7532.0,2026,12.46,Hemat
Roda4,City Car,1038.6,3,66.3,811.1,CVT,Bensin,Liquid-cooled,74.6,374075.0,10338.0,2019,17.12,Hemat
Roda2,Matic,116.1,1,9.9,102.7,CVT,Bensin,Liquid-cooled,11.7,145716.0,12053.0,2022,41.02,Boros
Roda4,MPV,1557.8,4,101.5,1255.9,Automatic,Bensin,Liquid-cooled,50.9,477501.0,13403.0,2019,9.1,Boros
Roda4,SUV,1923.8,4,144.8,1529.5,Manual,Bensin,Liquid-cooled,37.8,303198.0,12175.0,2020,8.0,Boros
Roda4,SUV,1880.2,4,135.0,1559.4,Manual,Bensin,Liquid-cooled,79.3,184693.0,10472.0,2016,8.0,Boros
Roda2,Matic,134.8,1,13.6,107.2,CVT,Bensin,Air-cooled,77.0,270941.0,13640.0,2019,38.2,Boros
Roda4,City Car,1386.6,4,100.1,993.2,Manual,Bensin,Liquid-cooled,83.9,333262.0,11766.0,2021,13.0,Boros
Roda4,MPV,1680.3,4,122.5,1405.9,Manual,Diesel,Liquid-cooled,97.4,468763.0,11744.0,2026,9.92,Boros
Roda4,MPV,1370.6,4,91.6,1139.3,CVT,Diesel,Liquid-cooled,96.2,586302.0,10942.0,2025,15.72,Hemat
Roda4,SUV,1749.2,4,125.1,1387.1,Manual,Hybrid,Liquid-cooled,47.0,237877.0,14170.0,2022,11.32,Hemat
Roda2,Sport,190.6,2,21.4,142.5,Manual,Bensin,Liquid-cooled,71.7,99787.0,11373.0,2017,28.0,Boros
Roda2,Sport Besar,622.1,2,70.0,242.2,Manual,Bensin,Liquid-cooled,58.1,164278.0,10166.0,2018,16.0,Boros
Roda4,MPV,1488.2,4,95.0,1247.7,CVT,Bensin,Liquid-cooled,79.1,417077.0,13725.0,2024,11.48,Boros
Roda2,Sport,246.9,1,28.1,167.8,Manual,Bensin,Liquid-cooled,37.6,179637.0,11716.0,2020,28.0,Boros
Roda4,SUV,1996.3,4,150.0,1532.3,DCT,Bensin,Liquid-cooled,52.7,233791.0,10703.0,2017,8.0,Boros
Roda2,Sport,171.8,1,18.6,127.4,Manual,Bensin,Liquid-cooled,37.5,268525.0,12412.0,2015,30.45,Boros
Roda4,MPV,1692.8,4,122.3,1473.1,CVT,Bensin,Liquid-cooled,30.2,186084.0,12832.0,2015,9.0,Boros
Roda2,Sport Besar,574.1,4,50.7,239.8,Manual,Bensin,Liquid-cooled,69.5,196271.0,10025.0,2020,16.69,Boros
Roda2,Bebek,125.3,1,8.8,99.7,Manual,Bensin,Air-cooled,68.0,137223.0,12034.0,2017,42.0,Boros
Roda2,Matic,124.9,1,10.1,105.8,CVT,Bensin,Air-cooled,49.3,202294.0,13413.0,2018,45.59,Hemat
Roda4,City Car,1351.0,4,97.4,995.3,Automatic,Bensin,Liquid-cooled,43.7,244640.0,12344.0,2021,13.0,Boros
Roda4,SUV,1851.8,4,133.8,1481.0,DCT,Diesel,Liquid-cooled,69.5,599262.0,7197.0,2015,8.0,Boros
Roda4,SUV,1564.8,4,100.0,1309.2,DCT,Hybrid,Liquid-cooled,60.5,526095.0,14235.0,2022,14.42,Hemat
Roda4,City Car,1465.5,4,105.0,1056.0,Automatic,Bensin,Liquid-cooled,38.3,570716.0,10246.0,2017,13.0,Boros
Roda4,MPV,1591.9,4,101.7,1288.4,Manual,Bensin,Liquid-cooled,51.4,508675.0,11616.0,2024,9.0,Boros
Roda2,Matic,158.5,1,16.0,125.0,CVT,Bensin,Air-cooled,22.8,52217.0,11345.0,2019,35.0,Boros
Roda2,Matic,135.1,1,13.1,106.1,CVT,Bensin,Liquid-cooled,57.5,99603.0,11927.0,2019,36.03,Boros
Roda2,Sport Besar,364.3,4,39.0,181.0,Manual,Bensin,Liquid-cooled,39.7,166118.0,11715.0,2025,20.01,Boros
Roda2,Sport Besar,639.7,2,70.0,246.1,Manual,Bensin,Liquid-cooled,54.8,51743.0,12728.0,2015,16.0,Boros
Roda4,SUV,1628.4,4,110.8,1356.2,DCT,Bensin,Liquid-cooled,77.5,284911.0,10441.0,2021,12.47,Hemat
Roda4,MPV,1595.5,4,109.9,1330.7,Automatic,Bensin,Liquid-cooled,60.0,473607.0,13450.0,2024,9.0,Boros
Roda2,Sport,183.1,2,17.1,139.4,Manual,Bensin,Liquid-cooled,70.4,271133.0,13228.0,2026,33.22,Hemat
Roda2,Matic,123.8,1,10.2,104.0,CVT,Bensin,Air-cooled,66.7,130618.0,11973.0,2026,44.16,Hemat
Roda4,SUV,1509.2,4,100.0,1233.3,Manual,Hybrid,Liquid-cooled,28.0,570636.0,14027.0,2020,14.41,Hemat
Roda4,SUV,1565.0,4,112.1,1300.4,DCT,Diesel,Liquid-cooled,18.2,105649.0,10536.0,2021,13.42,Hemat
Roda2,Sport,249.8,2,28.7,162.6,Manual,Bensin,Liquid-cooled,78.0,179324.0,13495.0,2021,28.0,Boros
Roda4,SUV,1503.8,4,100.0,1200.0,Automatic,Hybrid,Liquid-cooled,20.1,105912.0,13911.0,2023,14.95,Hemat
Roda2,Matic,158.7,1,15.3,125.0,CVT,Bensin,Liquid-cooled,79.7,232625.0,10887.0,2017,35.0,Boros
Roda2,Bebek,132.1,1,11.1,106.5,Manual,Bensin,Air-cooled,55.3,293549.0,13304.0,2019,42.0,Boros
Roda2,Matic,148.3,1,13.5,119.0,CVT,Bensin,Liquid-cooled,20.0,92024.0,10641.0,2020,35.0,Boros
Roda2,Sport Besar,392.1,3,37.7,201.4,Manual,Bensin,Liquid-cooled,17.6,97928.0,12459.0,2015,17.85,Boros
Roda4,SUV,1645.4,4,118.9,1254.2,Manual,Hybrid,Liquid-cooled,73.1,143410.0,14495.0,2026,12.73,Hemat
Roda2,Matic,124.4,1,11.0,99.1,CVT,Bensin,Liquid-cooled,53.6,161234.0,12830.0,2018,44.61,Hemat
Roda2,Matic,151.4,1,15.6,117.5,CVT,Bensin,Air-cooled,71.5,206005.0,13617.0,2025,35.0,Boros
Roda2,Matic,156.6,1,15.6,121.2,CVT,Bensin,Liquid-cooled,37.5,217482.0,11833.0,2023,35.0,Boros
Roda4,MPV,1519.4,4,104.7,1268.5,Manual,Bensin,Liquid-cooled,31.4,311268.0,13305.0,2023,10.53,Boros
Roda2,Bebek,131.1,1,11.1,104.3,Manual,Bensin,Air-cooled,29.7,268188.0,10439.0,2023,42.0,Boros
Roda4,SUV,1863.2,4,145.3,1388.9,Manual,Hybrid,Liquid-cooled,46.8,391187.0,14024.0,2020,8.0,Boros
Roda2,Matic,142.9,1,13.9,115.7,CVT,Bensin,Air-cooled,78.6,86248.0,11578.0,2015,35.0,Boros
Roda4,City Car,1294.6,4,89.9,1024.8,CVT,Bensin,Liquid-cooled,48.4,568298.0,12496.0,2025,13.0,Boros
Roda2,Matic,145.7,1,13.5,119.9,CVT,Bensin,Air-cooled,68.8,212008.0,11321.0,2021,37.03,Boros
Roda2,Sport Besar,405.9,3,42.9,206.1,Manual,Bensin,Liquid-cooled,69.4,69511.0,13526.0,2016,17.81,Boros
Roda4,MPV,1559.4,4,98.9,1311.4,CVT,Diesel,Liquid-cooled,88.5,102550.0,10666.0,2016,10.81,Boros
Roda2,Matic,154.2,1,14.9,124.4,CVT,Bensin,Liquid-cooled,51.5,70907.0,13138.0,2018,35.0,Boros
Roda4,City Car,1420.6,3,97.7,1083.0,Automatic,Bensin,Liquid-cooled,92.7,138403.0,11986.0,2022,13.0,Boros
Roda2,Matic,134.0,1,13.1,112.2,CVT,Bensin,Air-cooled,20.2,239183.0,10851.0,2024,41.11,Boros
Roda2,Matic,159.6,1,15.9,122.7,CVT,Bensin,Air-cooled,36.8,88885.0,13758.0,2021,35.0,Boros
Roda2,Matic,150.8,1,15.0,115.8,CVT,Bensin,Liquid-cooled,13.1,237436.0,10279.0,2015,35.0,Boros
Roda4,City Car,1247.8,4,82.8,995.1,CVT,Bensin,Liquid-cooled,24.8,385231.0,13637.0,2016,13.0,Boros
Roda4,City Car,1260.2,3,84.8,957.3,Automatic,Bensin,Liquid-cooled,75.1,539791.0,13392.0,2023,13.0,Boros
Roda4,MPV,1751.2,4,130.0,1500.0,Manual,Diesel,Liquid-cooled,32.0,306699.0,11631.0,2016,9.33,Boros
Roda4,SUV,1662.4,4,119.0,1292.2,Automatic,Diesel,Liquid-cooled,62.9,149417.0,9863.0,2023,11.9,Hemat
Roda4,City Car,1034.9,4,71.6,856.2,Automatic,Bensin,Liquid-cooled,46.2,398326.0,11553.0,2018,17.1,Hemat
Roda4,MPV,1447.1,4,94.0,1199.8,CVT,Diesel,Liquid-cooled,59.1,397649.0,12015.0,2018,15.91,Hemat
Roda4,City Car,1034.1,4,68.5,848.1,Manual,Bensin,Liquid-cooled,41.4,138029.0,12169.0,2020,17.37,Hemat
Roda4,City Car,1213.1,3,81.7,960.4,Automatic,Bensin,Liquid-cooled,98.6,419547.0,11866.0,2019,13.0,Boros
Roda2,Bebek,122.4,1,9.5,99.6,Manual,Bensin,Air-cooled,19.6,215761.0,10007.0,2017,42.0,Boros
Roda2,Bebek,115.0,1,9.2,95.1,Manual,Bensin,Air-cooled,24.0,270039.0,10760.0,2019,42.63,Boros
Roda4,SUV,1506.0,4,102.3,1200.0,Manual,Hybrid,Liquid-cooled,29.6,173376.0,14091.0,2026,14.54,Hemat
Roda2,Matic,148.5,1,13.7,118.3,CVT,Bensin,Liquid-cooled,25.7,189534.0,12980.0,2015,35.0,Boros
Roda4,MPV,1475.7,4,104.9,1172.1,Automatic,Bensin,Liquid-cooled,86.2,489656.0,10468.0,2015,10.39,Boros
Roda4,MPV,1639.6,4,119.2,1368.5,CVT,Diesel,Liquid-cooled,72.8,509943.0,8560.0,2017,9.25,Boros
Roda4,MPV,1401.2,4,101.7,1113.0,Automatic,Diesel,Liquid-cooled,83.4,568293.0,10043.0,2023,14.62,Hemat
Roda4,SUV,1634.2,4,118.6,1287.5,Automatic,Diesel,Liquid-cooled,94.1,204113.0,12182.0,2018,10.91,Boros
Roda4,MPV,1389.6,4,89.1,1175.3,Manual,Diesel,Liquid-cooled,20.3,537443.0,9062.0,2021,12.63,Hemat
Roda4,SUV,1518.7,4,100.6,1200.0,Manual,Diesel,Liquid-cooled,17.9,588575.0,11620.0,2023,12.38,Hemat
Roda2,Sport,221.9,2,26.2,158.2,Manual,Bensin,Liquid-cooled,13.4,151432.0,12430.0,2017,28.0,Boros
Roda2,Matic,117.1,1,9.4,100.8,CVT,Bensin,Liquid-cooled,67.4,276396.0,10467.0,2016,37.73,Boros
Roda4,City Car,1154.6,3,76.6,897.5,CVT,Bensin,Liquid-cooled,96.6,511099.0,10546.0,2018,16.14,Hemat
Roda4,MPV,1300.2,4,85.0,1100.0,CVT,Bensin,Liquid-cooled,80.6,430094.0,10312.0,2026,15.71,Hemat
Roda4,SUV,1953.3,4,139.2,1600.0,Manual,Bensin,Liquid-cooled,49.1,218323.0,12243.0,2018,8.0,Boros
Roda4,MPV,1566.3,4,103.7,1353.8,Automatic,Diesel,Liquid-cooled,43.9,357535.0,11344.0,2015,11.43,Boros
Roda4,MPV,1596.6,4,108.0,1310.0,Automatic,Diesel,Liquid-cooled,80.0,520240.0,11277.0,2026,12.1,Hemat
Roda2,Sport,165.6,2,18.2,121.2,Manual,Bensin,Liquid-cooled,71.9,124053.0,12187.0,2025,35.8,Hemat
Roda4,MPV,1684.7,4,127.2,1334.5,CVT,Diesel,Liquid-cooled,21.7,272031.0,9982.0,2020,10.21,Boros
Roda2,Sport,233.3,2,27.9,158.9,Manual,Bensin,Liquid-cooled,38.3,99871.0,13416.0,2019,28.0,Boros
Roda2,Bebek,143.6,1,10.7,109.1,Manual,Bensin,Air-cooled,60.7,209308.0,13824.0,2021,42.0,Boros
Roda2,Bebek,134.4,1,10.9,103.0,Manual,Bensin,Air-cooled,79.5,244429.0,10881.0,2023,42.0,Boros
Roda4,MPV,1505.8,4,102.2,1257.6,Manual,Bensin,Liquid-cooled,59.8,165962.0,10395.0,2023,11.82,Boros
Roda2,Bebek,130.9,1,10.0,102.7,Manual,Bensin,Air-cooled,13.3,201886.0,10665.0,2023,42.0,Boros
Roda4,City Car,1495.5,3,105.0,1054.5,Manual,Bensin,Liquid-cooled,76.9,104201.0,10399.0,2026,13.0,Boros
Roda4,MPV,1602.5,4,116.4,1374.2,Automatic,Bensin,Liquid-cooled,72.6,155532.0,11816.0,2020,9.0,Boros
Roda2,Bebek,134.9,1,10.1,105.9,Manual,Bensin,Air-cooled,48.1,118810.0,12767.0,2020,42.0,Boros
Roda2,Bebek,108.7,1,8.1,91.1,Manual,Bensin,Air-cooled,31.8,180017.0,12132.0,2018,50.1,Hemat
Roda4,MPV,1658.1,4,111.9,1348.8,Automatic,Diesel,Liquid-cooled,94.7,509493.0,6886.0,2018,9.33,Boros
Roda2,Matic,117.0,1,9.2,103.5,CVT,Bensin,Liquid-cooled,76.5,65816.0,12352.0,2016,46.49,Hemat
Roda2,Sport,161.9,2,17.9,121.8,Manual,Bensin,Liquid-cooled,58.8,281544.0,12777.0,2020,39.14,Hemat
Roda4,City Car,1035.8,4,67.6,800.0,Automatic,Bensin,Liquid-cooled,74.8,140215.0,13718.0,2015,17.15,Hemat
Roda2,Matic,154.0,1,16.0,116.9,CVT,Bensin,Liquid-cooled,48.9,276048.0,12348.0,2025,35.0,Boros
Roda2,Sport,159.6,2,15.5,122.0,Manual,Bensin,Liquid-cooled,30.6,119046.0,13390.0,2023,37.6,Hemat
Roda2,Bebek,110.1,1,7.7,93.0,Manual,Bensin,Air-cooled,63.0,179846.0,10799.0,2018,49.24,Hemat
Roda4,SUV,1909.0,4,139.5,1583.8,DCT,Bensin,Liquid-cooled,53.8,177693.0,10519.0,2019,8.0,Boros
Roda2,Matic,138.5,1,13.1,112.6,CVT,Bensin,Liquid-cooled,21.6,226345.0,11137.0,2019,35.0,Boros
Roda2,Sport,191.2,2,20.6,140.1,Manual,Bensin,Liquid-cooled,18.7,162142.0,10824.0,2025,32.88,Boros
Roda2,Sport Besar,587.4,4,63.0,241.2,Manual,Bensin,Liquid-cooled,31.3,110622.0,12895.0,2019,16.0,Boros
Roda4,SUV,1535.3,4,114.8,1285.1,Automatic,Bensin,Liquid-cooled,45.2,403742.0,11606.0,2019,10.41,Boros
Roda2,Sport,218.2,1,25.1,154.7,Manual,Bensin,Liquid-cooled,47.3,191884.0,13598.0,2015,28.0,Boros
Roda2,Sport Besar,467.0,3,47.9,203.3,Manual,Bensin,Liquid-cooled,67.2,176020.0,13541.0,2019,17.6,Boros
Roda2,Sport Besar,528.7,4,63.3,230.0,Manual,Bensin,Liquid-cooled,29.2,125438.0,13020.0,2015,16.0,Boros
Roda2,Sport,215.6,1,24.3,145.2,Manual,Bensin,Liquid-cooled,37.3,165032.0,10322.0,2017,28.0,Boros
Roda4,SUV,1894.0,4,135.3,1538.3,Manual,Bensin,Liquid-cooled,44.9,482701.0,12559.0,2026,8.45,Boros
Roda4,MPV,1753.6,4,124.2,1474.5,Manual,Bensin,Liquid-cooled,18.7,353603.0,13319.0,2017,9.0,Boros
Roda2,Matic,134.6,1,12.4,108.1,CVT,Bensin,Air-cooled,34.7,229875.0,11724.0,2023,35.0,Boros
Roda4,SUV,1559.2,4,100.7,1247.5,Automatic,Bensin,Liquid-cooled,75.3,426894.0,13635.0,2024,11.13,Hemat
Roda2,Sport,219.0,1,23.7,153.8,Manual,Bensin,Liquid-cooled,56.1,128035.0,11036.0,2019,28.0,Boros
Roda2,Sport,214.8,1,23.4,153.8,Manual,Bensin,Liquid-cooled,79.9,262761.0,12932.0,2021,28.0,Boros
Roda4,SUV,1546.0,4,107.6,1220.9,Automatic,Hybrid,Liquid-cooled,79.0,304705.0,14420.0,2015,11.98,Hemat
Roda2,Matic,117.0,1,9.0,100.4,CVT,Bensin,Air-cooled,18.1,67842.0,12966.0,2024,41.77,Boros
Roda2,Sport Besar,611.3,2,63.8,244.2,Manual,Bensin,Liquid-cooled,63.0,126351.0,10413.0,2015,16.0,Boros
Roda4,City Car,1055.7,3,74.4,807.1,Manual,Bensin,Liquid-cooled,33.9,351542.0,13668.0,2023,14.57,Boros
Roda4,MPV,1567.2,4,107.5,1318.2,Automatic,Diesel,Liquid-cooled,70.7,341548.0,8311.0,2017,10.27,Boros
Roda4,SUV,1869.9,4,141.2,1538.6,CVT,Bensin,Liquid-cooled,30.7,126149.0,13224.0,2022,8.0,Boros
Roda2,Sport,180.0,1,18.1,134.1,Manual,Bensin,Liquid-cooled,22.5,73347.0,11323.0,2017,28.0,Boros
Roda2,Matic,115.7,1,9.8,96.2,CVT,Bensin,Air-cooled,21.7,62228.0,11543.0,2015,50.8,Hemat
Roda2,Sport Besar,387.2,3,32.3,193.8,Manual,Bensin,Liquid-cooled,63.4,79664.0,10958.0,2021,21.89,Boros
Roda2,Matic,122.4,1,10.3,101.0,CVT,Bensin,Air-cooled,33.0,56713.0,11733.0,2020,46.23,Hemat
Roda4,MPV,1635.4,4,112.8,1374.7,CVT,Diesel,Liquid-cooled,49.5,274794.0,12184.0,2018,10.31,Boros
Roda2,Sport,165.5,2,17.3,122.4,Manual,Bensin,Liquid-cooled,70.1,190037.0,11494.0,2015,30.88,Boros
Roda4,MPV,1578.9,4,105.3,1286.8,CVT,Bensin,Liquid-cooled,45.3,272894.0,10368.0,2015,12.35,Hemat
Roda4,SUV,1545.2,4,111.0,1343.6,DCT,Diesel,Liquid-cooled,23.7,587772.0,9887.0,2025,13.5,Hemat
Roda2,Sport,202.5,2,20.6,135.0,Manual,Bensin,Liquid-cooled,76.3,231735.0,10046.0,2019,28.0,Boros
Roda4,SUV,1586.1,4,112.8,1321.7,Manual,Diesel,Liquid-cooled,50.4,223977.0,11263.0,2021,12.01,Hemat
Roda4,City Car,1431.8,3,102.1,952.8,Manual,Bensin,Liquid-cooled,29.9,322183.0,11204.0,2023,13.0,Boros
Roda4,City Car,1194.2,3,83.5,935.1,Automatic,Bensin,Liquid-cooled,31.4,546322.0,11621.0,2019,13.0,Boros
Roda4,MPV,1619.9,4,107.7,1387.5,CVT,Bensin,Liquid-cooled,62.6,580615.0,11814.0,2024,9.67,Boros
Roda2,Matic,156.4,1,14.7,118.9,CVT,Bensin,Liquid-cooled,30.7,131546.0,13748.0,2025,35.0,Boros
Roda4,City Car,1371.1,4,91.8,1066.9,CVT,Bensin,Liquid-cooled,79.0,438405.0,10184.0,2019,13.0,Boros
Roda4,MPV,1660.1,4,128.6,1353.2,CVT,Bensin,Liquid-cooled,60.5,363055.0,11481.0,2026,10.64,Boros
Roda2,Matic,124.9,1,12.4,103.4,CVT,Bensin,Air-cooled,35.7,114455.0,10155.0,2026,41.87,Boros
Roda2,Matic,151.0,1,15.4,120.3,CVT,Bensin,Air-cooled,69.2,277809.0,13200.0,2020,35.0,Boros
Roda4,SUV,1874.1,4,148.3,1467.3,Automatic,Diesel,Liquid-cooled,62.9,570534.0,9898.0,2015,8.0,Boros
Roda2,Bebek,123.1,1,8.0,97.6,Manual,Bensin,Air-cooled,59.4,207793.0,10194.0,2019,43.65,Boros
Roda2,Bebek,122.5,1,9.1,100.1,Manual,Bensin,Air-cooled,70.4,287380.0,10574.0,2024,43.19,Boros
Roda2,Matic,146.3,1,15.3,117.5,CVT,Bensin,Liquid-cooled,54.0,233527.0,12421.0,2019,35.0,Boros
Roda4,MPV,1709.3,4,120.8,1427.2,CVT,Bensin,Liquid-cooled,41.2,230542.0,13289.0,2019,9.0,Boros
Roda2,Sport Besar,346.5,2,29.5,176.6,Manual,Bensin,Liquid-cooled,42.0,176938.0,11042.0,2020,20.71,Boros
Roda2,Sport Besar,527.0,3,47.5,208.9,Manual,Bensin,Liquid-cooled,52.4,53758.0,10488.0,2018,17.48,Boros
Roda4,MPV,1436.1,4,102.1,1181.1,Manual,Bensin,Liquid-cooled,66.0,307557.0,10695.0,2020,12.56,Hemat
Roda4,City Car,1021.2,4,65.0,832.1,Manual,Bensin,Liquid-cooled,48.4,378888.0,13809.0,2025,18.37,Hemat
Roda2,Bebek,102.1,1,7.0,90.0,Manual,Bensin,Air-cooled,18.7,289104.0,13112.0,2022,51.68,Hemat
Roda4,MPV,1522.4,4,105.0,1273.8,Manual,Bensin,Liquid-cooled,51.5,229624.0,11612.0,2025,11.04,Boros
Roda4,MPV,1488.4,4,109.4,1283.9,Manual,Bensin,Liquid-cooled,80.0,220040.0,12654.0,2015,12.01,Hemat
Roda2,Matic,131.7,1,11.4,109.7,CVT,Bensin,Liquid-cooled,64.8,193772.0,10449.0,2021,35.0,Boros
Roda2,Matic,152.7,1,15.1,125.0,CVT,Bensin,Liquid-cooled,12.1,64566.0,12633.0,2017,35.0,Boros
Roda4,SUV,1576.2,4,103.8,1200.0,DCT,Diesel,Liquid-cooled,30.7,126004.0,9281.0,2023,13.07,Hemat
Roda4,SUV,1931.1,4,143.1,1600.0,DCT,Bensin,Liquid-cooled,81.1,208852.0,11693.0,2016,8.0,Boros
Roda2,Matic,114.5,1,9.0,96.2,CVT,Bensin,Air-cooled,73.4,138297.0,10822.0,2021,49.75,Hemat
Roda4,City Car,1000.9,4,65.0,804.8,CVT,Bensin,Liquid-cooled,26.6,260912.0,10942.0,2022,17.58,Hemat
Roda4,MPV,1480.7,4,98.1,1242.3,Manual,Bensin,Liquid-cooled,84.8,255216.0,13454.0,2021,11.34,Boros
Roda4,SUV,1673.8,4,118.4,1271.8,DCT,Hybrid,Liquid-cooled,19.1,569323.0,14329.0,2015,9.5,Boros
Roda2,Sport,174.0,2,18.3,132.0,Manual,Bensin,Liquid-cooled,52.2,256214.0,10367.0,2024,31.31,Boros
Roda4,SUV,1800.4,4,131.3,1424.0,CVT,Hybrid,Liquid-cooled,60.3,303507.0,14176.0,2016,10.94,Boros
Roda2,Sport Besar,571.8,4,57.1,249.6,Manual,Bensin,Liquid-cooled,66.0,68280.0,12890.0,2017,16.0,Boros
Roda4,SUV,1952.6,4,143.9,1598.3,Automatic,Hybrid,Liquid-cooled,35.4,283784.0,14049.0,2020,8.0,Boros
Roda4,MPV,1625.2,4,113.1,1336.8,CVT,Bensin,Liquid-cooled,30.3,586331.0,11739.0,2018,9.0,Boros
Roda4,SUV,1965.6,4,140.7,1523.4,CVT,Hybrid,Liquid-cooled,49.5,432448.0,14095.0,2026,10.71,Boros
Roda2,Sport,233.9,1,26.0,159.7,Manual,Bensin,Liquid-cooled,54.3,133602.0,11632.0,2022,28.0,Boros
Roda2,Matic,132.3,1,11.9,105.9,CVT,Bensin,Liquid-cooled,35.4,210252.0,13515.0,2022,38.31,Boros
Roda2,Matic,149.7,1,14.2,120.5,CVT,Bensin,Liquid-cooled,58.5,207546.0,13135.0,2022,35.0,Boros
Roda4,MPV,1576.0,4,115.6,1307.2,Automatic,Diesel,Liquid-cooled,29.6,233531.0,9308.0,2023,12.31,Hemat
Roda4,MPV,1644.2,4,115.2,1364.6,Manual,Bensin,Liquid-cooled,60.3,162253.0,10789.0,2026,9.0,Boros
Roda4,City Car,1308.6,4,78.7,939.9,CVT,Bensin,Liquid-cooled,30.6,191096.0,10421.0,2016,13.37,Boros
Roda4,MPV,1303.8,4,85.0,1100.0,CVT,Bensin,Liquid-cooled,24.6,445539.0,12016.0,2018,12.71,Hemat
Roda4,SUV,1837.4,4,134.5,1403.8,CVT,Hybrid,Liquid-cooled,27.2,246445.0,14313.0,2026,11.24,Hemat
Roda4,City Car,1256.1,3,90.4,959.9,Manual,Bensin,Liquid-cooled,92.1,177913.0,13208.0,2021,13.0,Boros
Roda4,SUV,1631.6,4,111.9,1258.7,Automatic,Bensin,Liquid-cooled,92.4,183359.0,11080.0,2022,11.48,Hemat
Roda2,Bebek,111.0,1,8.5,97.3,Manual,Bensin,Air-cooled,78.4,75473.0,10032.0,2020,42.95,Boros
Roda2,Sport Besar,346.7,4,40.2,180.3,Manual,Bensin,Liquid-cooled,48.8,294407.0,13064.0,2025,20.34,Boros
Roda2,Matic,139.2,1,13.5,112.0,CVT,Bensin,Liquid-cooled,30.3,280013.0,13553.0,2026,35.0,Boros
Roda4,City Car,1247.3,4,88.8,939.5,Manual,Bensin,Liquid-cooled,76.4,172414.0,11711.0,2021,13.0,Boros
Roda4,City Car,1468.8,4,101.0,1074.3,CVT,Bensin,Liquid-cooled,34.8,220515.0,11550.0,2023,13.0,Boros
Roda2,Bebek,103.0,1,8.3,93.7,Manual,Bensin,Air-cooled,21.1,287318.0,13430.0,2022,55.52,Hemat
Roda4,City Car,1046.3,3,67.0,811.9,CVT,Bensin,Liquid-cooled,29.2,122871.0,10955.0,2025,18.35,Hemat
Roda2,Bebek,148.2,1,12.0,109.7,Manual,Bensin,Air-cooled,27.7,223853.0,10294.0,2019,42.0,Boros
Roda2,Bebek,106.0,1,7.4,91.9,Manual,Bensin,Air-cooled,19.7,236824.0,10187.0,2022,54.6,Hemat
Roda2,Bebek,111.6,1,8.6,93.4,Manual,Bensin,Air-cooled,38.4,276528.0,11254.0,2022,44.3,Boros
Roda2,Sport,208.0,2,24.0,148.7,Manual,Bensin,Liquid-cooled,57.2,209588.0,11485.0,2018,28.0,Boros
Roda4,MPV,1517.8,4,101.2,1301.4,Automatic,Diesel,Liquid-cooled,71.4,424713.0,9012.0,2019,10.8,Boros
Roda2,Matic,112.4,1,9.0,98.1,CVT,Bensin,Liquid-cooled,48.8,232677.0,10165.0,2016,47.98,Hemat
Roda4,SUV,1716.7,4,107.6,1432.0,CVT,Diesel,Liquid-cooled,34.4,226046.0,10637.0,2024,11.69,Hemat
Roda4,City Car,1249.5,3,84.1,993.0,CVT,Bensin,Liquid-cooled,54.2,343997.0,12114.0,2017,13.24,Boros
Roda2,Matic,120.8,1,10.4,103.1,CVT,Bensin,Liquid-cooled,65.8,94107.0,12814.0,2021,44.02,Hemat
Roda4,MPV,1355.6,4,85.0,1107.7,CVT,Diesel,Liquid-cooled,29.6,560969.0,6803.0,2023,15.7,Hemat
Roda4,MPV,1447.1,4,95.4,1249.6,Manual,Diesel,Liquid-cooled,28.4,133957.0,8497.0,2026,14.51,Hemat
Roda4,City Car,1156.5,3,73.4,907.0,Automatic,Bensin,Liquid-cooled,19.9,201373.0,10582.0,2023,14.42,Boros
Roda2,Sport Besar,475.6,2,48.4,206.9,Manual,Bensin,Liquid-cooled,66.1,55741.0,13204.0,2021,18.09,Boros
Roda4,City Car,1270.1,3,84.1,916.4,Automatic,Bensin,Liquid-cooled,46.8,360049.0,10136.0,2026,15.8,Hemat
Roda2,Sport,210.0,1,25.1,152.0,Manual,Bensin,Liquid-cooled,43.6,210735.0,13097.0,2024,28.0,Boros
Roda4,City Car,1131.8,4,68.3,901.1,Automatic,Bensin,Liquid-cooled,70.7,298501.0,11077.0,2026,16.69,Hemat
Roda4,MPV,1731.9,4,125.8,1481.9,Automatic,Diesel,Liquid-cooled,83.1,364005.0,9321.0,2015,9.0,Boros
Roda4,MPV,1704.6,4,127.8,1415.3,Manual,Bensin,Liquid-cooled,61.4,565492.0,10134.0,2021,9.0,Boros
Roda2,Matic,131.4,1,13.5,108.3,CVT,Bensin,Liquid-cooled,39.9,81282.0,13562.0,2021,35.0,Boros
Roda2,Matic,158.6,1,15.1,125.0,CVT,Bensin,Air-cooled,14.1,269739.0,10371.0,2025,35.0,Boros
Roda4,MPV,1341.4,4,87.8,1126.0,CVT,Bensin,Liquid-cooled,32.0,248970.0,13169.0,2019,13.45,Hemat
Roda4,SUV,1543.5,4,100.0,1244.0,Manual,Hybrid,Liquid-cooled,53.5,294099.0,14317.0,2016,12.91,Hemat
Roda2,Matic,156.3,1,16.0,120.0,CVT,Bensin,Liquid-cooled,20.8,73708.0,13420.0,2021,35.0,Boros
Roda4,MPV,1300.7,4,86.5,1100.0,Manual,Diesel,Liquid-cooled,79.3,156213.0,7193.0,2019,15.21,Hemat
Roda2,Matic,116.6,1,10.2,100.4,CVT,Bensin,Air-cooled,28.1,68240.0,12850.0,2019,49.34,Hemat
Roda4,MPV,1752.8,4,122.6,1447.7,Manual,Diesel,Liquid-cooled,38.8,242908.0,9889.0,2025,9.0,Boros
Roda2,Matic,137.6,1,12.3,116.5,CVT,Bensin,Liquid-cooled,21.6,123093.0,10593.0,2021,35.0,Boros
Roda4,SUV,1725.2,4,132.4,1371.4,CVT,Hybrid,Liquid-cooled,89.1,481905.0,14134.0,2017,10.9,Boros
Roda2,Sport Besar,291.5,3,30.3,170.4,Manual,Bensin,Liquid-cooled,45.1,96652.0,10496.0,2019,23.38,Hemat
Roda2,Sport,229.2,1,28.3,158.3,Manual,Bensin,Liquid-cooled,28.2,283647.0,11901.0,2021,28.0,Boros
Roda2,Bebek,109.7,1,8.0,92.7,Manual,Bensin,Air-cooled,50.5,258153.0,13136.0,2026,58.44,Hemat
Roda4,MPV,1378.4,4,98.1,1162.3,Manual,Diesel,Liquid-cooled,49.8,590828.0,6871.0,2019,16.49,Hemat
Roda4,SUV,1811.8,4,139.2,1450.3,DCT,Hybrid,Liquid-cooled,80.2,574985.0,14437.0,2016,8.87,Boros
Roda4,MPV,1572.6,4,107.2,1347.0,CVT,Bensin,Liquid-cooled,74.9,188527.0,13197.0,2026,11.36,Boros
Roda4,SUV,1788.7,4,135.7,1371.7,DCT,Bensin,Liquid-cooled,50.4,241908.0,12987.0,2025,9.17,Boros
Roda4,City Car,1029.8,3,68.1,833.0,Automatic,Bensin,Liquid-cooled,98.0,303634.0,11362.0,2019,16.59,Hemat
Roda4,SUV,1897.6,4,136.3,1552.5,CVT,Bensin,Liquid-cooled,90.5,298053.0,11011.0,2022,8.0,Boros
Roda4,City Car,1418.8,4,96.8,1044.8,CVT,Bensin,Liquid-cooled,46.7,492712.0,11586.0,2025,13.0,Boros
Roda4,MPV,1369.2,4,94.6,1189.6,CVT,Diesel,Liquid-cooled,54.9,287182.0,10240.0,2026,16.48,Hemat
Roda4,SUV,1548.5,4,100.0,1200.0,CVT,Hybrid,Liquid-cooled,70.3,131471.0,14091.0,2018,14.09,Hemat
Roda2,Sport Besar,365.0,2,37.0,174.8,Manual,Bensin,Liquid-cooled,11.9,91186.0,13033.0,2022,20.56,Boros
Roda4,SUV,1985.4,4,145.5,1558.8,Automatic,Hybrid,Liquid-cooled,69.2,438957.0,14087.0,2018,8.0,Boros
Roda4,City Car,1134.5,4,68.6,859.1,CVT,Bensin,Liquid-cooled,71.7,312889.0,13425.0,2019,18.26,Hemat
Roda2,Matic,135.7,1,12.3,108.8,CVT,Bensin,Liquid-cooled,17.2,51952.0,10215.0,2023,36.66,Boros
Roda2,Bebek,137.7,1,10.4,106.0,Manual,Bensin,Air-cooled,34.6,258173.0,11924.0,2023,42.0,Boros
Roda4,City Car,1211.9,3,82.8,950.5,CVT,Bensin,Liquid-cooled,73.2,336748.0,10843.0,2015,13.0,Boros
Roda2,Bebek,131.3,1,10.9,103.6,Manual,Bensin,Air-cooled,72.5,222354.0,11107.0,2019,42.0,Boros
Roda4,SUV,1923.1,4,143.6,1550.7,Automatic,Diesel,Liquid-cooled,94.8,292481.0,11463.0,2016,8.0,Boros
Roda2,Matic,111.8,1,9.0,96.9,CVT,Bensin,Air-cooled,27.7,203794.0,11778.0,2025,54.26,Hemat
Roda2,Sport Besar,310.9,4,35.9,161.5,Manual,Bensin,Liquid-cooled,73.7,177630.0,12803.0,2025,24.23,Hemat
Roda2,Bebek,139.4,1,11.6,105.3,Manual,Bensin,Air-cooled,41.5,194817.0,12961.0,2017,42.0,Boros
Roda2,Matic,129.0,1,12.1,102.3,CVT,Bensin,Air-cooled,34.9,209911.0,10135.0,2023,43.5,Hemat
Roda2,Sport,175.2,1,19.2,125.8,Manual,Bensin,Liquid-cooled,21.6,245328.0,13236.0,2024,34.01,Hemat
Roda4,City Car,1187.2,3,81.7,922.9,Automatic,Bensin,Liquid-cooled,36.5,277320.0,13489.0,2018,13.0,Boros
Roda2,Matic,118.6,1,9.6,97.5,CVT,Bensin,Liquid-cooled,41.2,253839.0,13468.0,2023,52.92,Hemat
Roda4,MPV,1408.0,4,99.2,1169.0,Automatic,Bensin,Liquid-cooled,65.3,276813.0,13806.0,2025,13.2,Hemat
Roda4,SUV,1509.5,4,102.7,1232.9,Manual,Bensin,Liquid-cooled,81.7,557995.0,12291.0,2019,11.56,Hemat
Roda4,MPV,1371.1,4,88.8,1218.2,Automatic,Diesel,Liquid-cooled,31.5,394522.0,11546.0,2016,11.24,Boros
Roda4,SUV,1845.8,4,131.4,1456.7,DCT,Diesel,Liquid-cooled,75.5,318003.0,9833.0,2017,10.18,Boros
Roda2,Bebek,113.4,1,9.1,96.7,Manual,Bensin,Air-cooled,27.7,172703.0,10295.0,2025,55.36,Hemat
Roda4,MPV,1379.1,4,91.1,1187.1,Manual,Bensin,Liquid-cooled,67.4,349874.0,10090.0,2026,14.58,Hemat
Roda2,Matic,134.6,1,12.5,113.2,CVT,Bensin,Air-cooled,15.6,140416.0,10710.0,2021,35.19,Boros
Roda4,City Car,1246.9,4,82.7,966.9,Manual,Bensin,Liquid-cooled,63.2,291076.0,12418.0,2016,13.0,Boros
Roda4,City Car,1321.5,4,96.0,983.2,Manual,Bensin,Liquid-cooled,94.5,429593.0,13414.0,2018,13.0,Boros
Roda4,City Car,1333.1,3,89.6,1023.3,Manual,Bensin,Liquid-cooled,56.2,193979.0,11894.0,2026,15.24,Hemat
Roda4,City Car,1132.2,4,86.6,936.2,CVT,Bensin,Liquid-cooled,98.9,159767.0,11062.0,2024,13.32,Boros
Roda4,MPV,1709.2,4,118.7,1468.6,CVT,Bensin,Liquid-cooled,44.6,464291.0,10265.0,2022,9.0,Boros
Roda4,City Car,1300.4,3,89.1,926.8,CVT,Bensin,Liquid-cooled,19.0,472433.0,10487.0,2022,13.19,Boros
Roda4,MPV,1301.5,4,85.0,1100.0,Manual,Diesel,Liquid-cooled,67.1,270721.0,9769.0,2017,14.53,Hemat
Roda4,MPV,1665.7,4,115.1,1411.0,Manual,Diesel,Liquid-cooled,36.5,188973.0,8350.0,2019,9.46,Boros
Roda2,Sport,167.8,1,18.7,139.5,Manual,Bensin,Liquid-cooled,20.5,165301.0,12125.0,2019,29.11,Boros
Roda4,City Car,1342.4,3,93.1,971.2,CVT,Bensin,Liquid-cooled,81.9,473749.0,12509.0,2016,13.0,Boros
Roda2,Sport,188.8,2,22.5,137.6,Manual,Bensin,Liquid-cooled,76.6,260604.0,11073.0,2019,31.11,Boros
Roda4,MPV,1353.2,4,93.5,1121.6,CVT,Bensin,Liquid-cooled,93.7,209661.0,11615.0,2017,14.32,Hemat
Roda2,Sport Besar,252.4,3,25.1,169.0,Manual,Bensin,Liquid-cooled,64.0,144339.0,10625.0,2026,25.55,Hemat
Roda2,Sport,166.9,2,18.4,127.4,Manual,Bensin,Liquid-cooled,35.6,215609.0,11331.0,2025,39.76,Hemat
Roda4,MPV,1567.3,4,114.9,1266.7,Manual,Diesel,Liquid-cooled,76.7,498356.0,8231.0,2015,11.73,Boros
Roda2,Sport Besar,308.7,3,28.9,172.5,Manual,Bensin,Liquid-cooled,43.0,101489.0,11766.0,2022,25.34,Hemat
Roda4,MPV,1503.1,4,99.5,1240.3,Automatic,Bensin,Liquid-cooled,15.8,437407.0,13842.0,2015,11.83,Boros
Roda2,Bebek,131.7,1,10.5,105.7,Manual,Bensin,Air-cooled,29.8,54607.0,11686.0,2020,42.0,Boros
Roda4,City Car,1030.5,4,65.0,807.1,Manual,Bensin,Liquid-cooled,69.4,203316.0,13098.0,2017,18.16,Hemat
Roda2,Matic,115.9,1,9.0,103.6,CVT,Bensin,Liquid-cooled,64.1,231643.0,11408.0,2019,53.63,Hemat
Roda2,Matic,147.6,1,14.5,116.2,CVT,Bensin,Liquid-cooled,10.3,237297.0,10201.0,2021,35.0,Boros
Roda2,Sport Besar,452.8,4,54.8,207.6,Manual,Bensin,Liquid-cooled,60.2,269153.0,13279.0,2023,19.26,Boros
Roda4,City Car,1181.4,3,74.2,872.4,Automatic,Bensin,Liquid-cooled,37.6,310857.0,10335.0,2022,15.32,Hemat
Roda4,City Car,1310.9,4,90.1,981.6,Automatic,Bensin,Liquid-cooled,96.0,502342.0,10689.0,2026,13.0,Boros
Roda4,MPV,1574.8,4,106.2,1236.8,Manual,Bensin,Liquid-cooled,39.7,145590.0,10811.0,2016,9.69,Boros
Roda4,SUV,1683.4,4,127.5,1292.3,CVT,Bensin,Liquid-cooled,65.6,213017.0,13395.0,2026,11.36,Hemat
Roda4,City Car,1011.4,3,65.0,800.0,Manual,Bensin,Liquid-cooled,80.3,337013.0,13727.0,2026,19.07,Hemat
Roda4,City Car,1468.9,4,103.0,1067.4,Automatic,Bensin,Liquid-cooled,77.3,329121.0,13341.0,2016,13.0,Boros
Roda2,Matic,136.4,1,13.3,112.3,CVT,Bensin,Liquid-cooled,77.6,285216.0,10756.0,2020,35.0,Boros
Roda2,Matic,126.9,1,10.9,102.7,CVT,Bensin,Air-cooled,31.5,199505.0,10670.0,2022,42.02,Hemat
Roda4,City Car,1224.9,3,82.3,931.4,CVT,Bensin,Liquid-cooled,95.4,568041.0,12922.0,2019,15.17,Hemat
Roda2,Sport,171.1,1,15.0,131.4,Manual,Bensin,Liquid-cooled,78.1,105402.0,12589.0,2019,31.27,Boros
Roda2,Matic,136.2,1,12.9,112.2,CVT,Bensin,Liquid-cooled,38.3,106576.0,10068.0,2025,35.0,Boros
Roda4,SUV,1993.2,4,148.8,1514.3,Manual,Diesel,Liquid-cooled,74.2,217543.0,12649.0,2018,8.34,Boros
Roda4,MPV,1582.5,4,103.3,1311.9,CVT,Bensin,Liquid-cooled,20.7,446052.0,12195.0,2017,9.0,Boros
Roda2,Matic,121.4,1,11.5,105.3,CVT,Bensin,Liquid-cooled,22.8,167562.0,13401.0,2017,39.48,Boros
Roda4,SUV,1596.9,4,100.1,1289.0,Manual,Bensin,Liquid-cooled,74.1,116212.0,11522.0,2017,12.95,Hemat
Roda4,SUV,1623.4,4,116.8,1312.3,Manual,Diesel,Liquid-cooled,32.8,202098.0,9878.0,2021,11.62,Hemat
Roda4,SUV,1501.7,4,101.5,1200.0,Manual,Bensin,Liquid-cooled,24.0,114687.0,13876.0,2024,12.67,Hemat
Roda2,Matic,121.3,1,10.5,107.2,CVT,Bensin,Liquid-cooled,72.1,133235.0,10748.0,2023,39.13,Boros
Roda4,City Car,1249.5,3,83.5,961.8,Manual,Bensin,Liquid-cooled,21.3,520117.0,13451.0,2015,13.0,Boros
Roda2,Matic,133.8,1,12.3,110.6,CVT,Bensin,Air-cooled,54.7,120607.0,13378.0,2016,36.83,Boros
Roda4,City Car,1046.0,4,70.0,856.5,CVT,Bensin,Liquid-cooled,31.3,448639.0,10735.0,2026,18.72,Hemat
Roda4,City Car,1319.9,3,90.0,948.9,CVT,Bensin,Liquid-cooled,41.1,175302.0,10560.0,2016,13.0,Boros
Roda2,Matic,114.6,1,9.5,96.6,CVT,Bensin,Air-cooled,48.6,139344.0,13767.0,2025,52.6,Hemat
Roda2,Sport Besar,435.1,2,38.5,206.2,Manual,Bensin,Liquid-cooled,30.4,188749.0,13126.0,2025,20.65,Boros
Roda2,Sport Besar,313.5,4,35.6,178.8,Manual,Bensin,Liquid-cooled,75.7,98684.0,10258.0,2026,24.88,Hemat
Roda2,Sport,224.1,2,26.2,150.0,Manual,Bensin,Liquid-cooled,33.1,286722.0,11961.0,2019,28.0,Boros
Roda4,City Car,1497.4,3,104.4,1100.0,CVT,Bensin,Liquid-cooled,52.0,328184.0,11342.0,2017,13.0,Boros
Roda4,SUV,1817.5,4,136.5,1456.2,DCT,Bensin,Liquid-cooled,29.7,548475.0,12418.0,2023,8.0,Boros
Roda2,Matic,155.8,1,16.0,122.6,CVT,Bensin,Liquid-cooled,40.0,298762.0,10770.0,2016,35.0,Boros
Roda4,City Car,1205.6,4,84.4,947.8,Manual,Bensin,Liquid-cooled,69.5,129214.0,12997.0,2023,13.0,Boros
Roda2,Sport,168.7,1,16.8,124.9,Manual,Bensin,Liquid-cooled,55.3,159440.0,13093.0,2021,39.8,Hemat
Roda2,Bebek,149.9,1,11.0,110.0,Manual,Bensin,Air-cooled,14.9,232309.0,12373.0,2017,42.0,Boros
Roda2,Bebek,102.3,1,7.1,93.0,Manual,Bensin,Air-cooled,47.3,152774.0,11355.0,2019,64.11,Hemat
Roda2,Matic,115.2,1,10.1,96.3,CVT,Bensin,Air-cooled,77.9,229016.0,11260.0,2026,45.85,Hemat
Roda2,Matic,127.1,1,11.5,107.4,CVT,Bensin,Air-cooled,79.4,255863.0,12908.0,2025,44.07,Hemat
Roda4,City Car,1317.7,3,93.9,1010.9,CVT,Bensin,Liquid-cooled,31.2,107989.0,11395.0,2016,13.0,Boros
Roda4,City Car,1345.7,3,87.7,1001.1,Automatic,Bensin,Liquid-cooled,99.2,492192.0,12752.0,2020,13.0,Boros
Roda2,Bebek,110.3,1,8.7,95.6,Manual,Bensin,Air-cooled,78.7,88923.0,10880.0,2021,50.75,Hemat
Roda2,Matic,132.9,1,13.3,115.1,CVT,Bensin,Air-cooled,33.0,152660.0,13370.0,2019,35.89,Boros
Roda4,City Car,1059.6,4,71.8,847.6,Automatic,Bensin,Liquid-cooled,31.7,340142.0,12351.0,2019,16.35,Hemat
Roda2,Bebek,108.4,1,8.0,93.3,Manual,Bensin,Air-cooled,23.3,180221.0,11829.0,2018,52.51,Hemat
Roda2,Bebek,144.1,1,11.6,105.3,Manual,Bensin,Air-cooled,58.1,73258.0,10115.0,2025,42.0,Boros
Roda4,MPV,1372.2,4,87.4,1193.4,CVT,Bensin,Liquid-cooled,79.8,503683.0,13447.0,2016,14.13,Hemat
Roda2,Matic,133.4,1,12.1,108.3,CVT,Bensin,Air-cooled,55.2,139062.0,12628.0,2017,42.08,Hemat
Roda4,MPV,1608.6,4,108.2,1337.8,CVT,Diesel,Liquid-cooled,69.2,243817.0,8941.0,2018,12.55,Hemat
Roda2,Sport Besar,522.0,3,53.9,235.3,Manual,Bensin,Liquid-cooled,44.5,73675.0,10874.0,2016,16.0,Boros
Roda2,Matic,110.2,1,9.9,95.0,CVT,Bensin,Air-cooled,63.3,230239.0,13526.0,2015,51.14,Hemat
Roda2,Matic,140.6,1,12.6,108.8,CVT,Bensin,Air-cooled,74.7,193089.0,10272.0,2018,35.0,Boros
Roda4,SUV,1721.4,4,116.1,1341.5,DCT,Bensin,Liquid-cooled,41.4,296112.0,11894.0,2025,10.91,Boros
Roda4,SUV,1500.8,4,100.0,1232.8,Automatic,Bensin,Liquid-cooled,29.4,580023.0,12162.0,2018,11.64,Hemat
Roda4,City Car,1293.4,3,92.8,930.0,CVT,Bensin,Liquid-cooled,26.3,495293.0,13466.0,2026,14.11,Boros
Roda4,MPV,1707.2,4,122.6,1428.7,CVT,Bensin,Liquid-cooled,18.8,425679.0,12841.0,2016,9.0,Boros
Roda2,Bebek,124.3,1,9.1,99.1,Manual,Bensin,Air-cooled,64.1,76566.0,13036.0,2024,42.9,Boros
Roda4,SUV,1985.2,4,145.9,1600.0,Automatic,Hybrid,Liquid-cooled,35.6,218874.0,13910.0,2018,8.0,Boros
Roda4,SUV,1518.4,4,100.0,1200.0,Manual,Bensin,Liquid-cooled,31.8,479624.0,10542.0,2017,10.17,Boros
Roda2,Matic,134.9,1,12.3,109.9,CVT,Bensin,Air-cooled,47.1,280732.0,10810.0,2015,35.0,Boros
Roda4,MPV,1784.5,4,124.6,1473.2,Automatic,Diesel,Liquid-cooled,50.6,585212.0,11528.0,2025,9.0,Boros
Roda4,SUV,1676.4,4,123.2,1351.9,CVT,Diesel,Liquid-cooled,54.4,482250.0,7406.0,2016,10.88,Boros
Roda4,MPV,1726.8,4,121.6,1417.4,CVT,Bensin,Liquid-cooled,78.3,323837.0,12963.0,2023,9.0,Boros
Roda4,City Car,1248.4,3,89.3,897.2,Automatic,Bensin,Liquid-cooled,75.1,511169.0,10623.0,2017,13.0,Boros
Roda4,City Car,1045.2,3,72.1,814.8,Manual,Bensin,Liquid-cooled,77.9,180170.0,12591.0,2021,15.8,Hemat
Roda2,Sport,184.3,2,19.0,139.3,Manual,Bensin,Liquid-cooled,35.4,116723.0,10894.0,2022,31.9,Boros
Roda4,SUV,1679.3,4,129.0,1396.1,Automatic,Diesel,Liquid-cooled,93.6,319992.0,12014.0,2020,8.45,Boros
Roda2,Matic,156.0,1,16.0,120.6,CVT,Bensin,Liquid-cooled,76.3,142169.0,10039.0,2017,35.0,Boros
Roda4,SUV,1621.4,4,112.5,1306.1,Automatic,Hybrid,Liquid-cooled,66.6,312111.0,14051.0,2017,12.65,Hemat
Roda4,MPV,1702.5,4,124.7,1387.1,Manual,Bensin,Liquid-cooled,39.8,139614.0,13007.0,2026,9.01,Boros
Roda2,Matic,121.6,1,10.5,104.3,CVT,Bensin,Liquid-cooled,74.3,202270.0,13149.0,2025,42.27,Hemat
Roda2,Sport,212.8,1,23.0,150.2,Manual,Bensin,Liquid-cooled,31.5,175990.0,11470.0,2018,28.0,Boros
Roda2,Matic,110.7,1,9.8,95.0,CVT,Bensin,Air-cooled,64.8,220546.0,11715.0,2021,51.76,Hemat
Roda4,City Car,1353.4,4,84.5,996.9,Automatic,Bensin,Liquid-cooled,39.2,282549.0,12059.0,2020,13.84,Boros
Roda4,City Car,1436.8,3,105.0,1049.0,Automatic,Bensin,Liquid-cooled,19.3,482764.0,12482.0,2019,13.0,Boros
Roda4,SUV,1827.4,4,133.7,1507.9,DCT,Hybrid,Liquid-cooled,22.7,270420.0,14332.0,2016,8.99,Boros
Roda2,Bebek,111.4,1,8.5,94.9,Manual,Bensin,Air-cooled,33.9,181919.0,10825.0,2016,52.48,Hemat
Roda2,Bebek,144.3,1,11.8,105.8,Manual,Bensin,Air-cooled,61.2,224319.0,12935.0,2023,42.0,Boros
Roda4,SUV,1714.3,4,115.4,1434.2,Manual,Hybrid,Liquid-cooled,17.9,253740.0,14324.0,2017,12.8,Hemat
Roda2,Matic,159.9,1,16.0,123.4,CVT,Bensin,Liquid-cooled,64.6,284824.0,12588.0,2025,35.0,Boros
Roda2,Matic,156.1,1,15.2,123.5,CVT,Bensin,Liquid-cooled,50.2,278552.0,11973.0,2023,35.0,Boros
Roda4,SUV,1664.4,4,114.1,1328.2,Manual,Bensin,Liquid-cooled,77.0,542506.0,13478.0,2018,9.51,Boros
Roda4,MPV,1778.2,4,128.4,1475.6,Manual,Bensin,Liquid-cooled,63.2,560281.0,10525.0,2015,9.0,Boros
Roda4,City Car,1066.2,3,66.5,837.9,Manual,Bensin,Liquid-cooled,43.8,229379.0,13290.0,2019,17.63,Hemat
Roda4,SUV,1961.5,4,150.0,1600.0,DCT,Bensin,Liquid-cooled,54.0,133504.0,11143.0,2022,8.0,Boros
Roda4,SUV,1816.3,4,136.4,1423.2,DCT,Bensin,Liquid-cooled,51.9,445086.0,10950.0,2022,8.03,Boros
Roda4,City Car,1453.7,3,103.2,1059.6,Manual,Bensin,Liquid-cooled,48.0,578643.0,11575.0,2018,13.0,Boros
Roda4,MPV,1634.0,4,122.9,1411.2,Manual,Bensin,Liquid-cooled,24.9,382317.0,11951.0,2022,9.0,Boros
Roda4,City Car,1416.0,4,95.7,1061.1,CVT,Bensin,Liquid-cooled,95.4,486278.0,11615.0,2026,13.0,Boros
Roda4,City Car,1038.8,4,65.0,802.5,CVT,Bensin,Liquid-cooled,91.0,340554.0,13016.0,2016,21.0,Hemat
Roda4,MPV,1512.3,4,98.7,1181.0,CVT,Diesel,Liquid-cooled,51.6,541176.0,11249.0,2018,13.73,Hemat
Roda4,SUV,1604.3,4,110.3,1202.3,CVT,Diesel,Liquid-cooled,55.6,442011.0,12263.0,2020,13.48,Hemat
Roda4,MPV,1338.0,4,92.7,1170.9,Automatic,Bensin,Liquid-cooled,72.7,486084.0,13354.0,2017,11.57,Boros
Roda2,Bebek,133.9,1,10.8,104.8,Manual,Bensin,Air-cooled,71.4,299084.0,11436.0,2020,42.0,Boros
Roda2,Matic,132.1,1,12.0,108.0,CVT,Bensin,Liquid-cooled,63.1,217179.0,12840.0,2018,40.9,Boros
Roda2,Sport Besar,360.9,3,37.4,197.9,Manual,Bensin,Liquid-cooled,50.0,183290.0,13045.0,2020,20.07,Boros
Roda4,City Car,1050.0,4,69.1,800.0,Automatic,Bensin,Liquid-cooled,19.6,153174.0,13515.0,2023,18.62,Hemat
Roda2,Matic,137.6,1,11.9,112.7,CVT,Bensin,Liquid-cooled,53.6,114904.0,12269.0,2017,35.0,Boros
Roda4,SUV,1531.6,4,103.7,1210.6,Automatic,Bensin,Liquid-cooled,58.6,442170.0,12514.0,2025,12.17,Hemat
Roda4,MPV,1335.1,4,85.0,1121.7,Manual,Bensin,Liquid-cooled,17.1,439034.0,10010.0,2023,13.41,Hemat
Roda4,City Car,1361.9,4,90.8,1054.4,CVT,Bensin,Liquid-cooled,59.6,437607.0,10838.0,2018,13.0,Boros
Roda2,Bebek,127.9,1,9.4,100.1,Manual,Bensin,Air-cooled,77.4,93895.0,10692.0,2021,42.0,Boros
Roda2,Sport,185.9,1,18.4,136.1,Manual,Bensin,Liquid-cooled,74.3,195634.0,13587.0,2019,28.43,Boros
Roda2,Bebek,142.5,1,11.4,105.2,Manual,Bensin,Air-cooled,31.8,131296.0,12845.0,2021,42.0,Boros
Roda4,SUV,1965.0,4,147.1,1565.5,Automatic,Diesel,Liquid-cooled,80.2,533893.0,13013.0,2019,8.0,Boros
Roda2,Matic,145.5,1,13.1,115.7,CVT,Bensin,Liquid-cooled,54.8,163927.0,11785.0,2023,37.72,Boros
Roda2,Matic,127.4,1,11.8,108.6,CVT,Bensin,Air-cooled,43.4,205027.0,12325.0,2019,40.02,Boros
Roda4,City Car,1277.3,4,90.7,946.7,Automatic,Bensin,Liquid-cooled,98.4,320590.0,10451.0,2026,13.12,Boros
Roda2,Bebek,114.0,1,8.2,98.3,Manual,Bensin,Air-cooled,25.1,140094.0,10267.0,2023,52.52,Hemat
Roda4,SUV,1762.0,4,127.9,1347.6,Automatic,Bensin,Liquid-cooled,25.1,317631.0,12989.0,2022,8.0,Boros
Roda4,MPV,1680.5,4,122.7,1409.6,CVT,Bensin,Liquid-cooled,38.5,256692.0,11406.0,2017,9.29,Boros
Roda4,City Car,1390.7,3,91.0,1066.3,Automatic,Bensin,Liquid-cooled,95.3,585863.0,13011.0,2020,13.0,Boros
Roda4,SUV,1653.2,4,121.4,1328.2,DCT,Hybrid,Liquid-cooled,80.7,122635.0,14107.0,2026,15.2,Hemat
Roda2,Matic,138.1,1,13.5,107.6,CVT,Bensin,Liquid-cooled,53.9,155016.0,10238.0,2018,35.0,Boros
Roda2,Sport,192.6,2,19.6,145.0,Manual,Bensin,Liquid-cooled,41.6,174431.0,11177.0,2018,28.08,Boros
Roda2,Matic,138.0,1,13.0,113.0,CVT,Bensin,Air-cooled,73.6,76120.0,12809.0,2021,35.0,Boros
Roda4,SUV,1538.8,4,100.0,1212.3,CVT,Diesel,Liquid-cooled,54.8,362295.0,8493.0,2015,13.51,Hemat
Roda4,SUV,1916.1,4,139.4,1533.2,Automatic,Hybrid,Liquid-cooled,93.2,227380.0,14225.0,2025,8.0,Boros
Roda2,Sport,184.4,1,21.8,141.9,Manual,Bensin,Liquid-cooled,75.4,109778.0,10594.0,2023,28.0,Boros
Roda4,MPV,1697.7,4,129.2,1433.2,CVT,Bensin,Liquid-cooled,36.8,560701.0,10070.0,2017,9.0,Boros
Roda4,MPV,1506.3,4,106.0,1319.2,Manual,Bensin,Liquid-cooled,43.1,534416.0,12821.0,2025,9.58,Boros
Roda4,MPV,1754.4,4,127.7,1424.5,Manual,Diesel,Liquid-cooled,66.0,268129.0,8894.0,2018,9.0,Boros
Roda4,SUV,1875.7,4,137.1,1445.2,DCT,Hybrid,Liquid-cooled,19.9,385810.0,14196.0,2022,9.03,Boros
Roda4,MPV,1516.3,4,105.2,1275.1,Automatic,Bensin,Liquid-cooled,65.2,574985.0,10524.0,2022,9.42,Boros
Roda2,Sport Besar,392.6,4,47.3,196.4,Manual,Bensin,Liquid-cooled,41.9,107314.0,12813.0,2019,20.66,Boros
Roda4,City Car,1110.0,4,76.1,826.7,Automatic,Bensin,Liquid-cooled,62.5,124693.0,12016.0,2023,15.16,Hemat
Roda4,City Car,1392.5,4,89.4,1009.4,CVT,Bensin,Liquid-cooled,21.2,268697.0,11584.0,2018,13.0,Boros
Roda4,City Car,1104.3,3,76.5,855.4,Automatic,Bensin,Liquid-cooled,42.6,421892.0,10792.0,2022,18.45,Hemat
Roda2,Sport,176.0,1,18.6,135.3,Manual,Bensin,Liquid-cooled,25.6,159978.0,11848.0,2023,33.83,Hemat
Roda2,Bebek,148.8,1,11.7,110.0,Manual,Bensin,Air-cooled,64.7,241465.0,12697.0,2024,42.0,Boros
Roda2,Sport,195.8,2,23.1,145.8,Manual,Bensin,Liquid-cooled,75.2,179428.0,10088.0,2022,28.0,Boros
Roda4,SUV,1583.9,4,114.4,1281.4,DCT,Hybrid,Liquid-cooled,96.2,565056.0,14065.0,2023,13.77,Hemat
Roda4,SUV,1858.3,4,139.4,1534.4,Manual,Hybrid,Liquid-cooled,17.4,482372.0,14268.0,2017,9.49,Boros
Roda4,SUV,1645.7,4,117.1,1304.0,DCT,Bensin,Liquid-cooled,80.1,200261.0,12571.0,2018,9.06,Boros
Roda4,MPV,1741.8,4,126.0,1389.7,CVT,Bensin,Liquid-cooled,50.3,516462.0,11566.0,2017,9.0,Boros
Roda2,Matic,136.2,1,12.4,114.0,CVT,Bensin,Air-cooled,51.2,189238.0,12558.0,2016,42.73,Hemat
Roda4,MPV,1310.1,4,85.0,1100.0,Manual,Diesel,Liquid-cooled,21.4,121378.0,12872.0,2015,14.32,Hemat
Roda4,City Car,1240.4,3,80.7,900.7,Automatic,Bensin,Liquid-cooled,19.3,551848.0,12016.0,2017,13.0,Boros
Roda2,Bebek,138.0,1,11.3,103.8,Manual,Bensin,Air-cooled,22.9,76413.0,13170.0,2024,42.0,Boros
Roda2,Sport,186.2,1,22.2,137.9,Manual,Bensin,Liquid-cooled,31.2,228838.0,12565.0,2018,28.0,Boros
Roda2,Bebek,121.6,1,8.7,96.0,Manual,Bensin,Air-cooled,48.3,294739.0,12166.0,2020,46.43,Boros
Roda4,MPV,1440.0,4,95.6,1227.4,CVT,Diesel,Liquid-cooled,100.0,445603.0,12473.0,2026,14.68,Hemat
Roda2,Sport,187.2,2,19.1,143.5,Manual,Bensin,Liquid-cooled,76.3,54092.0,13214.0,2024,33.63,Hemat
Roda2,Sport,217.9,2,23.6,154.1,Manual,Bensin,Liquid-cooled,48.0,67231.0,10392.0,2026,28.0,Boros
Roda2,Matic,115.3,1,9.9,102.6,CVT,Bensin,Air-cooled,33.0,271481.0,13306.0,2015,46.58,Hemat
Roda4,MPV,1626.6,4,104.3,1378.7,Automatic,Bensin,Liquid-cooled,23.5,236367.0,12280.0,2024,9.0,Boros
Roda2,Bebek,124.6,1,8.5,98.5,Manual,Bensin,Air-cooled,58.6,188191.0,10843.0,2018,42.0,Boros
Roda2,Sport,160.0,1,17.7,122.9,Manual,Bensin,Liquid-cooled,53.1,190901.0,10687.0,2020,33.58,Hemat
Roda2,Sport Besar,292.3,4,30.0,167.2,Manual,Bensin,Liquid-cooled,34.3,259089.0,11000.0,2023,21.14,Boros
Roda2,Sport Besar,463.1,3,51.0,204.3,Manual,Bensin,Liquid-cooled,73.4,184668.0,10657.0,2018,16.0,Boros
Roda2,Matic,159.9,1,15.8,125.0,CVT,Bensin,Liquid-cooled,22.5,50329.0,13327.0,2016,35.0,Boros
Roda2,Sport Besar,388.3,4,39.4,195.6,Manual,Bensin,Liquid-cooled,30.0,284866.0,13566.0,2015,17.78,Boros
Roda4,SUV,1830.4,4,136.8,1467.5,Automatic,Bensin,Liquid-cooled,91.6,498585.0,10590.0,2023,8.0,Boros
Roda4,MPV,1696.7,4,125.8,1345.3,Automatic,Bensin,Liquid-cooled,65.8,309345.0,10255.0,2018,9.0,Boros
Roda4,MPV,1672.7,4,111.6,1409.5,Manual,Diesel,Liquid-cooled,67.8,525963.0,8435.0,2019,9.0,Boros
Roda2,Sport Besar,460.9,3,46.0,194.6,Manual,Bensin,Liquid-cooled,64.9,183146.0,12333.0,2024,18.81,Boros
Roda2,Matic,148.3,1,15.3,115.6,CVT,Bensin,Air-cooled,54.4,56028.0,13501.0,2017,35.0,Boros
Roda4,MPV,1542.1,4,102.4,1276.2,Manual,Bensin,Liquid-cooled,89.8,403461.0,10615.0,2018,10.59,Boros
Roda2,Sport Besar,606.2,2,65.4,240.7,Manual,Bensin,Liquid-cooled,69.9,234410.0,11475.0,2026,16.0,Boros
Roda4,MPV,1609.4,4,105.5,1375.0,Automatic,Bensin,Liquid-cooled,92.5,307074.0,10043.0,2021,9.47,Boros
Roda4,MPV,1455.9,4,96.4,1244.6,Manual,Bensin,Liquid-cooled,81.6,219677.0,11330.0,2021,10.95,Boros
Roda2,Matic,134.5,1,12.0,111.2,CVT,Bensin,Liquid-cooled,70.6,83036.0,12322.0,2015,35.0,Boros
Roda4,MPV,1454.9,4,95.8,1187.2,CVT,Diesel,Liquid-cooled,52.9,354082.0,11574.0,2023,14.06,Hemat
Roda4,MPV,1630.0,4,115.4,1276.6,Automatic,Diesel,Liquid-cooled,39.7,373209.0,10800.0,2024,11.01,Boros
Roda4,SUV,1986.6,4,148.9,1590.5,Manual,Hybrid,Liquid-cooled,16.0,336288.0,14256.0,2024,9.26,Boros
Roda4,City Car,1237.9,3,82.4,942.2,Automatic,Bensin,Liquid-cooled,26.1,281692.0,12372.0,2018,13.0,Boros
Roda2,Sport Besar,279.7,4,34.7,161.8,Manual,Bensin,Liquid-cooled,16.2,115756.0,11432.0,2021,21.67,Boros
Roda2,Sport,197.5,2,24.8,153.1,Manual,Bensin,Liquid-cooled,80.0,98840.0,10031.0,2020,28.0,Boros
Roda4,City Car,1101.8,3,73.1,804.0,Automatic,Bensin,Liquid-cooled,70.5,253176.0,12002.0,2016,14.43,Boros
Roda4,MPV,1512.6,4,118.2,1270.9,Automatic,Diesel,Liquid-cooled,57.2,324305.0,9347.0,2019,10.58,Boros
Roda4,City Car,1220.8,3,83.9,957.9,CVT,Bensin,Liquid-cooled,42.0,169866.0,13098.0,2019,13.0,Boros
Roda2,Matic,158.5,1,15.7,121.4,CVT,Bensin,Liquid-cooled,37.2,158849.0,10287.0,2023,35.0,Boros
Roda4,MPV,1482.9,4,102.2,1218.7,Manual,Bensin,Liquid-cooled,53.0,314908.0,12019.0,2019,10.64,Boros
Roda4,SUV,1962.9,4,144.6,1532.8,DCT,Hybrid,Liquid-cooled,22.3,551823.0,14388.0,2026,8.0,Boros
Roda4,SUV,1638.4,4,110.3,1337.4,DCT,Hybrid,Liquid-cooled,39.4,296308.0,14339.0,2020,13.03,Hemat
Roda4,SUV,1919.5,4,139.2,1570.7,DCT,Hybrid,Liquid-cooled,27.0,211228.0,14475.0,2015,8.0,Boros
Roda2,Matic,115.1,1,9.8,96.5,CVT,Bensin,Air-cooled,18.6,250529.0,13058.0,2015,48.2,Hemat
Roda2,Bebek,133.1,1,10.7,105.4,Manual,Bensin,Air-cooled,71.5,249357.0,12568.0,2015,42.0,Boros
Roda4,MPV,1622.5,4,114.2,1369.6,CVT,Bensin,Liquid-cooled,50.8,298021.0,10185.0,2023,9.02,Boros
Roda4,MPV,1556.2,4,104.2,1195.5,Manual,Bensin,Liquid-cooled,64.3,524944.0,13431.0,2018,10.96,Boros
Roda2,Matic,136.2,1,12.3,114.1,CVT,Bensin,Liquid-cooled,65.6,268604.0,13319.0,2024,35.0,Boros
Roda2,Matic,141.1,1,13.8,115.2,CVT,Bensin,Air-cooled,68.5,75319.0,12636.0,2017,35.0,Boros
Roda4,SUV,1825.7,4,132.9,1440.2,Automatic,Hybrid,Liquid-cooled,55.3,577004.0,14241.0,2024,11.81,Hemat
Roda2,Matic,147.8,1,13.2,123.3,CVT,Bensin,Liquid-cooled,49.2,111729.0,13811.0,2016,35.0,Boros
Roda2,Matic,125.8,1,10.8,105.7,CVT,Bensin,Liquid-cooled,12.6,121283.0,10762.0,2022,37.09,Boros
Roda2,Bebek,131.0,1,9.6,103.8,Manual,Bensin,Air-cooled,51.7,267978.0,12250.0,2021,42.8,Boros
Roda4,City Car,1448.1,3,103.9,1050.9,CVT,Bensin,Liquid-cooled,39.9,568361.0,13099.0,2018,13.0,Boros
Roda4,MPV,1343.4,4,85.0,1130.6,Manual,Diesel,Liquid-cooled,30.5,376493.0,9836.0,2022,15.33,Hemat
Roda2,Matic,158.6,1,16.0,125.0,CVT,Bensin,Liquid-cooled,46.2,98701.0,12383.0,2026,35.0,Boros
Roda4,SUV,1657.6,4,108.9,1317.5,DCT,Bensin,Liquid-cooled,23.3,559739.0,13181.0,2019,9.19,Boros
Roda2,Sport,216.9,2,27.1,155.3,Manual,Bensin,Liquid-cooled,38.6,294973.0,10843.0,2016,28.0,Boros
Roda2,Matic,139.8,1,12.8,110.1,CVT,Bensin,Air-cooled,38.1,254031.0,12763.0,2021,35.34,Boros
Roda2,Matic,134.8,1,12.9,109.6,CVT,Bensin,Air-cooled,51.3,136125.0,12440.0,2025,39.3,Boros
Roda2,Matic,115.0,1,9.7,96.5,CVT,Bensin,Liquid-cooled,12.2,188545.0,12972.0,2021,52.23,Hemat
Roda4,City Car,1123.7,3,75.5,912.4,Automatic,Bensin,Liquid-cooled,72.5,506791.0,11079.0,2026,15.32,Hemat
Roda2,Bebek,121.9,1,9.0,102.0,Manual,Bensin,Air-cooled,57.3,214540.0,10273.0,2020,42.0,Boros
Roda4,SUV,1822.7,4,130.3,1468.5,Automatic,Bensin,Liquid-cooled,90.6,207190.0,11316.0,2016,8.0,Boros
Roda4,MPV,1764.5,4,125.8,1443.9,Manual,Diesel,Liquid-cooled,50.3,193262.0,12601.0,2023,9.0,Boros
Roda4,SUV,1822.5,4,131.0,1458.2,DCT,Diesel,Liquid-cooled,40.3,158594.0,7126.0,2021,9.27,Boros
Roda2,Sport Besar,618.5,4,68.4,244.5,Manual,Bensin,Liquid-cooled,44.3,233260.0,10179.0,2023,16.0,Boros
Roda4,SUV,1890.9,4,142.9,1503.0,CVT,Diesel,Liquid-cooled,64.4,205670.0,12330.0,2023,8.42,Boros
Roda4,City Car,1422.6,3,99.7,1039.1,Manual,Bensin,Liquid-cooled,55.0,559804.0,11030.0,2020,13.0,Boros
Roda4,City Car,1437.5,4,98.2,1003.9,Manual,Bensin,Liquid-cooled,16.2,389503.0,10565.0,2017,13.0,Boros
Roda4,City Car,1290.8,3,89.9,958.8,Manual,Bensin,Liquid-cooled,28.7,256209.0,11111.0,2015,13.0,Boros
Roda2,Sport Besar,515.4,4,55.8,205.6,Manual,Bensin,Liquid-cooled,48.1,144562.0,13174.0,2023,16.17,Boros
Roda4,City Car,1095.3,3,79.0,837.0,Manual,Bensin,Liquid-cooled,74.3,107040.0,10493.0,2020,15.53,Hemat
Roda2,Sport Besar,306.9,3,25.5,186.0,Manual,Bensin,Liquid-cooled,32.6,81990.0,11509.0,2021,22.52,Hemat
Roda4,SUV,1780.0,4,139.7,1389.6,DCT,Bensin,Liquid-cooled,76.4,468961.0,10603.0,2026,9.73,Boros
Roda2,Bebek,135.0,1,10.4,103.2,Manual,Bensin,Air-cooled,15.5,97918.0,11851.0,2015,42.0,Boros
Roda4,City Car,1139.2,4,74.5,913.9,CVT,Bensin,Liquid-cooled,81.7,456044.0,13511.0,2019,16.85,Hemat
Roda2,Matic,153.0,1,15.2,115.0,CVT,Bensin,Air-cooled,12.8,62840.0,12372.0,2019,35.0,Boros
Roda4,MPV,1473.4,4,97.9,1255.2,CVT,Diesel,Liquid-cooled,89.0,415661.0,12911.0,2020,13.54,Hemat
Roda2,Sport,195.6,2,20.7,151.0,Manual,Bensin,Liquid-cooled,17.0,266286.0,11156.0,2017,28.0,Boros
Roda4,SUV,1835.3,4,129.9,1457.8,Manual,Diesel,Liquid-cooled,16.7,515271.0,13159.0,2025,9.73,Boros
Roda2,Matic,131.4,1,11.9,104.8,CVT,Bensin,Air-cooled,71.1,101385.0,10159.0,2022,36.88,Boros
Roda2,Sport Besar,557.6,4,54.8,227.1,Manual,Bensin,Liquid-cooled,32.2,104325.0,12778.0,2017,16.06,Boros
Roda2,Sport Besar,396.6,3,36.4,193.9,Manual,Bensin,Liquid-cooled,12.2,58209.0,12814.0,2018,18.65,Boros
Roda2,Matic,129.7,1,12.1,102.7,CVT,Bensin,Air-cooled,48.2,212869.0,12015.0,2022,36.28,Boros
Roda2,Matic,132.3,1,13.3,108.0,CVT,Bensin,Air-cooled,45.9,110605.0,10719.0,2023,44.53,Hemat
Roda2,Matic,130.4,1,12.3,108.1,CVT,Bensin,Liquid-cooled,71.5,258348.0,13624.0,2016,41.91,Boros
Roda4,City Car,1030.2,3,65.0,800.0,Automatic,Bensin,Liquid-cooled,45.7,243272.0,12196.0,2023,16.86,Hemat
Roda2,Bebek,130.0,1,9.9,103.6,Manual,Bensin,Air-cooled,73.4,258843.0,10768.0,2019,42.0,Boros
Roda2,Matic,159.1,1,15.4,125.0,CVT,Bensin,Liquid-cooled,25.9,58796.0,10233.0,2022,35.0,Boros
Roda2,Bebek,118.5,1,9.4,100.3,Manual,Bensin,Air-cooled,50.9,292330.0,11474.0,2016,42.59,Boros
Roda4,SUV,1899.7,4,127.3,1447.2,Automatic,Hybrid,Liquid-cooled,84.9,200715.0,14235.0,2020,10.0,Boros
Roda2,Matic,135.9,1,13.0,112.5,CVT,Bensin,Liquid-cooled,10.9,133019.0,10243.0,2023,39.92,Boros
Roda2,Matic,114.6,1,10.0,95.0,CVT,Bensin,Liquid-cooled,45.0,248307.0,10586.0,2022,45.07,Hemat
Roda4,MPV,1712.9,4,121.7,1401.6,Automatic,Diesel,Liquid-cooled,28.6,343483.0,9345.0,2020,9.49,Boros
Roda2,Sport Besar,334.3,4,40.7,163.5,Manual,Bensin,Liquid-cooled,37.3,185873.0,13345.0,2024,24.0,Hemat
Roda2,Sport,202.3,2,23.2,137.9,Manual,Bensin,Liquid-cooled,74.3,299139.0,13687.0,2022,28.6,Boros
Roda4,MPV,1728.7,4,116.3,1417.1,CVT,Diesel,Liquid-cooled,45.6,530606.0,12835.0,2015,9.0,Boros
Roda2,Sport Besar,431.2,4,42.8,198.9,Manual,Bensin,Liquid-cooled,59.8,115210.0,11541.0,2020,19.44,Boros
Roda4,MPV,1460.9,4,104.5,1185.2,Automatic,Bensin,Liquid-cooled,27.4,576539.0,11916.0,2018,9.44,Boros
Roda2,Matic,127.8,1,10.8,103.0,CVT,Bensin,Air-cooled,64.9,282373.0,12951.0,2021,45.03,Hemat
Roda2,Matic,119.8,1,10.3,102.3,CVT,Bensin,Air-cooled,15.5,214118.0,10072.0,2022,44.23,Hemat
Roda2,Sport,223.8,1,25.8,163.0,Manual,Bensin,Liquid-cooled,73.9,196782.0,11563.0,2015,28.0,Boros
Roda4,SUV,1868.6,4,134.0,1464.0,DCT,Hybrid,Liquid-cooled,89.1,390661.0,13956.0,2024,12.09,Hemat
Roda2,Sport,230.4,2,26.7,156.4,Manual,Bensin,Liquid-cooled,32.6,148425.0,13665.0,2017,28.0,Boros
Roda4,MPV,1391.7,4,89.8,1183.9,Automatic,Bensin,Liquid-cooled,82.3,181894.0,10426.0,2017,14.7,Hemat
Roda4,MPV,1508.0,4,97.5,1252.2,CVT,Diesel,Liquid-cooled,97.8,477911.0,7792.0,2019,13.11,Hemat
Roda2,Matic,133.1,1,12.3,112.8,CVT,Bensin,Air-cooled,61.7,129502.0,13106.0,2020,39.53,Boros
Roda4,MPV,1679.5,4,119.0,1389.9,CVT,Bensin,Liquid-cooled,87.8,438618.0,11247.0,2016,9.0,Boros
Roda4,MPV,1563.7,4,104.4,1299.3,Automatic,Diesel,Liquid-cooled,71.8,423412.0,10121.0,2019,13.27,Hemat
Roda2,Matic,133.7,1,12.1,110.0,CVT,Bensin,Air-cooled,40.2,181977.0,11065.0,2019,38.69,Boros
Roda2,Sport Besar,426.8,4,46.7,186.4,Manual,Bensin,Liquid-cooled,42.2,291125.0,10854.0,2025,19.17,Boros
Roda2,Sport Besar,428.0,3,51.4,182.6,Manual,Bensin,Liquid-cooled,12.7,74668.0,10392.0,2015,16.0,Boros
Roda4,SUV,1696.1,4,125.9,1408.0,Manual,Diesel,Liquid-cooled,29.1,410115.0,12133.0,2015,10.25,Boros
Roda2,Sport,203.2,2,25.2,139.6,Manual,Bensin,Liquid-cooled,45.5,170217.0,11327.0,2018,28.0,Boros
Roda2,Matic,140.6,1,14.3,110.2,CVT,Bensin,Air-cooled,19.4,271425.0,12532.0,2021,39.62,Boros
Roda4,SUV,1505.3,4,104.0,1200.0,CVT,Bensin,Liquid-cooled,19.5,369330.0,12390.0,2015,11.79,Hemat
Roda4,SUV,1642.6,4,113.4,1332.1,CVT,Hybrid,Liquid-cooled,38.4,570946.0,14098.0,2018,12.03,Hemat
Roda4,City Car,1446.5,3,100.5,1053.4,Automatic,Bensin,Liquid-cooled,33.8,539565.0,11143.0,2021,13.0,Boros
Roda4,SUV,1552.5,4,107.1,1250.5,DCT,Hybrid,Liquid-cooled,15.3,320326.0,14167.0,2022,16.0,Hemat
Roda4,City Car,1084.7,3,66.0,891.4,Automatic,Bensin,Liquid-cooled,30.9,361628.0,13107.0,2015,13.67,Boros
Roda2,Bebek,147.8,1,11.8,110.0,Manual,Bensin,Air-cooled,16.3,286964.0,11008.0,2024,42.0,Boros
Roda4,SUV,1763.1,4,125.3,1378.6,DCT,Hybrid,Liquid-cooled,44.5,246449.0,14452.0,2025,11.36,Hemat
Roda2,Matic,113.2,1,9.2,101.5,CVT,Bensin,Air-cooled,41.2,152730.0,12100.0,2022,52.61,Hemat
Roda4,SUV,1777.8,4,124.6,1469.7,CVT,Bensin,Liquid-cooled,70.0,562883.0,10638.0,2015,8.0,Boros
Roda2,Sport Besar,626.5,2,67.4,240.3,Manual,Bensin,Liquid-cooled,42.0,147362.0,11772.0,2022,16.0,Boros
Roda4,SUV,1947.9,4,150.0,1562.6,Automatic,Bensin,Liquid-cooled,42.1,281341.0,13270.0,2023,8.0,Boros
Roda2,Sport,169.4,1,16.8,133.4,Manual,Bensin,Liquid-cooled,73.5,229049.0,11107.0,2020,31.74,Boros
Roda4,MPV,1622.8,4,116.8,1351.7,Manual,Diesel,Liquid-cooled,64.9,349930.0,12760.0,2020,9.07,Boros
Roda4,MPV,1510.3,4,109.1,1217.2,CVT,Bensin,Liquid-cooled,96.3,165798.0,11298.0,2017,10.19,Boros
Roda2,Matic,130.8,1,10.1,108.1,CVT,Bensin,Liquid-cooled,19.3,151381.0,10886.0,2024,42.85,Hemat
Roda2,Matic,157.2,1,15.4,121.9,CVT,Bensin,Liquid-cooled,33.8,66021.0,10700.0,2025,35.0,Boros
Roda2,Sport,176.4,1,20.4,135.9,Manual,Bensin,Liquid-cooled,38.4,227280.0,13790.0,2023,34.31,Hemat
Roda2,Matic,140.2,1,13.3,114.2,CVT,Bensin,Liquid-cooled,74.8,257232.0,10425.0,2021,37.4,Boros
Roda2,Sport Besar,595.2,3,63.3,230.1,Manual,Bensin,Liquid-cooled,67.2,139586.0,12548.0,2020,16.0,Boros
Roda2,Sport Besar,257.6,4,25.5,170.6,Manual,Bensin,Liquid-cooled,20.7,130091.0,12400.0,2020,24.18,Hemat
Roda4,MPV,1530.4,4,109.7,1293.6,Automatic,Bensin,Liquid-cooled,50.4,474803.0,10910.0,2026,9.79,Boros
Roda2,Sport,219.9,2,26.5,151.1,Manual,Bensin,Liquid-cooled,44.4,155331.0,12567.0,2024,28.0,Boros
Roda4,SUV,1719.6,4,129.1,1389.6,Manual,Diesel,Liquid-cooled,66.8,219594.0,6965.0,2015,8.0,Boros
Roda4,SUV,1661.7,4,119.3,1283.3,Automatic,Hybrid,Liquid-cooled,40.0,555235.0,14266.0,2016,12.04,Hemat
Roda4,City Car,1019.8,4,67.3,800.0,Automatic,Bensin,Liquid-cooled,95.4,296361.0,13098.0,2022,16.79,Hemat
Roda2,Sport Besar,504.8,4,60.0,221.3,Manual,Bensin,Liquid-cooled,67.6,187653.0,10691.0,2023,16.0,Boros
Roda4,City Car,1101.3,3,73.7,878.7,Manual,Bensin,Liquid-cooled,33.5,435604.0,10797.0,2020,13.08,Boros
Roda2,Bebek,116.0,1,8.3,98.3,Manual,Bensin,Air-cooled,12.2,212917.0,11437.0,2017,47.61,Boros
Roda4,SUV,1794.9,4,127.3,1463.1,Automatic,Hybrid,Liquid-cooled,71.6,443925.0,14123.0,2016,9.46,Boros
Roda2,Sport Besar,529.7,3,55.7,218.7,Manual,Bensin,Liquid-cooled,61.5,292768.0,10412.0,2025,16.0,Boros
Roda4,City Car,1433.2,3,100.6,1074.8,CVT,Bensin,Liquid-cooled,25.5,564653.0,11910.0,2016,13.0,Boros
Roda2,Sport,213.7,1,26.2,149.9,Manual,Bensin,Liquid-cooled,30.2,219467.0,10830.0,2019,28.0,Boros
Roda2,Bebek,110.5,1,7.4,95.7,Manual,Bensin,Air-cooled,15.7,124623.0,12622.0,2022,52.3,Hemat
Roda2,Matic,152.8,1,14.2,121.3,CVT,Bensin,Liquid-cooled,38.0,70685.0,12997.0,2026,35.0,Boros
Roda2,Sport,200.8,1,22.1,145.6,Manual,Bensin,Liquid-cooled,30.7,163122.0,12089.0,2022,31.57,Boros
Roda4,City Car,1213.9,3,80.9,891.7,Automatic,Bensin,Liquid-cooled,81.3,161748.0,12526.0,2016,13.47,Boros
Roda4,City Car,1128.9,3,78.9,905.5,Automatic,Bensin,Liquid-cooled,99.5,481479.0,10293.0,2015,13.52,Boros
Roda4,SUV,1750.8,4,118.8,1398.2,DCT,Diesel,Liquid-cooled,33.1,495481.0,10380.0,2016,12.02,Hemat
Roda2,Bebek,129.2,1,10.7,101.4,Manual,Bensin,Air-cooled,56.2,249060.0,11061.0,2021,42.0,Boros
Roda4,MPV,1466.8,4,103.1,1196.0,CVT,Diesel,Liquid-cooled,36.8,449040.0,8991.0,2024,14.48,Hemat
Roda4,MPV,1458.1,4,107.4,1281.8,Manual,Diesel,Liquid-cooled,54.6,505357.0,12662.0,2019,12.6,Hemat
Roda4,SUV,1971.5,4,137.3,1552.9,CVT,Diesel,Liquid-cooled,80.1,307017.0,13055.0,2026,8.52,Boros
Roda4,SUV,1664.4,4,133.8,1298.4,Manual,Bensin,Liquid-cooled,60.2,595059.0,10821.0,2022,9.82,Boros
Roda4,City Car,1318.2,3,98.7,974.6,Automatic,Bensin,Liquid-cooled,24.1,128529.0,11470.0,2020,13.0,Boros
Roda2,Matic,151.0,1,15.4,123.8,CVT,Bensin,Liquid-cooled,71.4,124932.0,13211.0,2025,35.0,Boros
Roda4,SUV,1792.1,4,124.6,1412.5,DCT,Hybrid,Liquid-cooled,53.6,317473.0,14303.0,2023,11.6,Hemat
Roda4,MPV,1601.1,4,115.4,1289.0,Manual,Bensin,Liquid-cooled,18.4,373336.0,10367.0,2025,9.0,Boros
Roda2,Bebek,106.2,1,8.1,93.2,Manual,Bensin,Air-cooled,23.4,216671.0,12431.0,2020,49.0,Hemat
Roda4,MPV,1344.6,4,85.0,1107.5,CVT,Bensin,Liquid-cooled,19.7,368319.0,11808.0,2017,10.88,Boros
Roda4,City Car,1227.6,4,96.0,914.6,Manual,Bensin,Liquid-cooled,61.1,315691.0,13749.0,2017,13.0,Boros
Roda4,MPV,1724.5,4,130.0,1422.6,CVT,Bensin,Liquid-cooled,64.0,269597.0,11748.0,2017,9.0,Boros
Roda4,MPV,1797.5,4,122.1,1454.3,CVT,Diesel,Liquid-cooled,28.5,111683.0,7371.0,2026,10.31,Boros
Roda4,City Car,1114.3,3,70.1,918.9,CVT,Bensin,Liquid-cooled,57.8,179096.0,13260.0,2025,15.8,Hemat
Roda2,Sport,162.8,2,17.2,135.2,Manual,Bensin,Liquid-cooled,21.0,211900.0,11491.0,2021,37.4,Hemat
Roda4,SUV,1681.3,4,118.7,1315.0,Automatic,Hybrid,Liquid-cooled,33.1,547365.0,14444.0,2022,12.35,Hemat
Roda2,Sport,242.6,1,28.3,164.4,Manual,Bensin,Liquid-cooled,10.4,81794.0,12098.0,2018,28.0,Boros
Roda4,MPV,1373.8,4,101.6,1210.5,CVT,Diesel,Liquid-cooled,37.7,222649.0,13065.0,2024,15.35,Hemat
Roda2,Sport Besar,264.7,2,25.0,173.2,Manual,Bensin,Liquid-cooled,44.4,239382.0,12111.0,2016,27.35,Hemat
Roda2,Sport Besar,555.4,2,51.7,221.2,Manual,Bensin,Liquid-cooled,63.9,144039.0,11843.0,2023,16.0,Boros
Roda4,City Car,1181.9,3,73.3,857.7,Manual,Bensin,Liquid-cooled,28.6,533467.0,10482.0,2015,14.54,Boros
Roda4,City Car,1236.1,3,82.0,922.3,Automatic,Bensin,Liquid-cooled,45.5,165834.0,11122.0,2022,13.15,Boros
Roda4,SUV,1620.8,4,109.7,1243.4,DCT,Bensin,Liquid-cooled,23.1,520407.0,12636.0,2024,10.29,Boros
Roda4,SUV,1741.2,4,122.9,1355.3,DCT,Diesel,Liquid-cooled,18.5,146433.0,7424.0,2024,10.08,Boros
Roda2,Matic,120.8,1,10.2,97.9,CVT,Bensin,Liquid-cooled,72.7,221335.0,11613.0,2024,48.33,Hemat
Roda4,SUV,1638.1,4,112.0,1274.4,Automatic,Hybrid,Liquid-cooled,24.2,337105.0,13927.0,2016,11.38,Hemat
Roda4,MPV,1411.2,4,96.1,1225.4,Automatic,Diesel,Liquid-cooled,99.2,221328.0,9794.0,2025,13.14,Hemat
Roda2,Matic,138.8,1,12.4,106.6,CVT,Bensin,Air-cooled,46.8,225487.0,13783.0,2017,40.01,Boros
Roda4,City Car,1445.4,4,100.8,1011.2,Automatic,Bensin,Liquid-cooled,52.2,113275.0,12350.0,2021,13.0,Boros
Roda2,Matic,138.7,1,13.0,115.6,CVT,Bensin,Air-cooled,33.5,88623.0,11561.0,2022,39.33,Boros
Roda2,Sport,231.7,1,27.9,164.6,Manual,Bensin,Liquid-cooled,37.3,270304.0,10628.0,2019,28.0,Boros
Roda4,MPV,1604.3,4,114.2,1270.1,Automatic,Diesel,Liquid-cooled,19.9,367572.0,9383.0,2016,11.31,Boros
Roda2,Sport,247.0,1,30.0,170.0,Manual,Bensin,Liquid-cooled,56.3,53615.0,10302.0,2019,28.0,Boros
Roda2,Sport,169.5,1,18.4,134.5,Manual,Bensin,Liquid-cooled,66.1,184955.0,10612.0,2019,29.9,Boros
Roda4,MPV,1661.1,4,113.7,1455.2,CVT,Bensin,Liquid-cooled,34.3,181136.0,13666.0,2023,9.0,Boros
Roda2,Sport Besar,412.4,3,35.9,172.7,Manual,Bensin,Liquid-cooled,70.5,94693.0,13510.0,2025,17.13,Boros
Roda2,Bebek,104.9,1,7.8,91.0,Manual,Bensin,Air-cooled,35.6,107348.0,10851.0,2023,60.64,Hemat
Roda2,Sport,248.0,2,30.0,165.1,Manual,Bensin,Liquid-cooled,26.0,54371.0,11497.0,2020,28.0,Boros
Roda4,SUV,1928.7,4,143.8,1592.7,DCT,Bensin,Liquid-cooled,62.7,542575.0,10816.0,2017,8.0,Boros
Roda2,Sport Besar,582.2,3,59.1,233.3,Manual,Bensin,Liquid-cooled,64.9,170824.0,12789.0,2016,16.0,Boros
Roda2,Bebek,122.5,1,9.4,96.2,Manual,Bensin,Air-cooled,20.0,63206.0,12441.0,2019,56.28,Hemat
Roda2,Bebek,140.1,1,11.1,107.7,Manual,Bensin,Air-cooled,53.3,285193.0,13026.0,2021,42.0,Boros
Roda2,Sport Besar,512.3,4,51.1,225.0,Manual,Bensin,Liquid-cooled,69.8,290434.0,10941.0,2024,16.57,Boros
Roda2,Matic,112.6,1,9.2,97.6,CVT,Bensin,Liquid-cooled,19.2,285145.0,13510.0,2019,44.89,Hemat
Roda4,MPV,1650.3,4,116.6,1415.5,Automatic,Bensin,Liquid-cooled,46.2,570598.0,10533.0,2025,9.0,Boros
Roda2,Matic,125.5,1,10.6,105.6,CVT,Bensin,Air-cooled,61.3,204221.0,10011.0,2025,48.58,Hemat
Roda2,Sport Besar,519.7,4,58.4,211.8,Manual,Bensin,Liquid-cooled,69.0,124041.0,13499.0,2020,16.0,Boros
Roda4,City Car,1105.7,4,76.2,862.5,Manual,Bensin,Liquid-cooled,45.6,599950.0,11348.0,2024,17.08,Hemat
Roda2,Bebek,127.1,1,9.1,102.6,Manual,Bensin,Air-cooled,44.2,83336.0,10946.0,2018,42.0,Boros
Roda2,Bebek,119.8,1,8.1,97.7,Manual,Bensin,Air-cooled,21.3,260382.0,13301.0,2018,42.36,Boros
Roda2,Bebek,128.2,1,9.7,100.5,Manual,Bensin,Air-cooled,64.6,125906.0,11216.0,2020,42.0,Boros
Roda2,Sport,156.0,1,17.1,127.6,Manual,Bensin,Liquid-cooled,35.4,124830.0,12475.0,2022,34.24,Hemat
Roda2,Matic,119.6,1,11.1,103.2,CVT,Bensin,Air-cooled,22.9,118301.0,11595.0,2026,54.34,Hemat
Roda4,SUV,1791.3,4,132.6,1396.1,DCT,Diesel,Liquid-cooled,73.3,598114.0,9534.0,2026,9.82,Boros
Roda4,SUV,1780.9,4,127.5,1432.1,Manual,Diesel,Liquid-cooled,58.8,301653.0,12910.0,2024,11.25,Hemat
Roda4,SUV,1748.0,4,111.1,1365.0,Automatic,Hybrid,Liquid-cooled,17.9,283727.0,14473.0,2025,11.36,Hemat
Roda4,City Car,1175.8,3,83.2,903.3,Automatic,Bensin,Liquid-cooled,62.3,520022.0,13653.0,2016,13.0,Boros
Roda2,Sport,230.4,1,26.1,156.1,Manual,Bensin,Liquid-cooled,23.7,276966.0,13631.0,2023,28.0,Boros
Roda4,SUV,1763.8,4,120.3,1359.1,Manual,Hybrid,Liquid-cooled,70.1,245521.0,14214.0,2019,12.26,Hemat
Roda2,Matic,111.7,1,10.6,95.0,CVT,Bensin,Air-cooled,10.0,176616.0,13605.0,2020,51.47,Hemat
Roda2,Bebek,145.6,1,11.5,109.7,Manual,Bensin,Air-cooled,72.3,200134.0,12067.0,2024,42.0,Boros
Roda2,Sport,175.8,2,17.9,134.9,Manual,Bensin,Liquid-cooled,36.2,210138.0,11900.0,2022,28.0,Boros
Roda4,City Car,1013.4,3,65.0,800.0,CVT,Bensin,Liquid-cooled,90.2,457045.0,13394.0,2019,18.63,Hemat
Roda2,Sport Besar,639.6,3,65.4,250.0,Manual,Bensin,Liquid-cooled,62.4,133889.0,11514.0,2023,16.0,Boros
Roda4,MPV,1523.5,4,109.8,1274.5,CVT,Diesel,Liquid-cooled,70.8,241561.0,9023.0,2023,12.99,Hemat
Roda4,City Car,1291.2,3,89.1,992.5,Manual,Bensin,Liquid-cooled,75.3,481668.0,10262.0,2020,13.81,Boros
Roda2,Sport,230.3,1,27.1,160.9,Manual,Bensin,Liquid-cooled,63.3,107779.0,13769.0,2019,28.0,Boros
Roda4,City Car,1272.4,3,86.9,982.1,Manual,Bensin,Liquid-cooled,21.8,109188.0,11669.0,2015,13.0,Boros
Roda2,Matic,143.7,1,14.6,115.7,CVT,Bensin,Liquid-cooled,27.6,201051.0,13431.0,2024,35.0,Boros
Roda4,City Car,1177.2,4,81.8,898.4,CVT,Bensin,Liquid-cooled,66.7,107625.0,13090.0,2020,15.04,Hemat
Roda4,MPV,1306.4,4,85.4,1100.0,CVT,Diesel,Liquid-cooled,53.9,454902.0,13156.0,2015,16.21,Hemat
Roda4,MPV,1763.9,4,130.0,1495.2,Automatic,Bensin,Liquid-cooled,75.9,190696.0,10028.0,2023,9.0,Boros
Roda4,MPV,1688.9,4,123.2,1352.6,Automatic,Diesel,Liquid-cooled,35.5,313979.0,10784.0,2024,9.99,Boros
Roda4,MPV,1658.8,4,116.7,1341.6,Manual,Diesel,Liquid-cooled,75.8,216675.0,11183.0,2026,9.72,Boros
Roda2,Sport Besar,310.8,2,29.5,175.7,Manual,Bensin,Liquid-cooled,78.8,52603.0,10200.0,2022,21.76,Boros
Roda2,Sport,229.5,1,27.3,156.1,Manual,Bensin,Liquid-cooled,75.0,195614.0,13036.0,2015,28.0,Boros
Roda4,MPV,1684.9,4,122.5,1342.2,Automatic,Diesel,Liquid-cooled,28.9,179488.0,8043.0,2025,9.21,Boros
Roda4,City Car,1074.1,3,70.3,862.5,CVT,Bensin,Liquid-cooled,87.7,116049.0,13761.0,2022,15.12,Hemat
Roda2,Matic,148.5,1,14.4,119.7,CVT,Bensin,Liquid-cooled,72.8,124978.0,10709.0,2022,35.0,Boros
Roda2,Sport,177.9,2,17.7,128.3,Manual,Bensin,Liquid-cooled,46.5,251637.0,10016.0,2019,32.54,Boros
Roda2,Sport Besar,307.6,4,32.3,171.8,Manual,Bensin,Liquid-cooled,64.3,294447.0,12998.0,2022,22.3,Hemat
Roda4,SUV,1756.0,4,121.3,1413.5,Automatic,Hybrid,Liquid-cooled,30.2,501206.0,13933.0,2021,10.23,Boros
Roda4,SUV,1781.2,4,120.2,1387.5,DCT,Hybrid,Liquid-cooled,49.4,498316.0,13975.0,2024,11.5,Hemat
Roda2,Matic,116.0,1,9.0,98.1,CVT,Bensin,Liquid-cooled,46.9,184857.0,13357.0,2024,51.71,Hemat
Roda2,Matic,152.8,1,15.1,114.8,CVT,Bensin,Liquid-cooled,17.4,173195.0,10627.0,2020,35.0,Boros
Roda2,Sport Besar,372.9,2,39.7,187.5,Manual,Bensin,Liquid-cooled,46.3,251176.0,12749.0,2019,20.97,Boros
Roda4,MPV,1510.1,4,112.8,1259.3,Automatic,Diesel,Liquid-cooled,32.9,487392.0,11743.0,2015,10.88,Boros
Roda2,Matic,111.7,1,9.3,95.0,CVT,Bensin,Air-cooled,20.1,223815.0,10554.0,2019,48.31,Hemat
Roda4,City Car,1363.3,3,91.1,1090.5,Manual,Bensin,Liquid-cooled,71.6,166515.0,12026.0,2023,13.0,Boros
Roda4,MPV,1613.1,4,111.8,1344.4,Manual,Bensin,Liquid-cooled,97.6,524252.0,10886.0,2026,9.0,Boros
Roda4,MPV,1469.2,4,92.6,1214.2,CVT,Diesel,Liquid-cooled,58.8,362822.0,7514.0,2020,13.95,Hemat
Roda2,Bebek,139.4,1,11.4,106.6,Manual,Bensin,Air-cooled,39.1,261818.0,13519.0,2025,42.0,Boros
Roda2,Sport,233.1,1,28.0,156.4,Manual,Bensin,Liquid-cooled,15.9,152141.0,13201.0,2023,28.0,Boros
Roda2,Sport,162.3,2,18.6,125.9,Manual,Bensin,Liquid-cooled,13.0,74663.0,12032.0,2016,31.76,Boros
Roda4,City Car,1067.9,4,72.0,861.5,CVT,Bensin,Liquid-cooled,96.0,123629.0,10940.0,2017,15.64,Hemat
Roda2,Matic,152.3,1,15.1,120.7,CVT,Bensin,Liquid-cooled,13.2,89457.0,10535.0,2016,35.0,Boros
Roda2,Matic,131.0,1,11.9,105.0,CVT,Bensin,Air-cooled,67.2,265252.0,12401.0,2025,43.66,Hemat
Roda2,Sport,195.0,2,21.7,148.4,Manual,Bensin,Liquid-cooled,57.3,292850.0,11984.0,2016,28.0,Boros
Roda2,Matic,144.1,1,13.7,117.2,CVT,Bensin,Liquid-cooled,34.2,240318.0,13722.0,2021,35.0,Boros
Roda2,Sport,223.6,2,25.4,165.8,Manual,Bensin,Liquid-cooled,35.7,99005.0,10969.0,2016,28.0,Boros
Roda2,Sport Besar,456.2,3,45.9,210.3,Manual,Bensin,Liquid-cooled,18.5,284207.0,12251.0,2015,16.0,Boros
Roda4,SUV,1966.0,4,145.6,1595.8,CVT,Hybrid,Liquid-cooled,97.7,408597.0,14408.0,2023,8.2,Boros
Roda2,Sport Besar,447.8,2,42.5,212.6,Manual,Bensin,Liquid-cooled,66.9,173447.0,13345.0,2019,16.82,Boros
Roda4,SUV,1753.1,4,124.4,1403.8,Manual,Diesel,Liquid-cooled,61.6,351465.0,8834.0,2018,11.04,Hemat
Roda4,SUV,1568.7,4,104.5,1293.4,CVT,Bensin,Liquid-cooled,41.9,448186.0,11429.0,2026,11.41,Hemat
Roda4,MPV,1697.8,4,122.8,1437.2,CVT,Diesel,Liquid-cooled,48.8,332724.0,11515.0,2021,11.05,Boros
Roda4,SUV,1709.0,4,120.5,1281.5,Manual,Diesel,Liquid-cooled,76.0,255738.0,10858.0,2018,13.85,Hemat
Roda4,MPV,1372.3,4,92.1,1144.1,CVT,Bensin,Liquid-cooled,33.5,435013.0,10226.0,2019,12.88,Hemat
Roda2,Matic,151.4,1,15.0,122.5,CVT,Bensin,Liquid-cooled,60.6,133027.0,12610.0,2017,35.0,Boros
Roda4,City Car,1082.9,3,71.1,874.7,CVT,Bensin,Liquid-cooled,16.5,198124.0,10010.0,2019,16.27,Hemat
Roda4,SUV,1775.0,4,124.0,1409.0,CVT,Bensin,Liquid-cooled,59.5,477438.0,12857.0,2025,9.86,Boros
Roda4,MPV,1460.0,4,100.6,1190.7,Manual,Bensin,Liquid-cooled,34.9,555979.0,11151.0,2021,12.95,Hemat
Roda2,Matic,156.6,1,15.6,125.0,CVT,Bensin,Air-cooled,36.0,202433.0,11070.0,2024,35.0,Boros
Roda4,City Car,1444.0,3,99.9,1080.8,CVT,Bensin,Liquid-cooled,94.4,141594.0,10424.0,2018,13.0,Boros
Roda4,MPV,1535.8,4,106.5,1296.8,Automatic,Bensin,Liquid-cooled,59.4,128110.0,12595.0,2015,9.58,Boros
Roda2,Sport,212.9,2,23.9,154.1,Manual,Bensin,Liquid-cooled,16.6,261400.0,10221.0,2022,28.0,Boros
Roda4,SUV,1719.9,4,127.2,1343.1,DCT,Bensin,Liquid-cooled,68.8,102114.0,12011.0,2024,9.94,Boros
Roda2,Matic,150.8,1,14.9,116.3,CVT,Bensin,Liquid-cooled,14.5,116733.0,11525.0,2018,35.0,Boros
Roda2,Sport,214.6,1,26.3,159.8,Manual,Bensin,Liquid-cooled,17.8,252395.0,12966.0,2015,28.0,Boros
Roda4,MPV,1566.3,4,116.6,1303.0,Manual,Bensin,Liquid-cooled,41.6,162770.0,10567.0,2026,9.88,Boros
Roda4,SUV,1719.5,4,116.0,1332.0,CVT,Hybrid,Liquid-cooled,81.8,330947.0,14163.0,2017,12.73,Hemat
Roda2,Sport,181.5,1,17.6,143.3,Manual,Bensin,Liquid-cooled,11.4,168228.0,12998.0,2019,29.88,Boros
Roda4,MPV,1652.8,4,118.2,1325.5,Automatic,Diesel,Liquid-cooled,28.9,213681.0,7797.0,2023,10.83,Boros
Roda4,MPV,1558.2,4,111.9,1308.7,Manual,Bensin,Liquid-cooled,25.5,257442.0,12920.0,2017,9.0,Boros
Roda2,Matic,154.5,1,14.9,121.2,CVT,Bensin,Liquid-cooled,55.7,143103.0,11294.0,2018,35.0,Boros
Roda4,MPV,1463.1,4,102.3,1219.0,CVT,Diesel,Liquid-cooled,59.9,217653.0,11264.0,2018,12.96,Hemat
Roda2,Sport Besar,485.3,3,54.3,219.5,Manual,Bensin,Liquid-cooled,38.2,55340.0,12380.0,2018,17.05,Boros
Roda4,MPV,1478.9,4,98.7,1243.2,Manual,Diesel,Liquid-cooled,42.0,218227.0,7549.0,2023,11.21,Boros
Roda4,SUV,1785.6,4,122.0,1433.8,Automatic,Diesel,Liquid-cooled,36.7,280909.0,11649.0,2015,8.2,Boros
Roda4,City Car,1283.1,4,84.3,997.6,Manual,Bensin,Liquid-cooled,32.6,304351.0,12010.0,2025,13.0,Boros
Roda2,Sport Besar,307.3,3,31.1,165.7,Manual,Bensin,Liquid-cooled,72.3,135582.0,13125.0,2021,25.19,Hemat
Roda2,Sport,176.1,2,19.0,137.7,Manual,Bensin,Liquid-cooled,57.3,187841.0,10539.0,2015,30.61,Boros
Roda4,SUV,1824.7,4,127.9,1399.3,CVT,Hybrid,Liquid-cooled,72.5,406879.0,14283.0,2021,12.37,Hemat
Roda4,MPV,1491.7,4,97.5,1273.4,Manual,Bensin,Liquid-cooled,74.3,309319.0,12695.0,2018,10.89,Boros
Roda2,Sport Besar,334.2,3,33.1,169.6,Manual,Bensin,Liquid-cooled,77.0,61885.0,11565.0,2015,22.08,Hemat
Roda2,Matic,134.9,1,13.1,114.1,CVT,Bensin,Liquid-cooled,28.9,254830.0,12772.0,2025,35.0,Boros
Roda4,City Car,1427.6,4,94.1,1100.0,CVT,Bensin,Liquid-cooled,56.6,288381.0,11328.0,2021,13.0,Boros
Roda2,Sport Besar,262.7,4,33.2,167.6,Manual,Bensin,Liquid-cooled,11.9,79132.0,12850.0,2022,23.08,Hemat
Roda2,Matic,123.6,1,10.4,100.3,CVT,Bensin,Liquid-cooled,15.0,71752.0,12573.0,2023,47.61,Hemat
Roda4,SUV,1567.1,4,111.8,1295.6,CVT,Bensin,Liquid-cooled,79.4,264791.0,12213.0,2019,11.54,Hemat
Roda4,SUV,1738.6,4,119.9,1342.9,DCT,Bensin,Liquid-cooled,84.8,478409.0,10021.0,2017,8.52,Boros
Roda2,Bebek,110.1,1,8.0,93.7,Manual,Bensin,Air-cooled,51.8,270224.0,10193.0,2022,51.26,Hemat
Roda2,Matic,118.5,1,10.1,98.9,CVT,Bensin,Air-cooled,40.0,256051.0,12988.0,2018,51.87,Hemat
Roda4,City Car,1349.5,3,93.0,1016.5,Manual,Bensin,Liquid-cooled,36.7,347050.0,12048.0,2023,13.0,Boros
Roda4,City Car,1344.0,3,95.9,996.3,Manual,Bensin,Liquid-cooled,79.3,441002.0,10413.0,2024,13.0,Boros
Roda4,MPV,1447.8,4,97.4,1260.4,Automatic,Bensin,Liquid-cooled,39.3,345776.0,11465.0,2015,10.49,Boros
Roda2,Sport Besar,628.6,3,68.6,250.0,Manual,Bensin,Liquid-cooled,10.1,157379.0,12479.0,2023,16.0,Boros
Roda4,City Car,1337.9,3,97.5,1012.5,Automatic,Bensin,Liquid-cooled,41.0,376902.0,11817.0,2022,13.0,Boros
Roda4,City Car,1199.7,4,82.4,913.1,Manual,Bensin,Liquid-cooled,16.7,421451.0,10596.0,2022,13.43,Boros
Roda2,Sport Besar,500.2,2,51.5,218.8,Manual,Bensin,Liquid-cooled,62.2,178562.0,10307.0,2021,16.0,Boros
Roda2,Bebek,140.1,1,10.8,104.7,Manual,Bensin,Air-cooled,67.1,269363.0,13015.0,2021,42.0,Boros
Roda4,MPV,1303.1,4,92.3,1100.0,Manual,Bensin,Liquid-cooled,58.3,108649.0,10267.0,2025,13.01,Hemat
Roda4,MPV,1527.1,4,101.0,1330.8,Automatic,Diesel,Liquid-cooled,64.0,252938.0,9791.0,2026,10.43,Boros
Roda2,Sport,233.5,2,26.8,163.2,Manual,Bensin,Liquid-cooled,27.9,284044.0,11175.0,2019,28.0,Boros
Roda2,Bebek,129.9,1,10.3,101.8,Manual,Bensin,Air-cooled,52.4,105122.0,12440.0,2021,42.0,Boros
Roda4,City Car,1176.3,3,80.0,899.1,CVT,Bensin,Liquid-cooled,23.4,259039.0,10907.0,2025,16.96,Hemat
Roda2,Matic,142.3,1,12.3,112.2,CVT,Bensin,Air-cooled,17.9,122806.0,12395.0,2024,36.0,Boros
Roda2,Matic,157.0,1,14.5,124.5,CVT,Bensin,Liquid-cooled,79.8,191512.0,10173.0,2020,35.0,Boros
Roda2,Matic,153.9,1,15.9,117.4,CVT,Bensin,Liquid-cooled,68.9,195856.0,10240.0,2020,35.0,Boros
Roda2,Matic,135.3,1,13.2,107.5,CVT,Bensin,Liquid-cooled,38.1,68814.0,12126.0,2022,39.42,Boros
Roda2,Matic,147.7,1,14.5,119.4,CVT,Bensin,Air-cooled,68.6,53891.0,12519.0,2022,35.0,Boros
Roda2,Sport,188.2,2,20.9,145.1,Manual,Bensin,Liquid-cooled,77.8,249763.0,13717.0,2018,28.88,Boros
Roda4,MPV,1639.2,4,112.9,1336.4,Manual,Bensin,Liquid-cooled,16.4,241870.0,13450.0,2024,9.0,Boros
Roda2,Bebek,103.9,1,7.9,90.4,Manual,Bensin,Air-cooled,19.6,287559.0,11739.0,2015,52.6,Hemat
Roda2,Bebek,125.0,1,10.0,97.2,Manual,Bensin,Air-cooled,75.0,66407.0,12143.0,2016,46.6,Boros
Roda4,SUV,1509.2,4,100.0,1206.3,DCT,Bensin,Liquid-cooled,86.3,450947.0,11536.0,2020,13.86,Hemat
Roda4,MPV,1709.6,4,111.6,1435.0,Manual,Diesel,Liquid-cooled,20.9,340214.0,13025.0,2016,9.0,Boros
Roda4,MPV,1732.8,4,123.5,1456.8,CVT,Diesel,Liquid-cooled,84.5,524524.0,8099.0,2025,10.72,Boros
Roda2,Sport Besar,294.0,2,27.7,171.2,Manual,Bensin,Liquid-cooled,27.2,193166.0,13433.0,2021,25.56,Hemat
Roda4,MPV,1737.5,4,124.0,1462.7,Manual,Diesel,Liquid-cooled,61.9,204939.0,7827.0,2023,9.02,Boros
Roda2,Matic,136.1,1,12.5,110.7,CVT,Bensin,Air-cooled,40.3,171046.0,12528.0,2018,35.0,Boros
Roda2,Bebek,101.7,1,7.2,90.0,Manual,Bensin,Air-cooled,78.0,286067.0,11849.0,2022,60.94,Hemat
Roda4,City Car,1231.6,4,82.7,1016.3,Manual,Bensin,Liquid-cooled,23.8,541559.0,10535.0,2023,13.83,Boros
Roda4,SUV,1729.1,4,126.7,1421.1,DCT,Hybrid,Liquid-cooled,45.5,380055.0,14269.0,2015,10.55,Boros
Roda4,SUV,1932.9,4,149.1,1568.1,DCT,Diesel,Liquid-cooled,31.6,138505.0,9200.0,2016,8.0,Boros
Roda4,SUV,1934.3,4,145.3,1570.8,Manual,Hybrid,Liquid-cooled,63.8,318232.0,14141.0,2017,8.0,Boros
Roda2,Bebek,128.6,1,9.8,103.5,Manual,Bensin,Air-cooled,74.8,214998.0,11516.0,2020,42.0,Boros
Roda4,City Car,1181.0,4,77.8,952.8,Automatic,Bensin,Liquid-cooled,35.4,480770.0,13231.0,2021,13.0,Boros
Roda4,City Car,1178.7,3,75.1,873.4,CVT,Bensin,Liquid-cooled,15.5,474542.0,13161.0,2024,16.37,Hemat
Roda4,SUV,1501.4,4,107.7,1230.9,DCT,Diesel,Liquid-cooled,25.5,102435.0,12360.0,2016,12.65,Hemat
Roda4,SUV,1552.6,4,108.4,1279.0,Manual,Hybrid,Liquid-cooled,57.0,147274.0,14264.0,2024,14.17,Hemat
Roda4,SUV,1930.0,4,134.3,1523.5,Manual,Diesel,Liquid-cooled,48.9,323045.0,10557.0,2026,9.6,Boros
Roda4,SUV,1507.1,4,108.5,1272.1,Manual,Bensin,Liquid-cooled,35.4,299366.0,11980.0,2022,11.53,Hemat
Roda4,City Car,1481.9,4,100.9,1100.0,Manual,Bensin,Liquid-cooled,95.7,411235.0,10234.0,2019,13.0,Boros
Roda4,SUV,1983.8,4,135.4,1594.8,Manual,Diesel,Liquid-cooled,72.8,389457.0,10037.0,2023,8.0,Boros
Roda2,Matic,133.4,1,11.2,110.2,CVT,Bensin,Liquid-cooled,66.6,250091.0,11782.0,2017,35.36,Boros
Roda2,Matic,135.3,1,13.7,111.5,CVT,Bensin,Air-cooled,60.6,118510.0,13299.0,2017,35.0,Boros
Roda4,City Car,1118.7,3,72.5,835.9,CVT,Bensin,Liquid-cooled,84.2,575396.0,11575.0,2018,17.78,Hemat
Roda4,MPV,1409.9,4,99.5,1281.8,CVT,Diesel,Liquid-cooled,59.9,272573.0,12634.0,2026,15.19,Hemat
Roda4,MPV,1497.5,4,103.6,1264.8,CVT,Bensin,Liquid-cooled,78.7,256580.0,13611.0,2022,12.89,Hemat
Roda2,Bebek,103.3,1,7.0,93.2,Manual,Bensin,Air-cooled,26.2,110256.0,12665.0,2019,58.99,Hemat
Roda2,Sport,232.1,2,26.1,163.8,Manual,Bensin,Liquid-cooled,59.0,57500.0,13066.0,2023,28.0,Boros
Roda4,MPV,1376.5,4,92.8,1162.9,Manual,Bensin,Liquid-cooled,53.6,162727.0,12049.0,2025,12.79,Hemat
Roda2,Sport Besar,289.6,2,26.1,161.8,Manual,Bensin,Liquid-cooled,71.6,123998.0,10337.0,2020,24.18,Hemat
Roda4,MPV,1692.9,4,119.7,1441.6,Manual,Diesel,Liquid-cooled,31.4,232096.0,9666.0,2018,10.09,Boros
Roda4,SUV,1565.6,4,102.6,1296.1,Automatic,Diesel,Liquid-cooled,53.9,235670.0,7165.0,2026,13.1,Hemat
Roda2,Sport,178.6,2,18.3,140.6,Manual,Bensin,Liquid-cooled,75.0,93719.0,13443.0,2023,28.0,Boros
Roda2,Sport,188.8,1,20.5,137.2,Manual,Bensin,Liquid-cooled,34.2,71384.0,11156.0,2016,28.0,Boros
Roda4,SUV,1636.8,4,108.5,1275.9,CVT,Diesel,Liquid-cooled,56.1,445305.0,9460.0,2023,13.73,Hemat
Roda4,MPV,1783.4,4,123.6,1450.9,Automatic,Bensin,Liquid-cooled,51.7,276944.0,10644.0,2024,9.0,Boros
Roda4,City Car,1436.6,3,96.1,1032.9,CVT,Bensin,Liquid-cooled,76.1,389864.0,12450.0,2022,13.0,Boros
Roda4,City Car,1313.0,4,86.3,987.7,Automatic,Bensin,Liquid-cooled,24.0,281518.0,11029.0,2021,13.0,Boros
Roda4,City Car,1258.5,4,87.6,952.4,CVT,Bensin,Liquid-cooled,90.1,136854.0,11385.0,2019,13.1,Boros
Roda2,Matic,142.6,1,13.7,110.5,CVT,Bensin,Liquid-cooled,48.3,288393.0,10714.0,2020,35.0,Boros
Roda4,MPV,1357.3,4,93.6,1125.2,CVT,Diesel,Liquid-cooled,41.7,523767.0,12389.0,2017,15.04,Hemat
Roda4,SUV,1732.7,4,120.8,1303.1,DCT,Bensin,Liquid-cooled,61.9,307534.0,12668.0,2019,9.18,Boros
Roda4,MPV,1315.7,4,87.3,1112.3,Automatic,Bensin,Liquid-cooled,65.4,560463.0,12105.0,2016,12.31,Hemat
Roda4,MPV,1662.4,4,121.2,1367.7,CVT,Diesel,Liquid-cooled,36.4,442684.0,8736.0,2025,12.53,Hemat
Roda2,Matic,159.1,1,16.0,121.4,CVT,Bensin,Liquid-cooled,47.9,218797.0,12470.0,2018,35.0,Boros
Roda2,Sport Besar,505.6,2,59.0,213.2,Manual,Bensin,Liquid-cooled,60.9,131291.0,10220.0,2018,16.0,Boros
Roda2,Bebek,121.3,1,9.2,98.9,Manual,Bensin,Air-cooled,55.0,200236.0,12715.0,2017,46.82,Boros
Roda2,Sport Besar,489.0,4,55.2,205.3,Manual,Bensin,Liquid-cooled,13.8,207035.0,11625.0,2016,16.0,Boros
Roda2,Sport Besar,311.5,3,34.1,168.4,Manual,Bensin,Liquid-cooled,37.9,120788.0,10038.0,2017,20.87,Boros
Roda4,City Car,1473.7,4,104.2,1091.8,Manual,Bensin,Liquid-cooled,72.7,464740.0,10987.0,2019,13.0,Boros
Roda2,Matic,113.6,1,9.0,99.8,CVT,Bensin,Air-cooled,12.2,291716.0,12054.0,2015,43.42,Hemat
Roda2,Matic,152.6,1,15.5,119.4,CVT,Bensin,Air-cooled,61.9,224152.0,13653.0,2024,35.0,Boros
Roda2,Sport,214.1,2,23.3,156.4,Manual,Bensin,Liquid-cooled,24.4,215451.0,13775.0,2020,28.0,Boros
Roda4,MPV,1702.9,4,124.2,1479.4,Manual,Diesel,Liquid-cooled,48.5,283717.0,11301.0,2021,9.0,Boros
Roda4,City Car,1260.6,4,82.7,939.4,Automatic,Bensin,Liquid-cooled,50.9,131081.0,13342.0,2021,13.65,Boros
Roda4,MPV,1460.2,4,89.0,1196.2,CVT,Bensin,Liquid-cooled,66.2,586639.0,10990.0,2016,12.6,Hemat
Roda2,Matic,125.5,1,9.7,101.6,CVT,Bensin,Air-cooled,60.3,174193.0,10161.0,2019,43.38,Hemat
Roda4,SUV,1720.2,4,126.4,1414.6,Manual,Bensin,Liquid-cooled,28.3,548552.0,11074.0,2018,8.0,Boros
Roda4,MPV,1436.3,4,99.0,1230.0,Manual,Diesel,Liquid-cooled,80.4,280383.0,13161.0,2022,14.45,Hemat
Roda2,Matic,146.4,1,13.4,115.2,CVT,Bensin,Liquid-cooled,48.0,115016.0,12292.0,2023,35.0,Boros
Roda2,Sport,242.7,2,28.7,163.3,Manual,Bensin,Liquid-cooled,44.9,96288.0,11820.0,2017,28.0,Boros
Roda4,City Car,1495.6,4,104.4,1100.0,Manual,Bensin,Liquid-cooled,54.0,402857.0,13668.0,2026,13.0,Boros
Roda4,SUV,1619.9,4,107.9,1213.7,DCT,Hybrid,Liquid-cooled,41.7,406386.0,13987.0,2022,16.0,Hemat
Roda4,City Car,1379.3,3,97.4,977.5,Manual,Bensin,Liquid-cooled,56.7,148266.0,13582.0,2025,13.0,Boros
Roda2,Sport,229.3,2,25.1,160.0,Manual,Bensin,Liquid-cooled,69.3,192757.0,12471.0,2020,28.0,Boros
Roda4,City Car,1436.3,3,103.9,1027.1,Automatic,Bensin,Liquid-cooled,32.4,319196.0,11730.0,2017,13.0,Boros
Roda4,City Car,1480.1,4,105.0,1100.0,Automatic,Bensin,Liquid-cooled,51.8,424050.0,13130.0,2019,13.0,Boros
Roda4,City Car,1022.5,3,65.0,826.0,CVT,Bensin,Liquid-cooled,38.5,218050.0,10146.0,2025,20.01,Hemat
Roda2,Sport,231.1,2,28.0,159.5,Manual,Bensin,Liquid-cooled,79.6,95047.0,13497.0,2020,28.0,Boros
Roda4,MPV,1681.2,4,123.6,1454.0,CVT,Bensin,Liquid-cooled,99.2,499607.0,11845.0,2022,9.0,Boros
Roda4,SUV,1891.6,4,132.4,1578.2,CVT,Hybrid,Liquid-cooled,40.9,453777.0,14215.0,2019,9.93,Boros
Roda2,Bebek,143.3,1,11.4,106.6,Manual,Bensin,Air-cooled,55.7,164911.0,12635.0,2016,42.0,Boros
Roda2,Sport,158.1,2,16.4,124.9,Manual,Bensin,Liquid-cooled,20.4,298391.0,12513.0,2025,39.85,Hemat
Roda4,MPV,1516.4,4,99.4,1195.7,CVT,Diesel,Liquid-cooled,94.6,220864.0,8723.0,2015,14.26,Hemat
Roda2,Matic,145.1,1,15.0,116.3,CVT,Bensin,Liquid-cooled,53.3,135404.0,10113.0,2021,35.67,Boros
Roda4,MPV,1667.2,4,106.3,1360.4,Automatic,Diesel,Liquid-cooled,38.8,416616.0,11533.0,2016,9.0,Boros
Roda2,Bebek,131.9,1,10.0,102.0,Manual,Bensin,Air-cooled,10.1,275806.0,10096.0,2019,42.0,Boros
Roda2,Sport,248.9,1,29.9,159.1,Manual,Bensin,Liquid-cooled,55.0,176596.0,13733.0,2015,28.0,Boros
Roda4,MPV,1666.3,4,116.3,1468.5,Manual,Diesel,Liquid-cooled,86.0,338561.0,9050.0,2020,10.69,Boros
Roda4,MPV,1427.4,4,97.5,1211.3,Manual,Diesel,Liquid-cooled,53.3,534253.0,8554.0,2026,14.24,Hemat
Roda4,SUV,1670.0,4,111.6,1307.9,DCT,Bensin,Liquid-cooled,40.3,425131.0,11627.0,2018,10.3,Boros
Roda4,SUV,1574.2,4,100.0,1292.9,DCT,Diesel,Liquid-cooled,94.5,474835.0,12351.0,2015,11.77,Hemat
Roda4,City Car,1100.9,3,75.9,899.7,Manual,Bensin,Liquid-cooled,58.8,597335.0,13067.0,2019,14.59,Boros
Roda2,Sport Besar,281.2,4,30.3,176.1,Manual,Bensin,Liquid-cooled,48.3,243447.0,11543.0,2022,18.95,Boros
Roda2,Bebek,111.3,1,8.9,96.2,Manual,Bensin,Air-cooled,28.7,152650.0,13505.0,2022,49.84,Hemat
Roda4,City Car,1344.2,3,95.5,973.3,Manual,Bensin,Liquid-cooled,78.5,404574.0,10931.0,2020,13.0,Boros
Roda2,Matic,142.7,1,13.2,114.2,CVT,Bensin,Air-cooled,23.5,184270.0,13313.0,2019,35.0,Boros
Roda2,Sport,168.3,1,18.4,130.8,Manual,Bensin,Liquid-cooled,28.2,148305.0,11969.0,2016,32.64,Boros
Roda2,Bebek,143.6,1,10.8,106.4,Manual,Bensin,Air-cooled,40.4,60915.0,10631.0,2021,42.0,Boros
Roda2,Sport,223.7,1,24.3,152.1,Manual,Bensin,Liquid-cooled,71.6,237339.0,12975.0,2026,28.0,Boros
Roda2,Matic,120.1,1,11.9,103.1,CVT,Bensin,Air-cooled,38.5,107019.0,10614.0,2021,46.03,Hemat
Roda2,Sport,182.8,2,22.3,140.2,Manual,Bensin,Liquid-cooled,22.4,291056.0,10420.0,2025,28.0,Boros
Roda4,SUV,1769.0,4,127.1,1395.6,DCT,Bensin,Liquid-cooled,76.4,479662.0,10375.0,2022,8.27,Boros
Roda4,SUV,1665.1,4,113.1,1299.6,CVT,Bensin,Liquid-cooled,88.1,440797.0,11053.0,2020,9.11,Boros
Roda4,City Car,1079.6,4,72.1,802.5,CVT,Bensin,Liquid-cooled,40.6,528158.0,13072.0,2021,18.39,Hemat
Roda4,City Car,1213.8,3,85.9,878.3,CVT,Bensin,Liquid-cooled,73.2,410717.0,12956.0,2016,13.0,Boros
Roda2,Sport,245.0,1,28.2,168.5,Manual,Bensin,Liquid-cooled,66.7,143449.0,12735.0,2019,28.0,Boros
Roda2,Matic,125.6,1,12.3,106.3,CVT,Bensin,Liquid-cooled,57.6,105363.0,10005.0,2024,43.35,Hemat
Roda4,MPV,1438.1,4,99.2,1235.7,Automatic,Diesel,Liquid-cooled,39.6,313332.0,12209.0,2020,13.36,Hemat
Roda2,Bebek,104.4,1,7.0,90.0,Manual,Bensin,Air-cooled,76.6,102474.0,11018.0,2021,47.72,Boros
Roda4,SUV,1629.9,4,126.6,1299.8,Manual,Diesel,Liquid-cooled,36.8,434925.0,9861.0,2019,10.82,Boros
Roda4,MPV,1493.0,4,104.6,1306.2,CVT,Diesel,Liquid-cooled,90.3,531128.0,10430.0,2025,12.37,Hemat
Roda2,Matic,125.0,1,12.0,107.2,CVT,Bensin,Liquid-cooled,25.4,127559.0,10277.0,2020,43.87,Hemat
Roda2,Matic,153.3,1,15.9,119.6,CVT,Bensin,Air-cooled,72.0,212710.0,10562.0,2025,35.0,Boros
Roda2,Bebek,130.4,1,10.3,99.0,Manual,Bensin,Air-cooled,36.9,59183.0,13733.0,2016,42.0,Boros
Roda2,Sport Besar,309.1,2,34.6,168.7,Manual,Bensin,Liquid-cooled,16.7,185936.0,13356.0,2018,22.68,Hemat
Roda2,Sport Besar,597.2,2,65.7,249.0,Manual,Bensin,Liquid-cooled,47.2,219725.0,12202.0,2025,16.0,Boros
Roda4,SUV,1928.1,4,142.1,1465.5,Manual,Diesel,Liquid-cooled,31.8,220752.0,9599.0,2026,8.83,Boros
Roda4,MPV,1443.0,4,97.9,1188.7,Automatic,Bensin,Liquid-cooled,29.3,247905.0,13446.0,2022,9.85,Boros
Roda2,Sport,210.2,1,24.3,147.8,Manual,Bensin,Liquid-cooled,23.0,154240.0,11804.0,2022,28.0,Boros
Roda2,Matic,115.4,1,11.1,97.9,CVT,Bensin,Air-cooled,57.6,208789.0,13547.0,2019,48.01,Hemat
Roda2,Sport,171.2,1,18.5,123.8,Manual,Bensin,Liquid-cooled,21.5,134292.0,12360.0,2019,32.8,Boros
Roda2,Bebek,149.7,1,12.0,110.0,Manual,Bensin,Air-cooled,41.2,133392.0,12264.0,2016,42.0,Boros
Roda2,Matic,135.2,1,12.9,109.0,CVT,Bensin,Air-cooled,62.4,284087.0,12307.0,2024,38.43,Boros
Roda4,MPV,1307.3,4,87.0,1122.4,CVT,Bensin,Liquid-cooled,84.6,407212.0,11143.0,2016,15.97,Hemat
Roda2,Bebek,148.6,1,10.9,109.5,Manual,Bensin,Air-cooled,27.4,297003.0,11519.0,2019,42.0,Boros
Roda4,SUV,1554.6,4,107.6,1214.0,CVT,Hybrid,Liquid-cooled,93.6,197774.0,14117.0,2022,14.43,Hemat
Roda2,Bebek,112.5,1,8.7,94.2,Manual,Bensin,Air-cooled,17.2,237943.0,13534.0,2025,51.24,Hemat
Roda4,City Car,1145.3,3,79.3,881.3,CVT,Bensin,Liquid-cooled,48.6,458142.0,12266.0,2022,15.09,Hemat
Roda2,Bebek,142.1,1,11.4,106.6,Manual,Bensin,Air-cooled,15.1,150718.0,11152.0,2016,42.0,Boros
Roda4,SUV,1591.2,4,107.0,1283.5,DCT,Diesel,Liquid-cooled,23.3,139947.0,7234.0,2017,12.17,Hemat
Roda2,Sport Besar,534.4,3,63.3,212.5,Manual,Bensin,Liquid-cooled,66.9,214335.0,11711.0,2021,16.0,Boros
Roda4,SUV,1615.4,4,115.0,1300.8,Manual,Diesel,Liquid-cooled,85.3,590336.0,9454.0,2016,10.99,Boros
Roda2,Matic,159.8,1,16.0,125.0,CVT,Bensin,Liquid-cooled,75.4,260231.0,12510.0,2023,35.0,Boros
Roda4,SUV,1586.0,4,115.6,1202.3,Manual,Bensin,Liquid-cooled,47.6,376493.0,13317.0,2021,10.92,Boros
Roda4,SUV,1820.7,4,136.4,1520.1,Automatic,Bensin,Liquid-cooled,33.2,134272.0,12439.0,2026,8.0,Boros
Roda2,Sport,231.8,2,26.9,164.9,Manual,Bensin,Liquid-cooled,55.3,77798.0,13287.0,2024,28.0,Boros
Roda4,SUV,1887.9,4,146.6,1528.9,CVT,Bensin,Liquid-cooled,88.6,429983.0,12624.0,2021,8.0,Boros
Roda2,Matic,140.8,1,13.8,119.6,CVT,Bensin,Liquid-cooled,71.2,68889.0,10962.0,2022,35.0,Boros
Roda2,Sport,175.2,1,19.7,129.2,Manual,Bensin,Liquid-cooled,55.6,233190.0,10488.0,2025,31.49,Boros
Roda2,Matic,139.9,1,14.4,109.6,CVT,Bensin,Liquid-cooled,71.9,241839.0,12244.0,2016,35.0,Boros
Roda2,Matic,130.0,1,12.2,108.8,CVT,Bensin,Air-cooled,70.9,219598.0,12576.0,2024,42.01,Hemat
Roda4,SUV,1800.9,4,129.9,1430.0,Automatic,Hybrid,Liquid-cooled,69.6,132698.0,14495.0,2020,9.62,Boros
Roda2,Bebek,108.4,1,8.0,90.4,Manual,Bensin,Air-cooled,35.5,292946.0,13754.0,2018,52.56,Hemat
Roda2,Sport Besar,331.4,4,30.9,185.3,Manual,Bensin,Liquid-cooled,23.4,89537.0,13718.0,2017,24.46,Hemat
Roda4,SUV,1689.1,4,121.3,1343.6,CVT,Bensin,Liquid-cooled,69.4,216282.0,11406.0,2024,9.54,Boros
Roda4,City Car,1278.5,4,89.1,960.5,CVT,Bensin,Liquid-cooled,47.8,105424.0,13860.0,2020,13.38,Boros
Roda4,City Car,1011.4,4,72.4,800.0,CVT,Bensin,Liquid-cooled,51.4,307148.0,11806.0,2023,18.63,Hemat
Roda2,Matic,142.8,1,14.3,110.3,CVT,Bensin,Liquid-cooled,32.4,73380.0,11666.0,2024,35.0,Boros
Roda2,Sport,155.8,1,15.4,120.0,Manual,Bensin,Liquid-cooled,23.3,286666.0,12700.0,2016,36.09,Hemat
Roda4,SUV,1914.4,4,141.6,1501.3,CVT,Bensin,Liquid-cooled,53.8,360538.0,10580.0,2022,8.0,Boros
Roda4,MPV,1370.2,4,90.7,1125.1,Automatic,Bensin,Liquid-cooled,45.5,553576.0,13220.0,2015,10.34,Boros
Roda2,Matic,143.6,1,14.2,116.7,CVT,Bensin,Liquid-cooled,40.0,81678.0,12209.0,2020,37.57,Boros
Roda4,SUV,1934.9,4,150.0,1570.8,CVT,Hybrid,Liquid-cooled,53.6,192237.0,14493.0,2024,9.94,Boros
Roda4,MPV,1690.0,4,123.6,1456.9,Automatic,Diesel,Liquid-cooled,97.3,213566.0,7623.0,2025,9.79,Boros
Roda4,City Car,1495.8,3,105.0,1056.9,Manual,Bensin,Liquid-cooled,59.5,353372.0,12366.0,2018,13.0,Boros
Roda4,SUV,1682.7,4,124.2,1362.0,DCT,Hybrid,Liquid-cooled,50.5,464259.0,14174.0,2019,12.89,Hemat
Roda2,Bebek,119.4,1,8.7,99.7,Manual,Bensin,Air-cooled,14.5,194996.0,12190.0,2017,42.0,Boros
Roda4,MPV,1658.6,4,107.1,1390.1,CVT,Bensin,Liquid-cooled,82.6,513025.0,10855.0,2022,9.0,Boros
Roda2,Sport Besar,383.2,2,36.8,197.6,Manual,Bensin,Liquid-cooled,77.0,243860.0,10582.0,2015,18.02,Boros
Roda4,MPV,1602.4,4,110.7,1361.4,Automatic,Bensin,Liquid-cooled,88.6,425059.0,13383.0,2023,9.0,Boros
Roda2,Sport,238.1,1,27.1,168.5,Manual,Bensin,Liquid-cooled,49.5,151082.0,11911.0,2021,28.0,Boros
Roda2,Bebek,140.9,1,11.6,105.4,Manual,Bensin,Air-cooled,79.4,287849.0,10534.0,2020,42.0,Boros
Roda2,Sport Besar,495.8,3,45.5,212.4,Manual,Bensin,Liquid-cooled,26.2,123015.0,11667.0,2026,16.0,Boros
Roda4,MPV,1536.1,4,105.6,1269.0,Automatic,Diesel,Liquid-cooled,78.0,157205.0,8805.0,2015,11.51,Boros
Roda4,MPV,1355.9,4,89.7,1148.9,Manual,Diesel,Liquid-cooled,74.9,349481.0,12931.0,2017,15.18,Hemat
Roda2,Matic,140.8,1,12.9,113.1,CVT,Bensin,Air-cooled,76.8,279170.0,10910.0,2017,35.0,Boros
Roda4,SUV,1967.7,4,144.3,1579.1,Manual,Bensin,Liquid-cooled,92.8,139289.0,11289.0,2023,8.0,Boros
Roda2,Matic,135.4,1,13.9,108.4,CVT,Bensin,Liquid-cooled,44.7,92276.0,10492.0,2018,37.27,Boros
Roda2,Sport Besar,635.9,4,68.6,246.7,Manual,Bensin,Liquid-cooled,36.4,208910.0,11974.0,2018,16.0,Boros
Roda4,City Car,1167.9,3,79.0,883.3,Automatic,Bensin,Liquid-cooled,93.2,139517.0,12151.0,2018,13.96,Boros
Roda2,Matic,118.2,1,9.3,101.1,CVT,Bensin,Air-cooled,71.1,132345.0,12292.0,2021,47.27,Hemat
Roda4,SUV,1584.8,4,108.7,1291.3,Manual,Hybrid,Liquid-cooled,58.2,381864.0,14117.0,2021,12.72,Hemat
Roda2,Sport,220.1,1,25.9,151.0,Manual,Bensin,Liquid-cooled,42.8,257270.0,13048.0,2020,28.0,Boros
Roda4,SUV,1939.6,4,144.1,1512.0,Automatic,Bensin,Liquid-cooled,99.1,525900.0,13039.0,2018,8.0,Boros
Roda4,City Car,1393.9,3,97.5,1043.6,Manual,Bensin,Liquid-cooled,25.3,107768.0,12854.0,2015,13.0,Boros
Roda4,SUV,1627.1,4,107.8,1322.8,CVT,Hybrid,Liquid-cooled,35.3,546204.0,14474.0,2026,13.6,Hemat
Roda2,Matic,151.6,1,14.9,116.0,CVT,Bensin,Air-cooled,52.4,189441.0,12540.0,2024,35.0,Boros
Roda4,MPV,1381.1,4,90.2,1158.3,Manual,Bensin,Liquid-cooled,86.9,535452.0,10080.0,2021,13.19,Hemat
Roda4,MPV,1313.9,4,86.4,1100.0,Automatic,Bensin,Liquid-cooled,59.5,113331.0,12642.0,2017,14.46,Hemat
Roda4,SUV,1716.9,4,118.4,1380.9,DCT,Hybrid,Liquid-cooled,98.8,518321.0,14383.0,2025,12.65,Hemat
Roda2,Matic,129.7,1,11.9,104.6,CVT,Bensin,Liquid-cooled,43.0,269088.0,11731.0,2024,45.07,Hemat
Roda4,City Car,1125.9,4,69.1,821.1,Automatic,Bensin,Liquid-cooled,35.1,184063.0,11925.0,2017,16.19,Hemat
Roda4,SUV,1568.4,4,111.2,1274.4,Automatic,Hybrid,Liquid-cooled,99.6,578539.0,14294.0,2025,13.64,Hemat
Roda2,Matic,126.8,1,11.4,103.6,CVT,Bensin,Liquid-cooled,37.8,93527.0,11475.0,2017,42.71,Hemat
Roda4,SUV,1729.9,4,123.4,1334.3,CVT,Hybrid,Liquid-cooled,66.7,277179.0,14070.0,2026,12.68,Hemat
Roda4,SUV,1986.9,4,146.2,1599.9,Automatic,Diesel,Liquid-cooled,30.1,402437.0,11903.0,2024,8.0,Boros
Roda4,MPV,1618.7,4,107.7,1411.5,Automatic,Bensin,Liquid-cooled,63.9,104203.0,10650.0,2017,9.27,Boros
Roda2,Bebek,142.7,1,10.4,107.0,Manual,Bensin,Air-cooled,38.4,198230.0,12260.0,2026,42.0,Boros
Roda4,City Car,1050.7,3,68.6,834.9,Manual,Bensin,Liquid-cooled,58.4,205291.0,11341.0,2025,17.0,Hemat
Roda4,MPV,1340.2,4,85.0,1144.5,Manual,Bensin,Liquid-cooled,35.6,218949.0,11985.0,2018,15.12,Hemat
Roda2,Matic,151.8,1,14.2,122.1,CVT,Bensin,Air-cooled,28.1,227169.0,10838.0,2024,35.0,Boros
Roda2,Sport Besar,587.9,4,61.4,232.1,Manual,Bensin,Liquid-cooled,23.9,123116.0,11930.0,2018,16.0,Boros
Roda2,Sport Besar,572.4,4,66.1,226.5,Manual,Bensin,Liquid-cooled,15.1,152699.0,12002.0,2022,16.0,Boros
Roda2,Sport,163.3,2,15.0,132.0,Manual,Bensin,Liquid-cooled,59.8,256653.0,13614.0,2023,38.37,Hemat
Roda2,Sport Besar,410.2,4,38.1,203.1,Manual,Bensin,Liquid-cooled,21.0,206647.0,12230.0,2025,19.83,Boros
Roda4,City Car,1095.0,3,72.0,857.7,Manual,Bensin,Liquid-cooled,96.4,411167.0,10510.0,2018,17.36,Hemat
Roda4,City Car,1372.5,4,87.7,1049.7,Automatic,Bensin,Liquid-cooled,61.6,355675.0,13674.0,2025,13.0,Boros
Roda4,MPV,1601.6,4,111.5,1379.1,Automatic,Bensin,Liquid-cooled,89.1,532052.0,13013.0,2022,10.49,Boros
Roda2,Sport,220.6,2,24.4,151.4,Manual,Bensin,Liquid-cooled,12.5,71312.0,12750.0,2026,28.0,Boros
Roda4,MPV,1697.9,4,117.9,1476.6,Automatic,Diesel,Liquid-cooled,42.2,317763.0,7079.0,2024,9.12,Boros
Roda2,Matic,154.5,1,16.0,117.7,CVT,Bensin,Liquid-cooled,50.1,156362.0,12902.0,2026,35.0,Boros
Roda2,Bebek,120.9,1,9.0,99.8,Manual,Bensin,Air-cooled,54.3,53274.0,12588.0,2025,44.35,Boros
Roda4,SUV,1842.2,4,135.7,1434.6,Manual,Bensin,Liquid-cooled,18.3,594821.0,13011.0,2015,8.0,Boros
Roda2,Sport,214.7,1,22.9,161.6,Manual,Bensin,Liquid-cooled,19.8,89922.0,13623.0,2021,28.0,Boros
Roda2,Sport Besar,634.1,4,66.3,250.0,Manual,Bensin,Liquid-cooled,60.4,189682.0,11890.0,2016,16.0,Boros
Roda4,SUV,1708.8,4,113.4,1416.7,Automatic,Bensin,Liquid-cooled,28.2,586259.0,13675.0,2025,9.49,Boros
Roda2,Bebek,122.5,1,8.8,100.5,Manual,Bensin,Air-cooled,61.7,251549.0,13291.0,2020,47.87,Boros
Roda4,City Car,1217.2,4,89.4,956.7,Automatic,Bensin,Liquid-cooled,55.4,255454.0,11022.0,2020,13.0,Boros
Roda4,City Car,1234.1,4,78.9,912.4,Automatic,Bensin,Liquid-cooled,32.7,516498.0,11866.0,2025,13.19,Boros
Roda2,Matic,141.2,1,13.0,109.3,CVT,Bensin,Air-cooled,78.1,245279.0,10545.0,2022,35.51,Boros
Roda4,MPV,1356.3,4,93.3,1173.1,Automatic,Diesel,Liquid-cooled,87.9,454352.0,7477.0,2024,12.35,Hemat
Roda2,Matic,154.3,1,16.0,125.0,CVT,Bensin,Air-cooled,65.9,246653.0,11422.0,2019,35.0,Boros
Roda4,City Car,1425.5,3,97.2,1031.8,CVT,Bensin,Liquid-cooled,63.3,200075.0,11200.0,2016,13.0,Boros
Roda4,City Car,1062.4,4,70.6,831.6,Manual,Bensin,Liquid-cooled,67.7,203768.0,13460.0,2021,15.32,Hemat
Roda4,City Car,1393.9,4,99.2,1066.4,Automatic,Bensin,Liquid-cooled,78.7,393889.0,10149.0,2024,13.0,Boros
Roda2,Matic,129.6,1,12.3,103.6,CVT,Bensin,Air-cooled,53.8,148034.0,13859.0,2019,35.61,Boros
Roda2,Sport Besar,270.9,4,29.7,182.3,Manual,Bensin,Liquid-cooled,72.3,93953.0,11339.0,2020,23.35,Hemat
Roda4,MPV,1601.5,4,112.8,1383.4,Manual,Bensin,Liquid-cooled,82.0,152000.0,11717.0,2015,9.0,Boros
Roda4,MPV,1560.9,4,106.9,1311.8,Manual,Bensin,Liquid-cooled,25.0,327529.0,12320.0,2020,9.34,Boros
Roda4,City Car,1145.4,4,82.5,906.8,Manual,Bensin,Liquid-cooled,23.6,495765.0,12160.0,2022,15.07,Hemat
Roda2,Matic,155.1,1,15.4,125.0,CVT,Bensin,Liquid-cooled,38.8,179702.0,10131.0,2026,35.0,Boros
Roda2,Matic,134.9,1,13.2,112.4,CVT,Bensin,Air-cooled,38.1,177932.0,12973.0,2016,37.6,Boros
Roda4,SUV,1538.7,4,100.0,1222.2,CVT,Bensin,Liquid-cooled,55.0,144444.0,12016.0,2026,12.88,Hemat
Roda2,Matic,122.9,1,10.3,97.0,CVT,Bensin,Air-cooled,18.8,168840.0,12929.0,2016,48.92,Hemat
Roda2,Sport Besar,479.1,4,52.4,214.6,Manual,Bensin,Liquid-cooled,31.3,162284.0,11342.0,2018,16.0,Boros
Roda4,SUV,1955.9,4,144.2,1594.0,Automatic,Diesel,Liquid-cooled,86.1,259915.0,12215.0,2022,8.0,Boros
Roda2,Matic,140.9,1,13.5,111.9,CVT,Bensin,Air-cooled,61.9,280562.0,10112.0,2015,35.0,Boros
Roda4,SUV,1902.5,4,146.1,1461.6,Automatic,Diesel,Liquid-cooled,79.7,517935.0,8795.0,2023,8.0,Boros
Roda4,City Car,1108.4,4,73.7,892.0,CVT,Bensin,Liquid-cooled,84.6,113147.0,10789.0,2024,17.43,Hemat
Roda4,SUV,1967.8,4,135.6,1571.4,Automatic,Hybrid,Liquid-cooled,51.2,109765.0,14381.0,2025,8.0,Boros
Roda2,Sport Besar,607.2,2,66.8,243.4,Manual,Bensin,Liquid-cooled,21.7,297313.0,11766.0,2023,16.0,Boros
Roda4,City Car,1459.8,3,101.0,1061.7,CVT,Bensin,Liquid-cooled,23.7,362358.0,12358.0,2020,13.0,Boros
Roda2,Sport Besar,436.3,4,46.9,205.3,Manual,Bensin,Liquid-cooled,12.8,277111.0,10626.0,2025,18.64,Boros
Roda4,MPV,1372.2,4,94.7,1177.3,CVT,Diesel,Liquid-cooled,36.2,256709.0,9688.0,2022,15.63,Hemat
Roda4,MPV,1761.2,4,128.2,1444.7,CVT,Bensin,Liquid-cooled,21.9,280776.0,13831.0,2026,9.0,Boros
Roda4,SUV,1838.7,4,130.3,1531.3,Manual,Diesel,Liquid-cooled,22.2,251737.0,7436.0,2016,8.0,Boros
Roda2,Matic,148.7,1,15.6,117.8,CVT,Bensin,Liquid-cooled,48.0,126602.0,12704.0,2024,38.92,Boros
Roda4,City Car,1026.5,4,70.5,840.4,Automatic,Bensin,Liquid-cooled,49.4,583893.0,12708.0,2022,16.7,Hemat
Roda2,Sport Besar,475.7,2,45.1,210.7,Manual,Bensin,Liquid-cooled,44.3,183347.0,13050.0,2022,16.58,Boros
Roda4,SUV,1662.3,4,111.3,1347.0,CVT,Hybrid,Liquid-cooled,79.4,123922.0,14156.0,2019,12.44,Hemat
Roda2,Bebek,135.8,1,9.9,106.6,Manual,Bensin,Air-cooled,79.2,171308.0,10699.0,2021,42.0,Boros
Roda4,MPV,1705.3,4,120.6,1461.2,Manual,Bensin,Liquid-cooled,94.1,333504.0,10581.0,2021,9.0,Boros
Roda4,SUV,1891.1,4,128.1,1534.8,DCT,Diesel,Liquid-cooled,27.8,528708.0,10974.0,2023,9.07,Boros
Roda4,MPV,1702.9,4,123.9,1500.0,Automatic,Diesel,Liquid-cooled,57.1,155237.0,9992.0,2026,9.0,Boros
Roda2,Bebek,129.9,1,9.8,103.6,Manual,Bensin,Air-cooled,72.5,96333.0,10308.0,2020,42.0,Boros
Roda4,MPV,1489.3,4,95.0,1298.3,CVT,Bensin,Liquid-cooled,79.2,101960.0,12959.0,2025,11.73,Boros
Roda2,Sport Besar,337.3,3,40.2,178.0,Manual,Bensin,Liquid-cooled,50.1,149435.0,11145.0,2023,20.91,Boros
Roda4,City Car,1486.6,3,103.1,1098.4,Manual,Bensin,Liquid-cooled,68.3,336631.0,12687.0,2019,13.0,Boros
Roda4,MPV,1676.6,4,119.7,1464.0,CVT,Bensin,Liquid-cooled,78.6,417387.0,13401.0,2024,9.0,Boros
Roda4,MPV,1763.4,4,129.0,1417.1,CVT,Bensin,Liquid-cooled,64.7,172077.0,12196.0,2019,9.0,Boros
Roda4,MPV,1563.4,4,105.9,1349.4,CVT,Bensin,Liquid-cooled,33.0,129118.0,13822.0,2019,9.0,Boros
Roda4,SUV,1766.6,4,126.3,1446.9,Automatic,Diesel,Liquid-cooled,30.6,247977.0,10015.0,2018,8.31,Boros
Roda2,Matic,124.7,1,10.8,100.8,CVT,Bensin,Air-cooled,70.3,261497.0,11221.0,2021,53.51,Hemat
Roda4,City Car,1314.2,4,84.7,1015.5,CVT,Bensin,Liquid-cooled,60.0,507579.0,13361.0,2021,13.0,Boros
Roda4,SUV,1889.1,4,145.0,1531.2,Automatic,Hybrid,Liquid-cooled,27.5,190935.0,14236.0,2015,8.9,Boros
Roda2,Sport,185.7,2,16.5,131.1,Manual,Bensin,Liquid-cooled,10.8,180121.0,13837.0,2020,33.11,Hemat
Roda4,SUV,1908.7,4,137.3,1571.0,Manual,Bensin,Liquid-cooled,36.3,153044.0,11453.0,2021,8.0,Boros
Roda4,MPV,1722.0,4,124.8,1494.5,Automatic,Diesel,Liquid-cooled,19.5,141678.0,7158.0,2019,9.0,Boros
Roda2,Matic,119.3,1,10.9,104.4,CVT,Bensin,Air-cooled,34.5,298621.0,12199.0,2015,40.66,Boros
Roda2,Sport,190.6,1,21.1,136.4,Manual,Bensin,Liquid-cooled,48.3,125842.0,11379.0,2016,28.11,Boros
Roda2,Bebek,104.7,1,7.1,92.5,Manual,Bensin,Air-cooled,55.1,122063.0,11165.0,2018,56.57,Hemat
Roda2,Matic,128.5,1,12.1,108.9,CVT,Bensin,Air-cooled,22.3,245655.0,12589.0,2026,49.41,Hemat
Roda2,Matic,111.3,1,9.7,95.0,CVT,Bensin,Air-cooled,24.1,60509.0,13784.0,2016,47.59,Hemat
Roda2,Sport,237.1,2,25.6,156.9,Manual,Bensin,Liquid-cooled,62.5,106975.0,12511.0,2024,28.0,Boros
Roda2,Sport Besar,435.8,4,45.3,208.3,Manual,Bensin,Liquid-cooled,24.5,50944.0,13824.0,2021,16.0,Boros
Roda2,Bebek,112.4,1,7.5,95.6,Manual,Bensin,Air-cooled,14.5,195493.0,11049.0,2026,48.99,Hemat
Roda4,MPV,1726.1,4,125.9,1371.1,Automatic,Bensin,Liquid-cooled,72.5,593623.0,13216.0,2021,9.0,Boros
Roda2,Matic,158.9,1,16.0,124.9,CVT,Bensin,Liquid-cooled,69.0,227719.0,11980.0,2020,35.0,Boros
Roda2,Matic,134.4,1,11.3,110.8,CVT,Bensin,Liquid-cooled,32.7,179857.0,13052.0,2023,35.31,Boros
Roda4,SUV,1623.0,4,114.5,1323.7,CVT,Bensin,Liquid-cooled,89.0,489563.0,13245.0,2018,9.29,Boros
Roda4,MPV,1751.7,4,129.3,1448.1,Automatic,Bensin,Liquid-cooled,96.3,245676.0,13050.0,2021,9.0,Boros
Roda4,SUV,1555.3,4,100.0,1240.1,Automatic,Diesel,Liquid-cooled,97.6,399894.0,8893.0,2019,12.59,Hemat
Roda2,Sport,244.7,2,28.4,170.0,Manual,Bensin,Liquid-cooled,78.4,235777.0,10836.0,2026,28.0,Boros
Roda2,Bebek,142.9,1,11.5,110.0,Manual,Bensin,Air-cooled,29.3,149490.0,13633.0,2024,42.0,Boros
Roda2,Matic,157.3,1,14.9,125.0,CVT,Bensin,Liquid-cooled,21.5,226572.0,12492.0,2018,35.0,Boros
Roda4,SUV,1565.8,4,106.2,1251.2,Manual,Diesel,Liquid-cooled,27.4,432485.0,8597.0,2015,13.46,Hemat
Roda2,Sport,166.3,1,17.8,125.5,Manual,Bensin,Liquid-cooled,42.6,231284.0,13346.0,2018,37.97,Hemat
Roda2,Sport Besar,542.1,2,60.7,245.0,Manual,Bensin,Liquid-cooled,64.4,187894.0,10232.0,2023,16.0,Boros
Roda4,City Car,1246.0,3,83.5,999.4,Manual,Bensin,Liquid-cooled,67.1,290449.0,11259.0,2025,13.0,Boros
Roda2,Matic,134.3,1,11.5,104.9,CVT,Bensin,Air-cooled,21.8,293024.0,12408.0,2018,37.56,Boros
Roda2,Sport Besar,503.1,3,53.6,222.9,Manual,Bensin,Liquid-cooled,56.7,173379.0,12630.0,2018,16.07,Boros
Roda2,Bebek,120.3,1,9.2,99.8,Manual,Bensin,Air-cooled,60.3,117888.0,11233.0,2024,44.15,Boros
Roda4,MPV,1312.6,4,92.2,1100.0,CVT,Bensin,Liquid-cooled,39.0,500885.0,13687.0,2023,14.46,Hemat
Roda4,SUV,1862.5,4,129.8,1507.1,DCT,Bensin,Liquid-cooled,68.7,493075.0,11567.0,2023,8.71,Boros
Roda2,Sport Besar,323.1,3,28.5,178.3,Manual,Bensin,Liquid-cooled,70.5,181757.0,12753.0,2024,24.29,Hemat
Roda2,Matic,134.0,1,12.0,116.7,CVT,Bensin,Liquid-cooled,29.2,280184.0,10299.0,2015,38.87,Boros
Roda4,SUV,1641.7,4,117.6,1366.3,DCT,Diesel,Liquid-cooled,46.2,290299.0,9201.0,2024,11.08,Hemat
Roda2,Bebek,116.1,1,8.4,97.9,Manual,Bensin,Air-cooled,19.3,265504.0,13599.0,2016,44.5,Boros
Roda2,Sport,223.1,1,27.2,158.0,Manual,Bensin,Liquid-cooled,72.2,219463.0,10659.0,2023,28.0,Boros
Roda2,Sport,186.0,2,20.1,141.9,Manual,Bensin,Liquid-cooled,18.7,143182.0,13635.0,2026,32.83,Boros
Roda4,City Car,1392.1,3,102.2,1065.1,CVT,Bensin,Liquid-cooled,42.4,550428.0,11762.0,2015,13.0,Boros
Roda2,Bebek,137.5,1,11.1,107.8,Manual,Bensin,Air-cooled,53.6,52512.0,10760.0,2019,42.0,Boros
Roda4,City Car,1368.6,3,90.7,997.8,Manual,Bensin,Liquid-cooled,25.9,566741.0,12286.0,2019,13.0,Boros
Roda4,City Car,1373.5,4,87.1,1034.2,CVT,Bensin,Liquid-cooled,68.1,558060.0,12115.0,2023,13.0,Boros
Roda2,Sport Besar,438.4,4,51.2,197.1,Manual,Bensin,Liquid-cooled,79.5,146851.0,12316.0,2023,19.77,Boros
Roda2,Bebek,134.6,1,11.2,106.5,Manual,Bensin,Air-cooled,67.0,203805.0,11194.0,2022,42.0,Boros
Roda2,Sport Besar,578.2,3,51.5,219.6,Manual,Bensin,Liquid-cooled,32.1,160958.0,11926.0,2025,16.26,Boros
Roda4,City Car,1197.0,4,76.7,917.6,Automatic,Bensin,Liquid-cooled,80.3,349126.0,12001.0,2023,14.81,Boros
Roda4,MPV,1342.5,4,91.5,1210.2,CVT,Diesel,Liquid-cooled,62.4,258205.0,8679.0,2026,16.96,Hemat
Roda4,MPV,1665.8,4,113.2,1381.5,Automatic,Bensin,Liquid-cooled,97.5,236852.0,13461.0,2026,9.0,Boros
Roda2,Matic,120.2,1,9.7,104.5,CVT,Bensin,Air-cooled,67.4,98798.0,10559.0,2023,38.01,Boros
Roda4,MPV,1682.7,4,111.7,1410.0,Automatic,Diesel,Liquid-cooled,74.1,333158.0,12285.0,2022,9.29,Boros
Roda2,Sport,206.2,1,24.2,147.2,Manual,Bensin,Liquid-cooled,27.2,123682.0,10713.0,2026,28.0,Boros
Roda2,Matic,117.5,1,10.0,97.9,CVT,Bensin,Liquid-cooled,39.9,141263.0,13129.0,2018,49.87,Hemat
Roda4,MPV,1327.5,4,87.6,1122.6,CVT,Diesel,Liquid-cooled,55.7,413736.0,7156.0,2025,16.72,Hemat
Roda4,MPV,1724.2,4,124.5,1398.6,CVT,Bensin,Liquid-cooled,83.3,222734.0,12979.0,2021,9.0,Boros
Roda4,MPV,1380.0,4,95.5,1125.9,CVT,Diesel,Liquid-cooled,21.1,200727.0,9414.0,2020,12.84,Hemat
Roda2,Sport Besar,251.8,4,25.0,160.0,Manual,Bensin,Liquid-cooled,76.5,297526.0,13157.0,2019,25.27,Hemat
Roda4,SUV,1696.2,4,117.4,1317.1,CVT,Diesel,Liquid-cooled,42.2,505961.0,9463.0,2017,12.33,Hemat
Roda4,SUV,1705.4,4,113.5,1282.1,Manual,Bensin,Liquid-cooled,99.5,541901.0,11589.0,2018,11.3,Hemat
Roda4,MPV,1464.9,4,104.9,1240.8,Automatic,Bensin,Liquid-cooled,56.9,366727.0,11055.0,2017,11.45,Boros
Roda2,Matic,125.2,1,10.7,103.5,CVT,Bensin,Liquid-cooled,52.5,79980.0,11251.0,2020,41.43,Boros
Roda4,MPV,1703.0,4,122.3,1478.9,CVT,Diesel,Liquid-cooled,63.1,145507.0,9276.0,2020,9.0,Boros
Roda4,MPV,1447.6,4,108.8,1188.0,Manual,Diesel,Liquid-cooled,95.7,333938.0,9363.0,2015,12.19,Hemat
Roda4,City Car,1264.3,4,90.2,996.0,Automatic,Bensin,Liquid-cooled,74.2,352831.0,13244.0,2026,13.0,Boros
Roda4,City Car,1379.0,3,96.1,1043.3,Manual,Bensin,Liquid-cooled,45.0,568592.0,11317.0,2024,13.0,Boros
Roda2,Matic,138.4,1,13.4,108.6,CVT,Bensin,Air-cooled,33.2,50823.0,10182.0,2020,35.0,Boros
Roda2,Bebek,101.4,1,7.0,92.5,Manual,Bensin,Air-cooled,60.0,157461.0,11195.0,2015,52.64,Hemat
Roda4,SUV,1523.8,4,112.1,1202.5,CVT,Diesel,Liquid-cooled,29.2,324293.0,12627.0,2025,12.6,Hemat
Roda2,Sport,248.5,2,29.7,166.4,Manual,Bensin,Liquid-cooled,11.6,243291.0,10311.0,2022,28.0,Boros
Roda2,Sport Besar,360.7,2,43.0,190.5,Manual,Bensin,Liquid-cooled,66.3,221971.0,11070.0,2017,20.16,Boros
Roda2,Matic,144.9,1,15.6,120.5,CVT,Bensin,Air-cooled,21.2,219184.0,12112.0,2019,35.0,Boros
Roda4,SUV,1666.1,4,113.6,1252.9,Manual,Diesel,Liquid-cooled,49.0,455817.0,10905.0,2021,12.22,Hemat
Roda4,SUV,1551.1,4,102.0,1229.0,DCT,Bensin,Liquid-cooled,21.9,533564.0,11097.0,2024,13.26,Hemat
Roda2,Sport Besar,277.4,4,25.9,174.4,Manual,Bensin,Liquid-cooled,44.9,255571.0,10715.0,2022,21.33,Boros
Roda2,Sport Besar,596.8,3,58.0,239.8,Manual,Bensin,Liquid-cooled,48.6,255529.0,12729.0,2020,16.0,Boros
Roda2,Matic,126.5,1,9.8,104.0,CVT,Bensin,Liquid-cooled,45.5,173960.0,13629.0,2015,42.68,Hemat
Roda4,City Car,1041.9,4,72.3,857.8,CVT,Bensin,Liquid-cooled,68.6,199522.0,10117.0,2018,14.63,Boros
Roda4,SUV,1706.7,4,120.5,1314.5,Automatic,Diesel,Liquid-cooled,70.1,299121.0,8237.0,2023,10.92,Boros
Roda4,MPV,1632.5,4,109.3,1375.1,Manual,Bensin,Liquid-cooled,30.6,161198.0,11309.0,2017,9.0,Boros
Roda2,Matic,139.4,1,12.3,116.5,CVT,Bensin,Liquid-cooled,46.0,220874.0,10293.0,2026,35.0,Boros
Roda4,MPV,1483.0,4,100.1,1237.5,CVT,Bensin,Liquid-cooled,22.9,107467.0,10496.0,2026,12.01,Hemat
Roda2,Sport Besar,510.5,2,58.5,216.5,Manual,Bensin,Liquid-cooled,35.0,200460.0,13503.0,2016,16.0,Boros
Roda2,Sport Besar,520.3,3,48.7,219.7,Manual,Bensin,Liquid-cooled,14.9,118860.0,12352.0,2015,16.0,Boros
Roda4,SUV,1914.0,4,144.0,1413.4,DCT,Diesel,Liquid-cooled,91.0,479975.0,9567.0,2017,8.0,Boros
Roda4,MPV,1467.3,4,104.2,1197.7,Manual,Diesel,Liquid-cooled,91.6,124102.0,10105.0,2024,13.4,Hemat
Roda2,Sport Besar,291.5,3,38.0,179.8,Manual,Bensin,Liquid-cooled,75.8,248608.0,13154.0,2024,22.62,Hemat
Roda2,Sport Besar,603.2,4,69.7,248.9,Manual,Bensin,Liquid-cooled,72.3,261823.0,10457.0,2020,16.0,Boros
Roda2,Matic,121.4,1,10.4,104.1,CVT,Bensin,Air-cooled,68.4,174074.0,12423.0,2018,51.16,Hemat
Roda2,Bebek,127.5,1,10.0,100.6,Manual,Bensin,Air-cooled,46.9,195633.0,12667.0,2023,46.34,Boros
Roda4,City Car,1242.9,4,92.5,954.6,Manual,Bensin,Liquid-cooled,33.1,474578.0,10795.0,2017,13.0,Boros
Roda4,MPV,1595.0,4,114.8,1317.9,CVT,Diesel,Liquid-cooled,49.4,255526.0,11163.0,2022,10.77,Boros
Roda4,SUV,1662.8,4,110.0,1273.0,Manual,Bensin,Liquid-cooled,45.8,541809.0,13219.0,2018,10.19,Boros
Roda2,Sport Besar,642.2,2,61.1,239.6,Manual,Bensin,Liquid-cooled,25.2,75055.0,10579.0,2016,16.0,Boros
Roda4,City Car,1446.9,4,105.0,1100.0,Manual,Bensin,Liquid-cooled,18.8,117316.0,11043.0,2026,13.0,Boros
Roda4,City Car,1393.2,3,98.2,1027.3,Manual,Bensin,Liquid-cooled,63.3,303040.0,12267.0,2015,13.0,Boros
Roda4,MPV,1408.9,4,96.9,1174.1,CVT,Bensin,Liquid-cooled,95.6,425858.0,12635.0,2024,14.01,Hemat
Roda4,MPV,1320.3,4,88.8,1100.0,CVT,Diesel,Liquid-cooled,26.6,168312.0,8802.0,2019,14.62,Hemat
Roda2,Bebek,101.6,1,7.4,91.2,Manual,Bensin,Air-cooled,45.1,163739.0,12939.0,2018,51.62,Hemat
Roda4,SUV,1932.6,4,147.4,1545.8,CVT,Diesel,Liquid-cooled,77.3,330593.0,12682.0,2018,8.03,Boros
Roda2,Matic,146.0,1,14.0,120.8,CVT,Bensin,Air-cooled,20.1,94328.0,13364.0,2026,35.0,Boros
Roda4,MPV,1304.1,4,90.4,1100.0,Manual,Bensin,Liquid-cooled,82.7,109685.0,11533.0,2026,14.03,Hemat
Roda4,MPV,1419.2,4,90.6,1155.2,CVT,Bensin,Liquid-cooled,49.3,321594.0,11616.0,2022,12.31,Hemat
Roda2,Sport,152.0,1,15.0,126.0,Manual,Bensin,Liquid-cooled,11.8,104406.0,11710.0,2020,40.07,Hemat
Roda4,SUV,1502.2,4,100.0,1229.0,CVT,Diesel,Liquid-cooled,73.9,463174.0,11698.0,2021,14.22,Hemat
Roda4,City Car,1014.3,3,68.0,800.0,Automatic,Bensin,Liquid-cooled,92.5,320934.0,10954.0,2022,18.13,Hemat
Roda2,Matic,126.9,1,12.1,100.0,CVT,Bensin,Air-cooled,66.6,180132.0,12824.0,2019,41.53,Boros
Roda4,MPV,1697.1,4,118.0,1465.5,Manual,Diesel,Liquid-cooled,69.2,281324.0,7784.0,2018,9.0,Boros
Roda4,MPV,1758.5,4,117.7,1444.8,CVT,Bensin,Liquid-cooled,94.5,594195.0,12097.0,2018,9.0,Boros
Roda4,SUV,1821.8,4,131.7,1445.6,CVT,Diesel,Liquid-cooled,65.5,429602.0,10207.0,2017,8.0,Boros
Roda2,Matic,137.9,1,13.3,110.9,CVT,Bensin,Liquid-cooled,25.7,230890.0,12371.0,2021,35.0,Boros
Roda2,Sport Besar,485.1,2,48.8,210.9,Manual,Bensin,Liquid-cooled,63.1,203864.0,12789.0,2025,16.0,Boros
Roda4,MPV,1750.2,4,125.5,1452.6,Automatic,Bensin,Liquid-cooled,73.1,282892.0,10813.0,2020,9.0,Boros
Roda4,SUV,1541.9,4,103.9,1213.5,DCT,Hybrid,Liquid-cooled,48.0,309381.0,14064.0,2021,13.29,Hemat
Roda2,Matic,145.9,1,13.1,114.9,CVT,Bensin,Liquid-cooled,69.4,165026.0,12318.0,2015,35.0,Boros
Roda2,Matic,152.5,1,14.8,120.6,CVT,Bensin,Liquid-cooled,37.3,50160.0,11820.0,2021,35.0,Boros
Roda2,Matic,135.5,1,10.9,113.9,CVT,Bensin,Air-cooled,63.8,216939.0,13334.0,2025,40.66,Boros
Roda4,MPV,1450.6,4,92.2,1199.4,Automatic,Bensin,Liquid-cooled,18.4,212423.0,11489.0,2023,11.67,Boros
Roda4,SUV,1908.7,4,150.0,1499.9,Automatic,Bensin,Liquid-cooled,16.3,532627.0,12141.0,2020,8.0,Boros
Roda4,SUV,1996.4,4,150.0,1565.5,CVT,Diesel,Liquid-cooled,41.7,405678.0,12786.0,2019,8.0,Boros
Roda2,Sport Besar,426.9,2,41.8,212.1,Manual,Bensin,Liquid-cooled,66.2,252460.0,10468.0,2020,21.03,Boros
Roda4,MPV,1671.6,4,119.7,1468.6,Automatic,Diesel,Liquid-cooled,18.2,223975.0,9788.0,2018,9.57,Boros
Roda4,MPV,1707.0,4,118.9,1461.9,CVT,Diesel,Liquid-cooled,30.3,436022.0,13182.0,2022,9.09,Boros
Roda4,City Car,1370.3,3,86.8,1008.7,CVT,Bensin,Liquid-cooled,33.5,264165.0,12885.0,2020,13.0,Boros
Roda2,Sport,198.0,2,23.2,142.1,Manual,Bensin,Liquid-cooled,72.3,237946.0,10018.0,2016,28.0,Boros
Roda2,Sport,236.2,1,28.3,161.8,Manual,Bensin,Liquid-cooled,30.2,63891.0,12636.0,2016,28.0,Boros
Roda2,Matic,132.8,1,12.0,106.1,CVT,Bensin,Air-cooled,28.2,195492.0,11730.0,2015,35.0,Boros
Roda4,SUV,1704.2,4,119.7,1388.2,Automatic,Hybrid,Liquid-cooled,88.6,566540.0,14061.0,2016,10.4,Boros
Roda2,Sport,172.9,1,18.7,129.8,Manual,Bensin,Liquid-cooled,13.1,264181.0,10857.0,2023,32.44,Boros
Roda2,Sport,155.3,1,15.0,127.1,Manual,Bensin,Liquid-cooled,40.4,224694.0,12788.0,2016,35.04,Hemat
Roda4,MPV,1674.7,4,119.1,1385.7,Manual,Diesel,Liquid-cooled,85.5,399473.0,9101.0,2026,9.0,Boros
Roda2,Sport Besar,333.2,4,33.5,173.9,Manual,Bensin,Liquid-cooled,58.3,188547.0,13665.0,2025,24.86,Hemat
Roda2,Sport Besar,435.0,4,45.3,214.5,Manual,Bensin,Liquid-cooled,31.7,255720.0,10713.0,2017,16.59,Boros
Roda2,Matic,159.6,1,16.0,121.5,CVT,Bensin,Liquid-cooled,62.1,236523.0,12616.0,2018,35.0,Boros
Roda4,MPV,1448.6,4,98.0,1303.3,Manual,Diesel,Liquid-cooled,39.5,342146.0,6950.0,2021,11.93,Boros
Roda4,SUV,1881.2,4,139.3,1424.2,DCT,Diesel,Liquid-cooled,23.2,162175.0,12917.0,2016,8.0,Boros
Roda2,Matic,136.1,1,11.9,107.3,CVT,Bensin,Liquid-cooled,78.4,211168.0,11084.0,2023,43.49,Hemat
Roda4,City Car,1150.3,4,74.5,917.3,Automatic,Bensin,Liquid-cooled,22.9,271318.0,13798.0,2023,14.25,Boros
Roda2,Sport Besar,528.1,3,50.6,221.5,Manual,Bensin,Liquid-cooled,60.6,130202.0,10475.0,2016,16.0,Boros
Roda2,Matic,139.8,1,12.8,113.1,CVT,Bensin,Liquid-cooled,55.0,287728.0,10808.0,2015,35.84,Boros
Roda4,SUV,1960.1,4,146.3,1598.5,Automatic,Diesel,Liquid-cooled,42.6,323993.0,12633.0,2024,8.0,Boros
Roda4,MPV,1542.3,4,104.0,1233.5,Manual,Diesel,Liquid-cooled,44.4,235786.0,11930.0,2023,14.11,Hemat
Roda4,SUV,1936.8,4,136.2,1523.5,Automatic,Diesel,Liquid-cooled,90.3,588920.0,9888.0,2020,8.0,Boros
Roda4,SUV,1527.6,4,102.3,1236.8,CVT,Diesel,Liquid-cooled,99.6,346101.0,8709.0,2020,13.89,Hemat
Roda2,Matic,112.4,1,9.3,95.0,CVT,Bensin,Liquid-cooled,73.5,91970.0,10038.0,2026,50.64,Hemat
Roda4,MPV,1301.8,4,85.0,1110.1,Automatic,Bensin,Liquid-cooled,80.4,217303.0,12721.0,2020,13.13,Hemat
Roda4,City Car,1249.9,4,92.4,938.3,Automatic,Bensin,Liquid-cooled,21.2,571996.0,11145.0,2016,13.0,Boros
Roda4,MPV,1620.1,4,116.7,1307.9,Automatic,Bensin,Liquid-cooled,90.2,193045.0,11469.0,2020,9.0,Boros
Roda2,Bebek,121.4,1,9.2,96.8,Manual,Bensin,Air-cooled,73.4,173239.0,11288.0,2025,42.0,Boros
Roda4,SUV,1853.3,4,135.8,1459.6,CVT,Bensin,Liquid-cooled,27.0,256231.0,12179.0,2025,8.0,Boros
Roda2,Sport,170.1,1,17.4,123.2,Manual,Bensin,Liquid-cooled,49.7,275483.0,13518.0,2016,33.53,Hemat
Roda2,Matic,117.5,1,9.0,100.9,CVT,Bensin,Air-cooled,56.9,292667.0,10685.0,2025,38.18,Boros
Roda4,SUV,1932.9,4,141.7,1511.0,CVT,Diesel,Liquid-cooled,81.2,311992.0,9996.0,2020,8.0,Boros
Roda2,Matic,151.4,1,15.5,122.7,CVT,Bensin,Liquid-cooled,54.3,80282.0,11063.0,2020,35.0,Boros
Roda4,SUV,1656.9,4,103.0,1398.4,Manual,Hybrid,Liquid-cooled,32.4,141191.0,13911.0,2019,12.05,Hemat
Roda4,SUV,1719.0,4,122.9,1298.7,CVT,Diesel,Liquid-cooled,76.1,154956.0,8474.0,2026,10.3,Boros
Roda4,MPV,1537.1,4,108.7,1278.6,Manual,Bensin,Liquid-cooled,72.7,195263.0,10131.0,2020,12.66,Hemat
Roda4,MPV,1417.6,4,99.7,1160.4,CVT,Bensin,Liquid-cooled,82.2,264795.0,12195.0,2018,13.2,Hemat
Roda2,Bebek,107.5,1,8.1,90.5,Manual,Bensin,Air-cooled,36.3,148619.0,11792.0,2017,53.54,Hemat
Roda4,City Car,1388.5,4,97.4,993.2,CVT,Bensin,Liquid-cooled,87.0,526095.0,12253.0,2018,13.0,Boros
Roda4,SUV,1556.9,4,100.0,1202.7,Automatic,Bensin,Liquid-cooled,95.5,182941.0,12552.0,2025,11.07,Hemat
Roda2,Matic,128.7,1,12.4,105.1,CVT,Bensin,Liquid-cooled,58.9,122854.0,11311.0,2020,45.95,Hemat
Roda4,City Car,1316.1,3,85.8,1029.4,Automatic,Bensin,Liquid-cooled,83.5,516731.0,12406.0,2024,13.0,Boros
Roda4,SUV,1932.5,4,150.0,1491.9,DCT,Hybrid,Liquid-cooled,26.8,435408.0,14436.0,2021,8.66,Boros
Roda2,Bebek,119.8,1,7.8,95.6,Manual,Bensin,Air-cooled,55.4,288641.0,10591.0,2021,58.95,Hemat
Roda4,SUV,1931.7,4,135.4,1453.5,DCT,Bensin,Liquid-cooled,48.8,230184.0,10816.0,2026,8.48,Boros
Roda2,Matic,122.6,1,10.3,99.2,CVT,Bensin,Air-cooled,76.6,247693.0,11458.0,2026,45.85,Hemat
Roda4,City Car,1097.9,3,77.0,874.8,CVT,Bensin,Liquid-cooled,91.4,342450.0,12581.0,2016,15.53,Hemat
Roda2,Sport,235.9,2,30.0,160.7,Manual,Bensin,Liquid-cooled,28.0,279661.0,12198.0,2026,28.0,Boros
Roda4,MPV,1304.3,4,85.0,1100.0,CVT,Diesel,Liquid-cooled,100.0,328402.0,11184.0,2021,15.77,Hemat
Roda4,SUV,1510.0,4,100.1,1200.0,DCT,Bensin,Liquid-cooled,33.0,584307.0,10722.0,2026,13.32,Hemat
Roda4,MPV,1744.9,4,126.3,1446.3,Manual,Bensin,Liquid-cooled,82.2,322383.0,10795.0,2017,9.0,Boros
Roda2,Matic,116.0,1,10.3,95.0,CVT,Bensin,Air-cooled,20.3,292541.0,12845.0,2022,53.16,Hemat
Roda2,Sport,240.3,1,27.1,162.3,Manual,Bensin,Liquid-cooled,30.0,267688.0,13468.0,2018,28.0,Boros
Roda4,MPV,1349.0,4,85.0,1169.5,Manual,Diesel,Liquid-cooled,85.5,336695.0,9947.0,2026,13.67,Hemat
Roda2,Sport,174.2,2,19.8,127.0,Manual,Bensin,Liquid-cooled,52.5,54946.0,10772.0,2020,33.71,Hemat
Roda4,MPV,1387.4,4,94.5,1141.2,CVT,Bensin,Liquid-cooled,26.9,547531.0,13732.0,2026,12.27,Hemat
Roda2,Matic,133.9,1,12.1,107.8,CVT,Bensin,Liquid-cooled,51.8,252357.0,13121.0,2023,35.98,Boros
Roda4,MPV,1463.9,4,101.5,1217.1,Automatic,Bensin,Liquid-cooled,97.5,378146.0,11352.0,2021,10.83,Boros
Roda2,Sport Besar,254.9,2,37.0,160.0,Manual,Bensin,Liquid-cooled,65.7,55760.0,10920.0,2020,20.96,Boros
Roda2,Sport,165.2,2,15.8,126.3,Manual,Bensin,Liquid-cooled,55.5,188382.0,10304.0,2019,39.75,Hemat
Roda4,City Car,1221.3,4,81.0,914.6,Manual,Bensin,Liquid-cooled,51.3,293611.0,12530.0,2018,13.99,Boros
Roda4,SUV,1723.0,4,116.6,1344.2,DCT,Hybrid,Liquid-cooled,20.0,263130.0,14128.0,2015,11.8,Hemat
Roda2,Sport Besar,356.3,3,44.2,181.4,Manual,Bensin,Liquid-cooled,55.0,270061.0,13130.0,2018,23.97,Hemat
Roda4,SUV,1566.3,4,110.2,1211.4,CVT,Diesel,Liquid-cooled,95.2,153762.0,9207.0,2022,14.27,Hemat
Roda4,City Car,1383.4,3,99.7,1000.3,Automatic,Bensin,Liquid-cooled,91.4,574791.0,10414.0,2018,13.0,Boros
Roda4,MPV,1375.5,4,94.8,1133.0,Automatic,Bensin,Liquid-cooled,39.8,530327.0,13105.0,2021,11.92,Boros
Roda2,Bebek,105.3,1,7.0,93.3,Manual,Bensin,Air-cooled,55.5,88006.0,10239.0,2016,51.68,Hemat
Roda4,MPV,1471.7,4,98.2,1298.4,Automatic,Diesel,Liquid-cooled,20.2,559311.0,12739.0,2019,10.79,Boros
Roda2,Sport,177.9,2,19.2,133.2,Manual,Bensin,Liquid-cooled,21.5,273822.0,11152.0,2018,31.46,Boros
Roda4,MPV,1667.4,4,109.0,1409.7,Automatic,Bensin,Liquid-cooled,64.8,300242.0,13185.0,2019,9.0,Boros
Roda4,SUV,1952.4,4,139.2,1510.1,DCT,Diesel,Liquid-cooled,42.7,403536.0,11124.0,2021,9.36,Boros
Roda2,Matic,155.1,1,14.8,120.5,CVT,Bensin,Liquid-cooled,60.5,245591.0,13642.0,2025,35.0,Boros
Roda2,Sport Besar,646.9,4,63.8,250.0,Manual,Bensin,Liquid-cooled,55.7,260182.0,11120.0,2018,16.0,Boros
Roda4,MPV,1522.6,4,104.9,1323.1,CVT,Bensin,Liquid-cooled,71.4,464586.0,12557.0,2017,9.43,Boros
Roda4,City Car,1332.9,3,90.6,1033.3,CVT,Bensin,Liquid-cooled,65.3,161585.0,10612.0,2015,13.0,Boros
Roda4,MPV,1309.9,4,85.0,1100.0,CVT,Bensin,Liquid-cooled,78.0,211215.0,12471.0,2023,16.21,Hemat
Roda4,City Car,1116.6,3,75.5,828.1,Automatic,Bensin,Liquid-cooled,78.1,250962.0,10461.0,2015,14.9,Boros
Roda4,MPV,1653.4,4,112.5,1298.4,Manual,Bensin,Liquid-cooled,51.2,520564.0,13538.0,2024,10.55,Boros
Roda2,Bebek,137.6,1,11.0,105.2,Manual,Bensin,Air-cooled,11.0,101811.0,12782.0,2015,42.0,Boros
Roda4,SUV,1960.2,4,144.1,1600.0,DCT,Diesel,Liquid-cooled,97.0,598062.0,7209.0,2023,8.33,Boros
Roda4,MPV,1702.7,4,126.5,1447.9,Automatic,Diesel,Liquid-cooled,35.0,434911.0,7721.0,2022,9.0,Boros
Roda4,MPV,1611.9,4,118.5,1249.0,CVT,Bensin,Liquid-cooled,32.0,338183.0,10536.0,2026,11.53,Boros
Roda4,SUV,1598.2,4,103.2,1352.5,CVT,Bensin,Liquid-cooled,59.3,571170.0,10849.0,2015,10.09,Boros
Roda2,Matic,129.2,1,11.1,101.2,CVT,Bensin,Air-cooled,45.1,275297.0,11017.0,2018,45.59,Hemat
Roda2,Sport,169.0,1,19.8,129.5,Manual,Bensin,Liquid-cooled,72.8,110371.0,12753.0,2026,32.55,Boros
Roda2,Matic,110.6,1,9.0,97.4,CVT,Bensin,Liquid-cooled,71.9,111787.0,13527.0,2022,46.97,Hemat
Roda4,MPV,1551.0,4,108.5,1191.0,Manual,Diesel,Liquid-cooled,33.9,196279.0,9261.0,2023,13.14,Hemat
Roda4,MPV,1733.2,4,126.8,1500.0,Manual,Bensin,Liquid-cooled,19.7,220653.0,10146.0,2020,9.0,Boros
Roda2,Sport,197.8,1,19.8,144.4,Manual,Bensin,Liquid-cooled,53.3,280393.0,11782.0,2026,30.48,Boros
Roda2,Bebek,104.4,1,7.6,94.5,Manual,Bensin,Air-cooled,62.9,205077.0,12746.0,2021,51.01,Hemat
Roda4,City Car,1417.3,3,100.0,1084.7,Automatic,Bensin,Liquid-cooled,57.3,554797.0,12706.0,2016,13.0,Boros
Roda2,Matic,111.3,1,9.0,95.0,CVT,Bensin,Liquid-cooled,14.1,288068.0,12389.0,2022,56.13,Hemat
Roda4,MPV,1573.4,4,115.3,1253.9,CVT,Bensin,Liquid-cooled,98.8,230908.0,13031.0,2024,9.34,Boros
Roda4,SUV,1674.2,4,112.7,1262.2,CVT,Hybrid,Liquid-cooled,18.4,488002.0,13943.0,2022,13.58,Hemat
Roda2,Bebek,115.8,1,8.7,94.4,Manual,Bensin,Air-cooled,56.7,79890.0,12233.0,2017,50.05,Hemat
Roda2,Bebek,129.1,1,9.5,101.1,Manual,Bensin,Air-cooled,27.2,64433.0,11525.0,2025,42.0,Boros
Roda4,MPV,1766.6,4,124.1,1480.0,Manual,Bensin,Liquid-cooled,36.2,599440.0,11095.0,2017,9.32,Boros
Roda4,City Car,1403.1,3,102.0,1050.0,Automatic,Bensin,Liquid-cooled,46.8,323452.0,11989.0,2025,13.0,Boros
Roda4,MPV,1702.3,4,117.9,1407.3,Automatic,Bensin,Liquid-cooled,50.2,357694.0,11760.0,2021,9.0,Boros
Roda4,City Car,1330.0,4,94.4,1028.4,CVT,Bensin,Liquid-cooled,33.2,369592.0,11961.0,2017,13.0,Boros
Roda4,City Car,1312.5,3,88.3,1021.1,Manual,Bensin,Liquid-cooled,79.4,537345.0,11591.0,2026,13.41,Boros
Roda2,Matic,123.7,1,10.8,105.1,CVT,Bensin,Liquid-cooled,30.8,124087.0,12830.0,2020,39.14,Boros
Roda2,Matic,129.7,1,11.9,106.9,CVT,Bensin,Air-cooled,42.1,109607.0,13673.0,2020,38.32,Boros
Roda2,Bebek,129.0,1,10.9,104.8,Manual,Bensin,Air-cooled,20.1,157526.0,13525.0,2017,42.0,Boros
Roda4,SUV,1919.0,4,137.8,1531.7,Manual,Diesel,Liquid-cooled,87.8,160822.0,11683.0,2018,8.0,Boros
Roda4,MPV,1781.1,4,127.6,1415.8,CVT,Diesel,Liquid-cooled,71.2,583891.0,10470.0,2018,9.0,Boros
Roda4,SUV,1901.2,4,138.8,1509.8,Manual,Diesel,Liquid-cooled,64.4,361720.0,7196.0,2022,8.88,Boros
Roda2,Matic,110.6,1,9.0,100.5,CVT,Bensin,Air-cooled,54.6,229089.0,10875.0,2021,46.74,Hemat
Roda2,Matic,122.2,1,10.7,103.7,CVT,Bensin,Liquid-cooled,25.6,63353.0,12399.0,2022,40.54,Boros
Roda2,Sport Besar,329.5,3,39.3,183.8,Manual,Bensin,Liquid-cooled,59.2,183088.0,13716.0,2023,23.82,Hemat
Roda4,SUV,1735.1,4,126.8,1386.2,CVT,Diesel,Liquid-cooled,57.1,272153.0,7424.0,2020,11.32,Hemat
Roda4,City Car,1315.5,4,91.0,965.6,Automatic,Bensin,Liquid-cooled,58.2,233551.0,10400.0,2024,13.0,Boros
Roda2,Sport Besar,351.0,2,32.0,176.3,Manual,Bensin,Liquid-cooled,69.8,292715.0,12755.0,2019,22.8,Hemat
Roda4,City Car,1420.6,3,100.4,1059.4,Manual,Bensin,Liquid-cooled,54.0,102404.0,10839.0,2023,13.0,Boros
Roda4,MPV,1415.8,4,91.8,1191.7,Automatic,Diesel,Liquid-cooled,96.0,132313.0,11796.0,2020,15.79,Hemat
Roda2,Matic,137.9,1,12.8,109.2,CVT,Bensin,Air-cooled,76.3,83983.0,11941.0,2017,37.42,Boros
Roda2,Matic,147.6,1,13.6,118.2,CVT,Bensin,Air-cooled,61.7,169838.0,11770.0,2018,35.0,Boros
Roda4,City Car,1146.0,3,78.9,901.6,Automatic,Bensin,Liquid-cooled,51.4,553813.0,12219.0,2018,15.13,Hemat
Roda2,Bebek,132.6,1,10.4,101.3,Manual,Bensin,Air-cooled,56.0,131298.0,13017.0,2017,42.0,Boros
Roda4,MPV,1637.8,4,119.0,1375.4,Manual,Bensin,Liquid-cooled,49.4,299602.0,11077.0,2019,9.0,Boros
Roda4,SUV,1600.5,4,107.2,1268.3,Manual,Diesel,Liquid-cooled,52.7,302779.0,12071.0,2025,12.86,Hemat
Roda4,SUV,1882.3,4,135.4,1535.2,CVT,Bensin,Liquid-cooled,39.5,278832.0,11988.0,2023,8.22,Boros
Roda4,City Car,1246.3,3,79.7,920.9,Automatic,Bensin,Liquid-cooled,15.8,260717.0,12998.0,2015,13.92,Boros
Roda2,Matic,146.2,1,15.1,117.6,CVT,Bensin,Liquid-cooled,10.5,297017.0,12569.0,2023,35.0,Boros
Roda4,City Car,1148.8,3,76.2,945.8,Automatic,Bensin,Liquid-cooled,75.3,330695.0,12074.0,2026,15.56,Hemat
Roda4,MPV,1752.5,4,124.4,1500.0,CVT,Bensin,Liquid-cooled,28.9,558136.0,10279.0,2019,9.0,Boros
Roda2,Sport,209.7,1,22.8,158.1,Manual,Bensin,Liquid-cooled,61.4,240509.0,11176.0,2023,28.0,Boros
Roda2,Sport Besar,413.6,3,47.0,202.7,Manual,Bensin,Liquid-cooled,47.4,150324.0,12494.0,2024,24.68,Hemat
Roda2,Matic,139.7,1,12.4,112.6,CVT,Bensin,Air-cooled,17.5,101512.0,10575.0,2016,35.02,Boros
Roda2,Sport,243.0,2,27.1,169.2,Manual,Bensin,Liquid-cooled,46.5,264351.0,11186.0,2021,28.0,Boros
Roda4,SUV,1599.6,4,119.7,1200.0,Automatic,Hybrid,Liquid-cooled,26.5,505778.0,14032.0,2023,12.87,Hemat
Roda4,City Car,1076.4,3,69.7,867.3,CVT,Bensin,Liquid-cooled,30.2,346712.0,13672.0,2024,17.95,Hemat
Roda2,Matic,139.9,1,13.4,116.3,CVT,Bensin,Liquid-cooled,17.1,226224.0,10799.0,2022,36.4,Boros
Roda2,Matic,126.7,1,12.7,102.7,CVT,Bensin,Air-cooled,23.5,63089.0,13523.0,2020,35.46,Boros
Roda2,Sport Besar,628.5,2,67.3,245.7,Manual,Bensin,Liquid-cooled,47.4,181530.0,11433.0,2024,16.0,Boros
Roda4,MPV,1683.9,4,119.1,1383.8,Manual,Bensin,Liquid-cooled,48.3,518371.0,11231.0,2020,9.0,Boros
Roda2,Bebek,121.9,1,8.6,101.2,Manual,Bensin,Air-cooled,48.0,121635.0,12304.0,2024,43.0,Boros
Roda4,City Car,1113.3,3,69.4,916.4,Automatic,Bensin,Liquid-cooled,33.5,355308.0,10727.0,2022,16.9,Hemat
Roda2,Bebek,107.7,1,7.1,95.8,Manual,Bensin,Air-cooled,37.1,155062.0,12192.0,2020,47.85,Boros
Roda2,Sport,159.3,1,17.5,120.0,Manual,Bensin,Liquid-cooled,56.8,156501.0,13853.0,2018,35.57,Hemat
Roda4,SUV,1524.4,4,101.5,1200.0,Manual,Diesel,Liquid-cooled,53.7,406351.0,10405.0,2023,11.89,Hemat
Roda2,Matic,141.3,1,13.8,114.0,CVT,Bensin,Air-cooled,50.1,266991.0,13624.0,2020,35.0,Boros
Roda4,SUV,1510.3,4,100.0,1200.0,DCT,Hybrid,Liquid-cooled,97.0,165169.0,14424.0,2015,13.58,Hemat
Roda4,MPV,1604.8,4,108.2,1351.0,Manual,Bensin,Liquid-cooled,53.3,535395.0,11652.0,2020,9.0,Boros
Roda4,MPV,1568.3,4,112.2,1290.3,Automatic,Diesel,Liquid-cooled,71.5,323873.0,7237.0,2024,12.28,Hemat
Roda2,Matic,118.9,1,10.5,101.4,CVT,Bensin,Liquid-cooled,18.3,57245.0,10440.0,2019,45.97,Hemat
Roda4,SUV,1719.8,4,120.2,1353.1,DCT,Hybrid,Liquid-cooled,56.9,484616.0,14256.0,2025,12.59,Hemat
Roda2,Sport,158.0,2,15.0,128.8,Manual,Bensin,Liquid-cooled,66.6,87171.0,11495.0,2023,36.8,Hemat
Roda4,SUV,1976.2,4,150.0,1533.1,Automatic,Diesel,Liquid-cooled,97.3,555034.0,11278.0,2023,8.0,Boros
Roda2,Sport,170.6,2,19.1,134.3,Manual,Bensin,Liquid-cooled,13.5,99136.0,10822.0,2026,33.62,Hemat
Roda2,Matic,140.8,1,13.7,117.2,CVT,Bensin,Liquid-cooled,13.3,83934.0,10744.0,2020,35.0,Boros
Roda2,Bebek,114.5,1,8.3,95.2,Manual,Bensin,Air-cooled,42.1,62989.0,13066.0,2025,52.27,Hemat
Roda2,Matic,113.4,1,9.4,100.7,CVT,Bensin,Air-cooled,33.0,215709.0,13881.0,2018,51.21,Hemat
Roda2,Sport,180.0,2,20.5,131.8,Manual,Bensin,Liquid-cooled,63.9,299467.0,10279.0,2026,40.19,Hemat
Roda2,Bebek,125.9,1,8.9,101.5,Manual,Bensin,Air-cooled,43.3,245750.0,12926.0,2022,47.71,Boros
Roda2,Sport,168.3,2,16.1,125.9,Manual,Bensin,Liquid-cooled,72.3,277992.0,13094.0,2022,36.67,Hemat
Roda4,MPV,1313.8,4,91.0,1109.5,Manual,Diesel,Liquid-cooled,56.9,411318.0,10067.0,2022,17.5,Hemat
Roda4,MPV,1763.6,4,127.1,1453.7,CVT,Bensin,Liquid-cooled,79.6,180752.0,11953.0,2021,9.0,Boros
Roda2,Sport,216.6,1,24.9,148.1,Manual,Bensin,Liquid-cooled,76.6,262981.0,11899.0,2026,28.0,Boros
Roda4,MPV,1387.5,4,87.6,1165.6,Manual,Bensin,Liquid-cooled,95.1,548629.0,13483.0,2022,11.93,Boros
Roda2,Bebek,108.8,1,7.8,95.7,Manual,Bensin,Air-cooled,66.8,123479.0,11741.0,2025,56.4,Hemat
Roda4,City Car,1129.3,3,75.4,888.4,CVT,Bensin,Liquid-cooled,29.9,465687.0,10004.0,2022,14.85,Boros
Roda2,Sport Besar,419.6,4,44.5,183.7,Manual,Bensin,Liquid-cooled,37.5,265719.0,12541.0,2022,21.1,Boros
Roda2,Sport Besar,461.6,4,55.6,207.0,Manual,Bensin,Liquid-cooled,58.3,186825.0,11354.0,2019,16.83,Boros
Roda2,Matic,124.2,1,10.8,102.1,CVT,Bensin,Liquid-cooled,36.1,272179.0,11767.0,2024,46.37,Hemat
Roda4,SUV,1868.8,4,129.6,1405.2,CVT,Hybrid,Liquid-cooled,52.2,198096.0,14308.0,2022,10.2,Boros
Roda2,Matic,148.1,1,14.6,113.0,CVT,Bensin,Air-cooled,36.9,85387.0,12771.0,2026,35.0,Boros
Roda4,SUV,1741.3,4,133.2,1332.1,Manual,Bensin,Liquid-cooled,38.8,207292.0,12830.0,2015,8.42,Boros
Roda2,Matic,117.2,1,10.5,97.2,CVT,Bensin,Liquid-cooled,10.1,268108.0,11731.0,2017,45.18,Hemat
Roda4,City Car,1069.7,3,65.0,831.8,Manual,Bensin,Liquid-cooled,85.6,366594.0,10620.0,2024,19.73,Hemat
Roda2,Sport,249.7,1,30.0,167.2,Manual,Bensin,Liquid-cooled,70.1,292522.0,13745.0,2021,28.0,Boros
Roda2,Sport,169.8,1,17.9,131.5,Manual,Bensin,Liquid-cooled,71.1,266168.0,12082.0,2026,32.38,Boros
Roda4,SUV,1649.5,4,123.8,1274.7,Automatic,Hybrid,Liquid-cooled,98.3,510455.0,13940.0,2015,11.31,Hemat
Roda2,Bebek,113.6,1,8.1,98.8,Manual,Bensin,Air-cooled,32.7,133250.0,12611.0,2026,53.71,Hemat
Roda2,Matic,110.1,1,9.6,97.5,CVT,Bensin,Liquid-cooled,46.6,139993.0,10063.0,2016,44.3,Hemat
Roda2,Matic,136.1,1,13.5,109.1,CVT,Bensin,Air-cooled,74.9,283033.0,12810.0,2026,40.26,Boros
Roda2,Sport,155.1,1,16.8,131.9,Manual,Bensin,Liquid-cooled,77.2,201363.0,12055.0,2021,33.29,Hemat
Roda4,SUV,1649.2,4,116.9,1283.1,DCT,Diesel,Liquid-cooled,70.3,192594.0,10151.0,2021,9.37,Boros
Roda2,Matic,156.3,1,16.0,119.6,CVT,Bensin,Liquid-cooled,50.9,225866.0,11511.0,2021,35.0,Boros
Roda4,SUV,1696.6,4,122.0,1326.2,Manual,Hybrid,Liquid-cooled,32.8,332805.0,14167.0,2017,11.05,Hemat
Roda2,Sport,218.3,2,25.2,159.2,Manual,Bensin,Liquid-cooled,20.2,222399.0,10505.0,2024,28.0,Boros
Roda2,Matic,150.2,1,14.8,121.6,CVT,Bensin,Air-cooled,40.3,175816.0,12487.0,2021,35.0,Boros
Roda2,Bebek,102.3,1,7.5,95.1,Manual,Bensin,Air-cooled,57.0,117661.0,10317.0,2020,56.06,Hemat
Roda4,SUV,1898.6,4,137.5,1495.7,Manual,Bensin,Liquid-cooled,66.7,123582.0,13431.0,2020,8.0,Boros
Roda2,Sport,222.3,2,24.8,163.7,Manual,Bensin,Liquid-cooled,11.9,299900.0,10131.0,2023,28.0,Boros
Roda4,City Car,1050.9,3,65.4,836.1,CVT,Bensin,Liquid-cooled,68.2,504867.0,11391.0,2022,17.29,Hemat
Roda4,MPV,1593.6,4,114.2,1303.3,Manual,Bensin,Liquid-cooled,39.3,107594.0,12665.0,2016,9.41,Boros
Roda4,City Car,1291.9,4,85.3,923.8,Automatic,Bensin,Liquid-cooled,59.4,186731.0,11064.0,2022,13.0,Boros
Roda2,Sport Besar,450.8,3,45.6,201.5,Manual,Bensin,Liquid-cooled,41.0,90283.0,11938.0,2019,21.44,Boros
Roda4,City Car,1375.0,4,100.5,1013.7,Automatic,Bensin,Liquid-cooled,37.7,534375.0,13003.0,2024,13.0,Boros
Roda2,Matic,146.7,1,13.3,111.0,CVT,Bensin,Air-cooled,63.2,263246.0,13794.0,2024,39.0,Boros
Roda4,MPV,1636.8,4,109.0,1383.3,Automatic,Diesel,Liquid-cooled,21.6,397708.0,11349.0,2023,10.23,Boros
Roda4,MPV,1603.5,4,120.3,1325.1,Manual,Diesel,Liquid-cooled,81.9,467769.0,12486.0,2015,9.0,Boros
Roda4,MPV,1628.6,4,114.4,1431.3,CVT,Diesel,Liquid-cooled,35.9,195614.0,9413.0,2026,10.69,Boros
Roda2,Sport,242.6,1,24.9,170.0,Manual,Bensin,Liquid-cooled,50.4,112883.0,11128.0,2024,28.0,Boros
Roda4,SUV,1629.1,4,105.3,1268.8,Manual,Hybrid,Liquid-cooled,87.4,119527.0,14493.0,2018,11.92,Hemat
Roda4,SUV,1653.0,4,113.4,1253.5,Automatic,Bensin,Liquid-cooled,21.9,407137.0,11647.0,2024,9.45,Boros
Roda4,MPV,1735.6,4,124.6,1369.4,Automatic,Diesel,Liquid-cooled,81.9,320430.0,13101.0,2017,9.0,Boros
Roda2,Sport,182.2,1,19.3,144.8,Manual,Bensin,Liquid-cooled,31.6,140684.0,13899.0,2020,28.0,Boros
Roda2,Bebek,104.2,1,7.4,92.9,Manual,Bensin,Air-cooled,29.6,137218.0,13600.0,2023,58.18,Hemat
Roda4,SUV,1781.2,4,127.4,1423.6,DCT,Bensin,Liquid-cooled,20.0,482910.0,10709.0,2015,8.06,Boros
Roda2,Matic,112.3,1,10.0,97.2,CVT,Bensin,Air-cooled,36.5,254527.0,13560.0,2023,46.38,Hemat
Roda2,Bebek,129.6,1,9.5,102.2,Manual,Bensin,Air-cooled,37.4,118240.0,11859.0,2023,42.0,Boros
Roda4,SUV,1686.9,4,124.6,1379.0,DCT,Hybrid,Liquid-cooled,67.7,434001.0,14429.0,2017,12.51,Hemat
Roda2,Sport,223.4,1,24.8,162.0,Manual,Bensin,Liquid-cooled,42.7,281938.0,13000.0,2018,28.0,Boros
Roda2,Sport Besar,513.5,4,57.8,231.9,Manual,Bensin,Liquid-cooled,18.5,78911.0,10540.0,2021,16.0,Boros
Roda2,Sport Besar,612.2,4,69.6,250.0,Manual,Bensin,Liquid-cooled,29.6,234084.0,12738.0,2020,16.0,Boros
Roda4,MPV,1438.5,4,96.0,1193.4,CVT,Bensin,Liquid-cooled,27.2,316930.0,10283.0,2026,10.87,Boros
Roda4,MPV,1352.0,4,85.0,1100.0,Manual,Diesel,Liquid-cooled,100.0,575498.0,7398.0,2020,15.5,Hemat
Roda4,City Car,1478.8,4,99.2,1087.9,CVT,Bensin,Liquid-cooled,40.2,310418.0,13254.0,2020,13.0,Boros
Roda4,MPV,1408.8,4,99.0,1230.3,Automatic,Bensin,Liquid-cooled,99.3,400075.0,13786.0,2019,10.54,Boros
Roda2,Bebek,102.0,1,7.0,93.4,Manual,Bensin,Air-cooled,61.2,286689.0,13048.0,2019,49.61,Hemat
Roda4,MPV,1420.6,4,92.3,1234.2,Manual,Diesel,Liquid-cooled,56.4,412747.0,6981.0,2016,13.09,Hemat
Roda4,MPV,1328.1,4,87.5,1100.0,CVT,Diesel,Liquid-cooled,76.6,333199.0,10290.0,2017,14.55,Hemat
Roda2,Sport,197.6,2,22.5,139.7,Manual,Bensin,Liquid-cooled,54.1,124238.0,12835.0,2025,33.94,Hemat
Roda2,Sport Besar,354.4,2,36.1,192.2,Manual,Bensin,Liquid-cooled,31.1,199417.0,13161.0,2026,19.64,Boros
Roda4,MPV,1704.8,4,122.9,1413.6,Manual,Bensin,Liquid-cooled,79.8,569643.0,13129.0,2023,9.0,Boros
Roda4,MPV,1682.5,4,117.2,1411.4,Manual,Diesel,Liquid-cooled,46.5,321025.0,11198.0,2026,11.34,Boros
Roda4,MPV,1613.9,4,119.6,1380.8,Manual,Bensin,Liquid-cooled,66.6,258546.0,11390.0,2018,9.0,Boros
Roda2,Matic,139.0,1,13.8,116.7,CVT,Bensin,Air-cooled,30.9,115756.0,10638.0,2024,35.0,Boros
Roda4,SUV,1704.4,4,126.9,1457.2,Manual,Bensin,Liquid-cooled,66.9,354339.0,10973.0,2025,8.16,Boros
Roda4,SUV,1824.3,4,131.2,1496.6,Automatic,Hybrid,Liquid-cooled,25.3,219701.0,14024.0,2016,8.7,Boros
